[{"type":"Feature","properties":{"Shape_Leng":9.39727903885,"Shape_Area":1.11482044641,"ADM1_EN":"Azad Kashmir","ADM1_PCODE":"PK1","ADM1_REF":null,"ADM1ALT1EN":null,"ADM1ALT2EN":null,"ADM0_EN":"Pakistan","ADM0_PCODE":"PK","date":"2022-09-02T00:00:00","validOn":"2022-09-09T00:00:00","validTo":null},"geometry":{"type":"Polygon","coordinates":[[[74.46634674100005,35.11059570300006],[74.46939849900008,35.11028671300005],[74.47451019300007,35.11192321800007],[74.47782897900004,35.11270141600005],[74.48188018800005,35.11297226000005],[74.48471832300004,35.11235809300007],[74.48713684100005,35.11128997800006],[74.48941040000005,35.11085891700003],[74.49079132100007,35.10973358200005],[74.49160766600005,35.109516144000054],[74.49434661900005,35.10845184300007],[74.49765777600004,35.10654830900006],[74.50114440900006,35.10432052600004],[74.50402832000003,35.10181045500008],[74.50681304900007,35.10056304900007],[74.50978088400007,35.099151611000025],[74.50797271700003,35.09545517000004],[74.50771331800007,35.09199905400004],[74.50859832800006,35.08848190300006],[74.51102447500006,35.08488845800008],[74.51534271200006,35.08104324300007],[74.51913452100007,35.07785415600006],[74.52508544900007,35.075794220000034],[74.52928924600008,35.07290267900004],[74.53239440900006,35.07085037200005],[74.53466033900008,35.06773757900004],[74.53698730500008,35.065567017000035],[74.53748321500007,35.06191253700007],[74.53776550300006,35.057956696000076],[74.53761291500007,35.05591201800007],[74.53520965600006,35.054615021000075],[74.53298187300004,35.05299377400007],[74.53118896500007,35.051010132000044],[74.52995300300006,35.047286987000064],[74.52903747600004,35.042758942000034],[74.52836608900003,35.03884887700008],[74.52853393600003,35.035999298000036],[74.53122711200007,35.033496857000046],[74.53413391100008,35.03129959100005],[74.53650665300006,35.029758453000056],[74.53786468500005,35.02732086200007],[74.53807830800008,35.025100708000025],[74.53986358600008,35.02327728300003],[74.54314422600004,35.02105712900004],[74.54664611800007,35.01914596600005],[74.54847717300004,35.01794815100004],[74.55103302000003,35.01623916600005],[74.55426025400004,35.01323318500005],[74.55803680400004,35.01241302500006],[74.56227111800007,35.01266861000005],[74.56362915000005,35.01544189500004],[74.56548309300007,35.01708221400003],[74.56787872300004,35.018379211000024],[74.57062530500008,35.01918411300005],[74.57254791300005,35.01924514800004],[74.57461547900004,35.01866531400003],[74.57543945300006,35.01688766500007],[74.57547760000006,35.01483535800003],[74.57633972200006,35.01100540200008],[74.57785034200003,35.00808715800002],[74.57987976100003,35.00451278700007],[74.58186049200003,35.00294157400003],[74.58349609400005,35.00164413500005],[74.58216095000006,35.00009918200004],[74.58058929400005,34.99859237700008],[74.57904052700007,34.997104645000036],[74.57668304400005,34.996299744000055],[74.57411956800007,34.99505233800005],[74.57218933100006,34.99389648400006],[74.57131958000008,34.99182510400004],[74.57185363800005,34.98859405500008],[74.57302093500005,34.98454284700006],[74.57277679400005,34.98124313400007],[74.57061767600004,34.97803878800005],[74.56757354700005,34.975826263000044],[74.56468963600008,34.97313690200008],[74.56487274200003,34.97044372600004],[74.56642150900007,34.96815490700004],[74.56726074200003,34.96653366100003],[74.56768035900006,34.96446228000008],[74.56598663300008,34.963397980000025],[74.56465911900005,34.96256256100003],[74.56275177000003,34.96013641400003],[74.56271362300004,34.956981659000064],[74.56569671600005,34.953361511000026],[74.56913757300003,34.949790955000026],[74.57269287100007,34.94866561900005],[74.57469940200008,34.94729995700004],[74.57354736300005,34.945789337000065],[74.57196807900004,34.943698883000025],[74.57041931200007,34.941364288000045],[74.57035064700005,34.937896729000045],[74.57032775900007,34.93505477900004],[74.56784820600006,34.932659149000074],[74.56481170700005,34.93044662500006],[74.56337738000008,34.92925643900003],[74.56643676800007,34.92910003700007],[74.56851196300005,34.928680420000035],[74.57054901100008,34.92778778100006],[74.57194519000006,34.92597961400003],[74.57176971400008,34.92362213100006],[74.57114410400004,34.92033767700008],[74.56955719000007,34.917106628000056],[74.56698608400006,34.91345214800003],[74.56575775100004,34.90988540600006],[74.56596374500003,34.90750503500004],[74.56794738800005,34.905826569000055],[74.57099340400003,34.90493814700005],[74.57188415500008,34.904678345000036],[74.57400512700008,34.903640747000054],[74.57921600300006,34.90668869000007],[74.58289337200006,34.90911102300004],[74.58566284200003,34.910934448000035],[74.59049224900008,34.91400146500007],[74.59442138700007,34.91661453200004],[74.59999084500004,34.91932678200004],[74.60324859600007,34.91931533800005],[74.60644531200006,34.91852188100006],[74.60979461700003,34.91724395800003],[74.61316680900006,34.91628265400004],[74.61700439500004,34.91461563100006],[74.61998748800005,34.913516998000034],[74.62445831300005,34.91186523400006],[74.62658691400003,34.91098785400004],[74.62962341300005,34.90923309300007],[74.63320159900007,34.908416748000036],[74.63493347200006,34.90734481800007],[74.63701629600007,34.90569686900005],[74.63917541500007,34.90384674100005],[74.64136505100004,34.90293502800006],[74.64514923100006,34.90180206300005],[74.64951324500004,34.90126037600004],[74.65353393600003,34.901210785000046],[74.65690612800006,34.90277481100003],[74.65916442900004,34.904708862000064],[74.66198730500008,34.90661239600007],[74.66416168200004,34.90744781500007],[74.66526794400005,34.90439224200003],[74.66624450700004,34.90213012700008],[74.66651916500007,34.89817047100007],[74.66916656500007,34.89772033700007],[74.67133331300005,34.896026611000025],[74.67336273200004,34.89245224000007],[74.67436981200007,34.88813781700003],[74.67506408700007,34.88462829600007],[74.67636108400006,34.88156509400005],[74.67739868200005,34.88008880600006],[74.68016052200005,34.87868499800004],[74.68174743700007,34.876865387000066],[74.68502807600004,34.874645233000024],[74.68743133500004,34.87357330300006],[74.69194030800008,34.87491607700008],[74.69561004600007,34.87535476700003],[74.69884491000005,34.875030518000074],[74.70006561300005,34.871944427000074],[74.70091247600004,34.870151520000036],[74.70183563200004,34.868198395000036],[74.70220947300004,34.865791321000074],[74.70251464800003,34.86379623400006],[74.70388793900008,34.859397888000046],[74.70566558800004,34.857570648000035],[74.70771789600008,34.85683441200007],[74.71094512900004,34.85650634800004],[74.71369934100005,34.857467651000036],[74.71740722700008,34.860904694000055],[74.72011566200007,34.86123657200005],[74.72277069100005,34.86093902600004],[74.72449493400006,34.85857391400003],[74.72623443600008,34.856178284000066],[74.72810363800005,34.852764130000025],[74.72821807900004,34.85012435900006],[74.72822570800008,34.84758758500004],[74.72588348400006,34.84329605100004],[74.72892761200006,34.84192657500006],[74.73266601600005,34.84024429300007],[74.73565673800005,34.83853912400008],[74.73730468700006,34.83707809400005],[74.73950195300006,34.83512496900005],[74.74257659900007,34.83259964000007],[74.74489593500005,34.829956055000025],[74.74730264600004,34.82752917500005],[74.74762725800008,34.82720184300007],[74.74995422400008,34.82400512700008],[74.75254821800007,34.82147216800007],[74.75556182900004,34.81992721600005],[74.75911712600004,34.817943573000036],[74.76184845000006,34.815959930000076],[74.76445007300003,34.812873840000066],[74.76539611800007,34.80957031200006],[74.76621246300004,34.80615615800008],[74.76633453400007,34.80241012600004],[74.76638793900008,34.79858017000004],[74.76658630400004,34.795364380000024],[74.76835632300003,34.79117965700004],[74.76957702600004,34.78633499100005],[74.77120971700003,34.78214645400004],[74.77271270800003,34.77928543100006],[74.77530670200008,34.77696991000005],[74.77639770500008,34.773994446000074],[74.77830505400004,34.770580292000034],[74.78007507300003,34.767608643000074],[74.78239440900006,34.76396942100007],[74.78553772000004,34.760665894000056],[74.78868103000008,34.75791168200004],[74.79141998300008,34.75592422500006],[74.79538726800007,34.75416183500005],[74.79949188200004,34.75261688200004],[74.82656271300004,34.72650190600007],[74.85676814600004,34.68862894100005],[74.86487877200005,34.679933009000024],[74.85389584900008,34.67819912700003],[74.835603,34.67754429100006],[74.78659178400005,34.68273059400008],[74.77213954900003,34.68271094800008],[74.76639663600008,34.68518950400005],[74.76312245500003,34.68433821600007],[74.73931915900005,34.68722277000006],[74.72807234700008,34.688584829000035],[74.70300194300006,34.693083554000054],[74.67130132200003,34.70069602500007],[74.65805726000008,34.71060042200003],[74.63883126900004,34.73353606000006],[74.63154621700005,34.737995495000064],[74.61816463900004,34.742147156000044],[74.61242827400008,34.74637085000006],[74.58017759100005,34.77009884000006],[74.57716207000004,34.76948656800005],[74.56529316400008,34.771870172000035],[74.56148529100005,34.774437130000024],[74.54406664800007,34.77653588000004],[74.51470051900003,34.774803838000025],[74.50657727600003,34.775533980000034],[74.48537367900008,34.78708529100004],[74.47713584000007,34.789648975000034],[74.47396970700004,34.790634503000035],[74.40561537300005,34.799529525000025],[74.37554127700008,34.80344309900005],[74.36753917900006,34.80256234500007],[74.34621443800006,34.79040858500008],[74.34125405300006,34.78968826500005],[74.33127435000006,34.79232398100004],[74.31509334700007,34.80025732100006],[74.30729752200006,34.800303160000055],[74.30277915200008,34.797539751000045],[74.28680442300004,34.77416537300007],[74.27975511100004,34.76827184700005],[74.26989655200003,34.76269264200005],[74.23901447700007,34.75207447300005],[74.23736495800006,34.75178916900006],[74.22748608600006,34.750080497000056],[74.22574749600005,34.747457878000034],[74.21050290900007,34.74017609900005],[74.20296574400004,34.736574500000074],[74.17473575500003,34.71735505800007],[74.15340475400006,34.69907095600007],[74.14897122500008,34.69527070700008],[74.14179094600007,34.69120090000007],[74.13269854500004,34.690241565000065],[74.11676638000006,34.69121072200005],[74.09716058400005,34.69289692600006],[74.09313989000003,34.694514371000025],[74.08653259300007,34.69369582600007],[74.08132009700006,34.69202271900008],[74.05970067900006,34.68508800400008],[74.04914144600008,34.68496685900004],[74.04171887700005,34.687317721000056],[74.02520160700004,34.700230985000076],[74.01289298800003,34.70985390900006],[73.99999926300006,34.70821681900003],[73.99098894400004,34.70558704300004],[73.98607744500003,34.704153560000066],[73.96022123800003,34.696678605000045],[73.95579769100004,34.692061042000034],[73.94155840600007,34.67719722800007],[73.92740304900008,34.64605609400007],[73.94155840600007,34.591957199000035],[73.94806747800004,34.57308809400007],[73.93509117700006,34.56664936300007],[73.90970365600003,34.55386568400007],[73.89534006700006,34.54666872700005],[73.88956358500008,34.52551744600004],[73.88668968000007,34.51499430000007],[73.89873539200005,34.49576503500003],[73.85480570600004,34.47334999200007],[73.83950495100004,34.46324466600004],[73.80725804900004,34.44194732200003],[73.80216459000007,34.43769045500005],[73.78070546400005,34.41945257900005],[73.77698497100005,34.416300662000026],[73.76883848800003,34.387206682000055],[73.76754462700006,34.38258584400006],[73.76432043900007,34.37107112500007],[73.76322031400008,34.359627862000025],[73.77255827100004,34.35055739100005],[73.77339319500004,34.34974638400007],[73.80740211300008,34.35671711600003],[73.82006597000003,34.349934329000064],[73.84175154600007,34.33831949200004],[73.84770185400004,34.34083422400005],[73.87941117600008,34.35423528600006],[73.89468221900006,34.35849627500005],[73.89940659900003,34.359814491000066],[73.91692370700008,34.344613276000075],[73.91992916600003,34.34231071900007],[73.94097232700005,34.30174034200007],[73.97622543400007,34.264807580000024],[73.97776633300003,34.25797054800006],[73.98202400900004,34.239079066000045],[73.97657904600004,34.21180186400005],[73.94477037700005,34.17019029700003],[73.93720389500004,34.16251554300004],[73.91708390300005,34.142107647000046],[73.90407558200008,34.122253013000034],[73.90426819800007,34.106212011000025],[73.90438008000007,34.09689448100005],[73.89934891500008,34.09104443200005],[73.88565176500003,34.075117903000034],[73.88465616200006,34.064830011000026],[73.88321577400006,34.049945999000045],[73.89816895900003,34.03282203300006],[73.92015176800004,34.032253043000026],[73.93438330600003,34.031884682000054],[73.93823920500006,34.03178487800005],[73.99999926300006,34.03018631700007],[74.00607286900004,34.02244615300003],[74.03890308200005,34.029109111000025],[74.04405991700008,34.029731206000065],[74.05665569100006,34.03124715200005],[74.06106601300007,34.03471123500003],[74.07607842400006,34.03641269800005],[74.08702699400004,34.03775949800007],[74.09592294400005,34.040319907000026],[74.10046423300008,34.04562735500008],[74.11498195200005,34.05378334000005],[74.12369454700007,34.055178141000056],[74.12513280300004,34.054766519000054],[74.13244643300004,34.05267339200003],[74.14922333700008,34.043024381000066],[74.15687428000007,34.040417225000056],[74.16141638700003,34.038869445000046],[74.18143473000003,34.03956684600007],[74.19634862400005,34.04008416600004],[74.20520205200006,34.03934559000004],[74.21467749000004,34.03855512400003],[74.22556414100006,34.03339828900005],[74.23722022600003,34.025527157000056],[74.24868640800008,34.01382196000003],[74.26274901500005,33.974286224000025],[74.26325323900005,33.955230491000066],[74.26358065700003,33.94262162000007],[74.26112502100005,33.924796978000074],[74.24555956500006,33.895005205000075],[74.21967389000008,33.86717466700003],[74.20762490400006,33.85939848700008],[74.20261845000005,33.85679701000004],[74.19227554300005,33.851422582000055],[74.17008969200003,33.83988436800007],[74.15067635000008,33.832812653000076],[74.14334945600007,33.83014367900006],[74.12979762100008,33.827560351000045],[74.10070436800004,33.82662417600005],[74.09001304700007,33.826280146000045],[74.08030388200007,33.823808651000036],[74.06574154300006,33.82010176600005],[74.05743029100006,33.81448962600007],[74.05276596400006,33.81134005800004],[74.05025160400004,33.80964092600004],[74.04904976900008,33.80882876100003],[74.03833010000005,33.79513613600005],[74.02859622800008,33.77646227900004],[74.02833402500005,33.77595925800006],[74.02397936500006,33.77204006300008],[74.02291948800007,33.77117989000004],[74.01752067800004,33.766798332000064],[73.99999926300006,33.75257833100005],[73.96646182700005,33.740323072000024],[73.95623655900005,33.720291632000055],[73.95656327400008,33.71984417900006],[73.97029853800007,33.701032988000065],[73.97570156500007,33.69363325000006],[73.97840705100003,33.68584271800006],[73.99999926300006,33.62366727600005],[74.01671780100008,33.594539234000024],[74.02844207300006,33.574678980000044],[74.04534994400007,33.56574701400007],[74.05390210500008,33.56507908100008],[74.07443122000006,33.568981905000044],[74.08184600900006,33.571230924000076],[74.08285636900007,33.57153738200003],[74.08835631200003,33.57320559800007],[74.09633549100005,33.56978735300004],[74.12339004900008,33.54321410000006],[74.13127925600008,33.53301006500004],[74.13129330500004,33.53299189300003],[74.14263895900007,33.51831722800006],[74.16113566400008,33.499235627000076],[74.178154,33.481679142000075],[74.18330597900007,33.47123200900006],[74.18534082800005,33.467105762000074],[74.18706632100003,33.455518436000034],[74.18293103000008,33.44196660100005],[74.18165737400005,33.43041201600005],[74.17929014100008,33.42568737300007],[74.17961379800005,33.41579525700007],[74.17970473400004,33.413015933000054],[74.18006284800003,33.40207070500003],[74.18421123500008,33.391039989000035],[74.18508216700008,33.383506098000055],[74.17010346200004,33.34625078200003],[74.17009624100007,33.34623282200005],[74.16685480200005,33.344140620000076],[74.11818856500008,33.286258263000036],[74.11817035300004,33.286236607000035],[74.11763076400007,33.28559498900006],[74.11580049700007,33.28112900600007],[74.10298207800008,33.27053703100006],[74.09069080300003,33.263648154000066],[74.07893976700007,33.260236457000076],[74.06829213000003,33.259990894000055],[74.06503432000005,33.25991558800007],[74.04799548200003,33.26447324800006],[74.03649983300005,33.264745005000066],[74.02438208900008,33.26245635200007],[74.02030900800008,33.25877617300006],[74.01558065300003,33.25293020700008],[74.01310580900008,33.24987040000008],[74.01214982000005,33.24466490200007],[74.01101688200004,33.23849589500003],[74.01125262300008,33.21875258400007],[74.01427469200007,33.19824966200002],[74.01822662900008,33.19318777900003],[74.02624509800006,33.18858755400004],[74.03366766600004,33.18810297500005],[74.05643304700004,33.186616497000045],[74.08283931700004,33.18074261600003],[74.09986833200003,33.17250805100008],[74.11170122200008,33.164440469000056],[74.14098265500007,33.138678593000066],[74.14485230500003,33.13527406500003],[74.14878132200005,33.133885812000074],[74.15702898400008,33.12586079400006],[74.17625497500006,33.10715539800003],[74.18104234800006,33.09702390600006],[74.19064172700007,33.076708789000065],[74.19925609700005,33.04686790300008],[74.20525439700003,33.04329577200008],[74.21645209600007,33.04299127300004],[74.22039748400005,33.044814992000056],[74.24203654600007,33.04729354700004],[74.25496628700006,33.048773476000065],[74.28319627600007,33.04319099800006],[74.28804439600003,33.04070197900006],[74.30787705200004,33.03051991700005],[74.32648422300008,33.02946235700006],[74.33792093700004,33.02594261200005],[74.34982913400006,33.01625103600003],[74.35169869100008,33.01313401600004],[74.35282828300006,32.99029005500006],[74.35317862100004,32.98313269500005],[74.34635850200004,32.965547069000024],[74.32071839000008,32.94142945200008],[74.31613781100003,32.93015644700006],[74.31803028700006,32.919695438000076],[74.32781354000008,32.913163447000045],[74.33686819800005,32.91091911700005],[74.34774675400007,32.90822270800004],[74.36833153000003,32.908442078000064],[74.38580256000006,32.90863852900003],[74.40605991800004,32.906971971000075],[74.41388848500003,32.90394662800003],[74.41689760800006,32.90101634700005],[74.41913699700007,32.898835631000054],[74.42505671700007,32.89305342700004],[74.42849788100006,32.88361068900008],[74.42933607100008,32.879501592000054],[74.42635984100008,32.85777740100008],[74.43005311700006,32.84466430600003],[74.44322187300008,32.828833641000074],[74.44443401600006,32.82686261200007],[74.44819535400006,32.82074641400004],[74.45063789300008,32.81680757400005],[74.45422312100004,32.80505326400004],[74.45749730200004,32.80158263200008],[74.46077803100007,32.793862113000046],[74.46166863900004,32.79169126100004],[74.45444576500006,32.79305666500005],[74.44694461700004,32.79305666500005],[74.44192718300008,32.791916583000045],[74.44070381100005,32.79160971500005],[74.43027576100008,32.78694376900006],[74.42268721000005,32.78188473500006],[74.42111132800005,32.780834147000064],[74.41975101800006,32.779855766000026],[74.41222520100007,32.77444294600008],[74.40083432500006,32.77055649300007],[74.39662667900006,32.77012694000007],[74.38722355500005,32.769168240000056],[74.37889076400006,32.76972157700004],[74.37166464700005,32.77110982900007],[74.36840714800007,32.77239907000006],[74.36675583700008,32.773052620000044],[74.35972698300003,32.77583447300003],[74.35299763900008,32.78052171000007],[74.35055600200008,32.78222240000002],[74.34332988400007,32.790001854000025],[74.34214739500004,32.79180481800006],[74.33750169600006,32.79888855300004],[74.33593374700007,32.80500688300003],[74.33472533700007,32.809722246000035],[74.33278047300007,32.81555683700003],[74.32860224200004,32.81537677600005],[74.32609459500003,32.815268709000065],[74.32110860900008,32.81689297600008],[74.31498857300005,32.81888667900006],[74.30652492300004,32.82358132500008],[74.30247465300005,32.825827943000036],[74.29838072800004,32.827706841000065],[74.28915528500005,32.831940839000026],[74.28545463000006,32.83332817500008],[74.27804598900008,32.83610559700003],[74.27415626200008,32.838600523000025],[74.26202704500008,32.84301020200007],[74.25888143200007,32.84415393900008],[74.25730905300003,32.84497436700008],[74.22692947500008,32.86082566400006],[74.22233278300007,32.862358896000046],[74.22192325200007,32.862495496000065],[74.21698685000007,32.86529408600006],[74.21360683200004,32.86721031700006],[74.21199228000006,32.86782107400006],[74.20332263000006,32.87110004400006],[74.19530173600003,32.87518923600004],[74.19013409600007,32.87782378900005],[74.18914870000003,32.878326161000075],[74.16831836100005,32.885827310000025],[74.16053890600006,32.889717037000025],[74.15710270000005,32.89100523400003],[74.14942961000008,32.89388179500003],[74.14767506800007,32.89502102900008],[74.14471479000008,32.89694315400004],[74.14308873800007,32.89767469000003],[74.13440968900005,32.90157926000006],[74.13053758600006,32.90332125900005],[74.12322072300003,32.90600026300007],[74.11081064500007,32.910544102000074],[74.10433735100008,32.91494419600008],[74.10304101400004,32.91582535600003],[74.09925226600006,32.91772005800004],[74.08415226300008,32.92527136800004],[74.07777415900006,32.92777284300007],[74.07587495900003,32.928210474000025],[74.06795178000004,32.93003620700006],[74.04887296300006,32.93443252700007],[74.04522638700007,32.935555101000034],[74.04118624300008,32.93679883300007],[74.03994608200003,32.93718060800006],[74.03113328800004,32.93989356900005],[74.02720770700006,32.94110203400004],[74.00277576800005,32.95166126700008],[73.99898948600008,32.95418215300003],[73.99026512300003,32.95999078400007],[73.98947345700003,32.96033130700005],[73.98637539600003,32.96166389000007],[73.98414567800006,32.96499700700008],[73.98279851300003,32.96605744400006],[73.98026904800008,32.968048543000066],[73.97486018700005,32.97421191800004],[73.97442463500005,32.974708228000054],[73.96447854700006,32.989303721000056],[73.96294564500005,32.99155319500005],[73.96083814800005,32.99464586400006],[73.95832859900008,32.99832852800006],[73.95416400300007,33.00749915100005],[73.95179924000007,33.00985129500003],[73.95109598400006,33.010550925000075],[73.95041240000006,33.012008550000076],[73.94914170500005,33.01471809000003],[73.94525168200005,33.01777025600006],[73.94220014500007,33.021935015000054],[73.92109757100008,33.03416417100004],[73.91854091900007,33.03464348400007],[73.90331924600008,33.03749719700005],[73.90215307600005,33.037554955000076],[73.89776623500006,33.03777222800005],[73.89109672800004,33.03749719700005],[73.88720385900007,33.03619446500005],[73.88610714200007,33.03582745400007],[73.88026573700006,33.03527075400007],[73.87363447500007,33.033567740000024],[73.86080994800005,33.030273898000075],[73.85748398600003,33.02776960500006],[73.84803797300003,33.02416145800004],[73.82587302500008,33.01355490000003],[73.82544075000004,33.013348044000054],[73.82249608700005,33.01193894000005],[73.81721483300004,33.01027565600003],[73.81540938000006,33.010055744000056],[73.80581740900004,33.008887403000074],[73.80222188300007,33.01089816800004],[73.78954445100004,33.01798790500004],[73.78166902300006,33.02108647700004],[73.77869676100005,33.022255908000034],[73.77393998300005,33.02332981600006],[73.76440413400007,33.038186436000046],[73.75860699300006,33.04721824000006],[73.75685134600008,33.04844615900004],[73.75572652800008,33.049232869000036],[73.75027420200007,33.05304628300007],[73.72622114700005,33.06175761600008],[73.70832081900005,33.068240606000074],[73.70561719800008,33.06921978100007],[73.69581475000007,33.072769949000076],[73.65693712400008,33.08110928800005],[73.64305132300007,33.08610568800003],[73.63902926600008,33.08845352600002],[73.63500138900008,33.09080476100007],[73.62831096000008,33.094710236000026],[73.62645904900006,33.10000252300006],[73.62442123300008,33.10582608100003],[73.62585935900006,33.11258479000003],[73.62637264400007,33.11499706200004],[73.62664767600006,33.12804467300003],[73.62728497500007,33.12902313600006],[73.63008702900004,33.13332520800003],[73.63179101000003,33.13594137700005],[73.63714263500003,33.138399037000056],[73.63769840700007,33.13865959900005],[73.64381420700005,33.14181260400005],[73.66116409200004,33.14927446300004],[73.66594750300004,33.15489629100006],[73.66858011200003,33.15799033300004],[73.66947209900007,33.18096459100008],[73.66988323600003,33.19155396200006],[73.66968696800006,33.19320584600007],[73.66944881900008,33.19521022400005],[73.66854073700006,33.202853067000035],[73.66706089200005,33.21530814500005],[73.66244000800003,33.21727813600006],[73.66096816100008,33.21790561900008],[73.66019493400006,33.218235263000054],[73.65792096300004,33.21997666900006],[73.65402965100003,33.222956632000034],[73.64921530400005,33.22256815900005],[73.64117500400005,33.21612072400006],[73.64006199500005,33.21916840500006],[73.64276926200006,33.232337364000045],[73.64012195600003,33.23345418700006],[73.63582899600004,33.23526526400008],[73.62824875000007,33.238463154000044],[73.62323597900007,33.244039084000065],[73.62351305200008,33.25252690700006],[73.62360268700007,33.25527279900007],[73.61773275200005,33.26683152900006],[73.61182545800006,33.27846382300004],[73.61202995300005,33.28098592600003],[73.61210259200004,33.28188181200005],[73.61232640800006,33.28464220300003],[73.61498039900005,33.28964169600005],[73.61584252100005,33.29135701100006],[73.60771308700004,33.29846252100003],[73.60661307200007,33.30174292300006],[73.60740573100003,33.30325031700005],[73.60919301700005,33.306647973000054],[73.60907621600006,33.30819119700004],[73.60893108200008,33.31010878300003],[73.60712354200007,33.31150308900004],[73.59863378300008,33.318051946000026],[73.60078490000006,33.324410347000025],[73.60720851600007,33.33332879300008],[73.60177533700005,33.33749248700008],[73.59887607200005,33.33971392700005],[73.59542037600005,33.33957809700007],[73.58944696400005,33.33934330300008],[73.58870743800003,33.339314235000074],[73.58471596100003,33.33915734500005],[73.57953715300005,33.35123473300007],[73.57440842300008,33.36319703000004],[73.57054136200003,33.37221660200004],[73.57056281400008,33.373037012000054],[73.57083271200008,33.383332567000025],[73.57470570300006,33.39180973400005],[73.57527250100003,33.393050336000044],[73.57778622700005,33.397280943000055],[73.58055048100005,33.40193318900003],[73.59259319800003,33.41441992400007],[73.59582453600007,33.41777040300008],[73.59443628300005,33.42943631000003],[73.59721310300006,33.43915425700004],[73.60219431400003,33.441969003000054],[73.60803068200005,33.44526697500004],[73.61304408900008,33.44709787900007],[73.62248291700007,33.450544955000055],[73.62664765200003,33.45971601200006],[73.62647404800003,33.46024955900003],[73.62589165900005,33.46203945600007],[73.62560999900006,33.46290510000006],[73.62303298000006,33.47082523200004],[73.61470018900008,33.47998966500006],[73.61058139300007,33.487705007000045],[73.60832218900003,33.49193695500003],[73.60912526000004,33.497420634000036],[73.61137371400008,33.51277086500005],[73.61360239500004,33.51516209300007],[73.61913997900007,33.52110355600007],[73.62419832000006,33.523237006000045],[73.63165389800008,33.52638153600003],[73.63065392100003,33.53136673700004],[73.62942418100005,33.53749738000005],[73.62613958100007,33.54292067200004],[73.62303298000006,33.54805006500004],[73.62315942000004,33.553218894000054],[73.62330473700007,33.55915936200006],[73.62692254900003,33.568886528000064],[73.61970641200008,33.57887975400007],[73.61053543100007,33.58582429200004],[73.60640491700008,33.59052378000007],[73.60247767100003,33.59499199900006],[73.59860114700007,33.60694243300003],[73.59322386900004,33.611501833000034],[73.58943333400003,33.61471566500006],[73.56887820100008,33.62416159700007],[73.57166693400006,33.63446089100006],[73.57609432100008,33.64332545900004],[73.57276775300005,33.65387814400003],[73.57326578500005,33.65858827500006],[73.57341728900008,33.66002112100006],[73.57388424900006,33.66443737800006],[73.57528440300007,33.66578685400003],[73.58166370300006,33.67193525300007],[73.59193463000008,33.67943627100004],[73.59309993600004,33.68137624700006],[73.59495610800008,33.68446662800005],[73.59536544100007,33.68506371800004],[73.59544929700007,33.68518603700005],[73.59693775700003,33.687765918000025],[73.59887607200005,33.69860018300005],[73.59912588500003,33.70907150000005],[73.59942613500004,33.72165696600007],[73.59721278800004,33.733604452000066],[73.59512535100004,33.73949235500004],[73.59269537200004,33.74634644400004],[73.59248487100007,33.74694019100008],[73.58304533700004,33.76065882200004],[73.58117486800006,33.76337720600003],[73.57765610600006,33.76849108000005],[73.57165453100004,33.77721326900007],[73.57024349500006,33.780514020000055],[73.56666467900004,33.78888572400007],[73.56608514900006,33.79999502100003],[73.56721474200003,33.81110431700006],[73.56814120000007,33.81359527400008],[73.57083271200008,33.82083190900005],[73.57143949800007,33.82413997400005],[73.57186016500003,33.82643335500006],[73.57193888200004,33.82686250000006],[73.57228636400004,33.82875689200006],[73.57276775300005,33.83138132000005],[73.57396009700005,33.83555101400003],[73.57554753300008,33.84110236300006],[73.57816554800007,33.848486308000076],[73.58157469200006,33.858275941000045],[73.58219331000004,33.860038608000025],[73.58276382700006,33.86166422000008],[73.58286038700004,33.86214474800005],[73.58471523900005,33.871375441000055],[73.58554033300004,33.881934675000025],[73.58360201800008,33.89443877200006],[73.58099506100007,33.89940810200005],[73.57777397600006,33.90554806800003],[73.57420387200006,33.90960849900006],[73.57336412300003,33.910563581000076],[73.56971664300005,33.91471201600007],[73.56597898200005,33.92059665600004],[73.56248355000008,33.92610010200008],[73.54962704300004,33.93970531000008],[73.54295419300007,33.94658262400003],[73.53979920400008,33.95010547500004],[73.53870858600004,33.951259605000075],[73.53255013400008,33.967877385000065],[73.52991992400007,33.975890598000035],[73.52915893600004,33.97804171000007],[73.52177020000005,33.99138348300005],[73.51997323300003,33.99462824900007],[73.51638635600006,34.00110504100007],[73.51397655800008,34.011238631000026],[73.51200752900007,34.017673063000075],[73.50942872100006,34.02610013900005],[73.50823448100004,34.033009037000056],[73.50721864900004,34.03888581600006],[73.50681449900003,34.04712999900005],[73.50669733400008,34.04952002400006],[73.50610215300003,34.06166101900004],[73.50138733200004,34.08610605500007],[73.49698114800003,34.09665136700005],[73.49581795100005,34.09943524500005],[73.49440549500008,34.107014734000074],[73.49430855700007,34.107534918000056],[73.49376537600006,34.110449725000024],[73.49359150700008,34.11138273200004],[73.48803849600006,34.12526853400004],[73.48731252600004,34.131501627000034],[73.48664697000004,34.13721602000004],[73.48705718900004,34.15626923000008],[73.48719703200004,34.16276445500006],[73.48805814300005,34.17071960200008],[73.48831025400006,34.17304865700004],[73.48797585600005,34.18035134400003],[73.48776346500006,34.18498959500005],[73.48332367600005,34.20860298900004],[73.48000045300006,34.219981322000024],[73.47943067500006,34.22193218000007],[73.47026643800007,34.245392544000026],[73.46499489700005,34.25888764100006],[73.46226458500007,34.25722484600004],[73.46394132000006,34.26961454900004],[73.46411765100004,34.27091717400003],[73.46470668300003,34.27526858900006],[73.45630765400006,34.280347162000055],[73.45332235500007,34.28360792800004],[73.44497646800005,34.288604328000076],[73.43537399700006,34.29575401900007],[73.43054060400004,34.29943859300005],[73.41415332800005,34.31610090000004],[73.41032678600004,34.32209186500006],[73.40971353800006,34.32305198600005],[73.40609884200006,34.331666357000074],[73.40461137300008,34.33805342900007],[73.40416052700004,34.33998932500003],[73.40294806300005,34.34225401600003],[73.40193081000007,34.344154083000035],[73.40054255700005,34.353325064000046],[73.39940598300007,34.35674282900004],[73.39915446400005,34.357499164000046],[73.39854077500007,34.36560906300008],[73.39804108300007,34.37221381400008],[73.39815751800006,34.37406224400007],[73.39837020000004,34.37743862600007],[73.39868836500006,34.38248958200006],[73.39972073800004,34.39887874400006],[73.40056915800005,34.40338930000007],[73.40081758800005,34.40471006100006],[73.40348906200006,34.41332195500007],[73.40374050200006,34.414310612000065],[73.40693703300008,34.42443700200005],[73.42004982200007,34.45048777200003],[73.42420558700007,34.45874390200004],[73.42469946500006,34.45971630200006],[73.42736218300007,34.46743135600008],[73.42785463200005,34.46876092100007],[73.43081563500004,34.474158714000055],[73.43220388800006,34.479155115000026],[73.43474716500003,34.495995581000045],[73.43483101500004,34.49655080100007],[73.43803520400007,34.51776753100006],[73.43809718700004,34.52008379600005],[73.43831023500007,34.52804518600004],[73.44063068000008,34.54602399200007],[73.44136177200005,34.54999529500003],[73.44275002500007,34.55499169500007],[73.44831940700004,34.563049455000055],[73.45555207200005,34.56832743500007],[73.46104379900004,34.57049387700005],[73.46470668300003,34.57193885600003],[73.47637913800008,34.57277049800007],[73.51939812500007,34.57251155900008],[73.52609102800005,34.573608689000025],[73.53911274400008,34.57718999400004],[73.54525808400007,34.578880120000065],[73.54942284200007,34.58138159400005],[73.55442906500008,34.58193820500003],[73.55970704500004,34.584433131000026],[73.57121172300003,34.58618130700006],[73.58166370300006,34.58776952200003],[73.58720361700006,34.58693788000005],[73.59248487100007,34.584717985000054],[73.59487001600007,34.58328633600007],[73.59725324200008,34.581855838000024],[73.60081438700007,34.57971831000003],[73.60904252700004,34.572667882000076],[73.61442515800007,34.568055678000064],[73.62498439200004,34.563881097000035],[73.63136249600007,34.563881097000035],[73.63342336000005,34.564273642000046],[73.63720690900004,34.56499431800006],[73.64109695200005,34.56693955600008],[73.64451165900005,34.57099020100003],[73.64999258600005,34.57749186700005],[73.65254351400006,34.58291517400005],[73.65443565000004,34.58693788000005],[73.66804642000005,34.62555029600003],[73.67248621000005,34.63499303400005],[73.67442452500006,34.645827299000075],[73.67414949400006,34.66110135400004],[73.67137298800003,34.668884082000034],[73.66609173400008,34.67666026200004],[73.66304019800003,34.67971834700006],[73.66252254900007,34.680904043000055],[73.66110188200008,34.684158136000065],[73.66360335700006,34.694435791000046],[73.66756090400008,34.698275899000066],[73.67276124100005,34.70332191800003],[73.67870789400007,34.70629730600007],[73.68220397900006,34.70804656100006],[73.68873333000005,34.71245334400004],[73.69331327500004,34.71554443600007],[73.69802809600003,34.71776433000008],[73.69842843100008,34.71844310200004],[73.69999587900008,34.72110072100003],[73.70359747800006,34.72470886800005],[73.70485152800006,34.72640113400007],[73.70915376300007,34.73220674300006],[73.71113319100004,34.73628527900007],[73.71165537800005,34.739621474000046],[73.71193026900005,34.741377724000074],[73.71345768100008,34.74387282500004],[73.71499490200006,34.74638394700003],[73.71581999600005,34.751936958000044],[73.72053497600007,34.76721123300007],[73.72271736000005,34.77022011100007],[73.72637922900003,34.77526877200006],[73.72926080000008,34.77785290800006],[73.73970187200007,34.78721625800006],[73.76027019900005,34.79943873000008],[73.77053810900003,34.80165867100004],[73.78831363800003,34.80193370200004],[73.79407250200006,34.802799314000026],[73.79942293400006,34.80360353400005],[73.80260805200004,34.80523002800004],[73.81248364200007,34.81027304100007],[73.81803295200007,34.81582042800005],[73.82192965400003,34.819715779000035],[73.82783132700007,34.82408348000007],[73.82943735100008,34.825272064000046],[73.83174923200005,34.826141577000044],[73.83387714100007,34.82694189600005],[73.84553649900005,34.82860518000007],[73.86637993600004,34.825553644000024],[73.87342370900006,34.82515615300008],[73.88610687600004,34.824440422000066],[73.89832939400003,34.82471545300007],[73.90775903500008,34.82666031700006],[73.91249022700003,34.82888021200006],[73.92387455400007,34.836937971000054],[73.92970264500008,34.84332265300003],[73.93386783400007,34.84582461800005],[73.93719392300005,34.84943552000004],[73.94720309400003,34.85305021600004],[73.94906411300008,34.853282672000034],[73.95165925400005,34.85360682700008],[73.96665827800007,34.85832819600006],[73.97187335800004,34.86044844400004],[73.97554113100006,34.861939617000075],[73.97774010800003,34.86368604000006],[73.98637539600003,34.87054416500007],[73.98942693200007,34.87499377700004],[73.99124279700004,34.87823963400007],[73.99859463900003,34.89138105300003],[74.00443905200007,34.905266855000036],[74.00735966100007,34.90930093600008],[74.01027036900007,34.91332134000004],[74.01544838400008,34.91839181200004],[74.02303967500006,34.92582543700007],[74.02840980400003,34.93009200400007],[74.03387394000003,34.93443325900006],[74.05164946800005,34.955551727000056],[74.05525106700003,34.97165742300007],[74.05464059900004,34.97985228500005],[74.05415421700008,34.98638141500004],[74.05442924800008,34.99166266900005],[74.05581742000004,34.99610220100004],[74.05725832500008,34.997278796000046],[74.06330882700007,35.002218629000026],[74.06805311500005,35.00388191300004],[74.06887386500006,35.004637229000025],[74.07137968300003,35.00694327200006],[74.07581947300008,35.00888813600005],[74.07843654200008,35.01119056400006],[74.08276401100005,35.01499775700006],[74.08907731000005,35.02345312400007],[74.08953829100005,35.02407051300003],[74.08901103900007,35.02427934000008],[74.08837268300005,35.02453217200008],[74.08734892300004,35.024936515000036],[74.08665373800005,35.029158590000065],[74.08521903300004,35.03202589000006],[74.08442729400008,35.03360820200004],[74.077211,35.04415761300004],[74.07026646200006,35.05027050900003],[74.06219560500006,35.06054816400007],[74.06025729000004,35.06944411300003],[74.06025729000004,35.07471554500006],[74.06084781900006,35.07781060800005],[74.06137063400007,35.080550394000056],[74.06180497000008,35.08147384000006],[74.06581030100006,35.089989599000035],[74.07012190500006,35.09468645700008],[74.07192974600008,35.09665583200007],[74.08221394800006,35.10555178200008],[74.08424076200004,35.10663952800007],[74.08998030600003,35.10971981400007],[74.09332324400003,35.11305293000004],[74.10220282300008,35.11776775100003],[74.10778116200004,35.11993091700003],[74.11591192200007,35.12305975800007],[74.13842773400006,35.10133361800007],[74.14139556900005,35.10023880000006],[74.14224243200005,35.09749984700005],[74.14289856000005,35.09448623700007],[74.14279174800004,35.090511322000054],[74.14620208700006,35.089923859000066],[74.14911651600005,35.089500427000075],[74.15248870800008,35.088344574000075],[74.15513610800008,35.08665466300005],[74.15756225600006,35.08426666300005],[74.15966796900005,35.082317352000075],[74.16074371300004,35.08042144800004],[74.16470336900005,35.08023071300005],[74.16818237300004,35.080490112000064],[74.17179107700008,35.08017730700004],[74.17544555700005,35.08057022100007],[74.17726135300006,35.08176040600006],[74.17954254200004,35.08222198500005],[74.18253326400003,35.08307266200006],[74.18672180200008,35.08358001700003],[74.18989563000008,35.08442306500007],[74.19512176500007,35.08502578700006],[74.19855499300007,35.084716797000056],[74.20182037400008,35.08441925000005],[74.20396423300008,35.08545303300008],[74.20503234900008,35.088241577000076],[74.20503997800006,35.09079742400007],[74.20619201700003,35.092449188000046],[74.20729193500006,35.090916424000056],[74.21112060500008,35.08880233800005],[74.21383667000003,35.088104248000036],[74.21618652300003,35.08713531500007],[74.21625518800005,35.085712433000026],[74.21623992900004,35.08301544200003],[74.21579742400007,35.07920074500004],[74.21565246600005,35.07480239900008],[74.21585845900006,35.07038879400005],[74.21578979500003,35.06698226900005],[74.21884918200004,35.06626510600006],[74.22225189200003,35.06553268400006],[74.22708129900008,35.065441132000046],[74.23114776600005,35.06666564900007],[74.23426818800004,35.06921386700003],[74.23604583700006,35.06998062100007],[74.23795318600008,35.066013336000026],[74.23808288600003,35.06293106100003],[74.23738861100003,35.05819702100007],[74.23709869400005,35.054454803000056],[74.23762512200005,35.05109405500008],[74.23927307100007,35.048763275000056],[74.24324035600006,35.04508972200006],[74.24501800500008,35.04222488400006],[74.24857330300006,35.03936004600007],[74.25391387900004,35.03902435300006],[74.26008606000005,35.03939437900004],[74.26624298100006,35.039875031000065],[74.27034759500003,35.040725708000025],[74.27426147500006,35.041725159000066],[74.27958679200003,35.045135498000036],[74.28163147000004,35.04691696200007],[74.28382110600006,35.04978942900004],[74.28574371300004,35.05400466900005],[74.28883361800007,35.05954361000005],[74.29125213600008,35.06178665200008],[74.29579162600004,35.06607437100007],[74.29949188200004,35.067394257000046],[74.30565643300008,35.066619873000036],[74.31579589800003,35.065727234000065],[74.32097625700004,35.063781738000046],[74.33126831100003,35.060321808000026],[74.33785247800006,35.06097412100007],[74.34151349800004,35.06040569400005],[74.35067749000007,35.058982849000074],[74.35766601600005,35.05927658100006],[74.36660766600005,35.05913162200005],[74.37507629400005,35.061256409000066],[74.37577056900005,35.06268692000003],[74.37965393100006,35.06875991800007],[74.38674926800007,35.07637023900003],[74.39081573500005,35.08361053500005],[74.39677429200003,35.087745667000036],[74.39870452900004,35.09017181400003],[74.40204620400004,35.093963623000036],[74.40495300300006,35.097774506000064],[74.40946960400004,35.09970855700004],[74.41358184800004,35.102024078000056],[74.41992950400004,35.104946136000024],[74.42491912800006,35.10683441200007],[74.42939758300008,35.11035919200003],[74.43019104000007,35.11393737800006],[74.43094635000006,35.117328644000054],[74.43171691900005,35.11954879800004],[74.43463134800004,35.125778198000035],[74.43598175000005,35.128593445000035],[74.43762921000007,35.131199819000074],[74.43946838400007,35.134109497000054],[74.44249725300006,35.134658813000044],[74.44641113300008,35.134468079000044],[74.44961547900004,35.134387970000034],[74.45194244400005,35.13376998900003],[74.45370483400006,35.131511688000046],[74.45521545400004,35.12815094000007],[74.45713806200007,35.12368011500007],[74.45931243900003,35.119312286000024],[74.46226501500007,35.11506271400003],[74.46634674100005,35.11059570300006]]]}},{"type":"Feature","properties":{"Shape_Leng":42.0624620194,"Shape_Area":31.9182953709,"ADM1_EN":"Balochistan","ADM1_PCODE":"PK2","ADM1_REF":null,"ADM1ALT1EN":null,"ADM1ALT2EN":null,"ADM0_EN":"Pakistan","ADM0_PCODE":"PK","date":"2022-09-02T00:00:00","validOn":"2022-09-09T00:00:00","validTo":null},"geometry":{"type":"MultiPolygon","coordinates":[[[[63.862609864000035,25.11428070000005],[63.85068512000004,25.112424850000025],[63.84397506700003,25.114507675000027],[63.840869904000044,25.118297578000067],[63.841747284000064,25.121021271000075],[63.86732101500007,25.129493713000045],[63.874114990000066,25.129241944000057],[63.87879180900006,25.12677192700005],[63.88038635300006,25.123039246000076],[63.87694168100006,25.11926269500003],[63.862609864000035,25.11428070000005]]],[[[64.10731506300004,25.41717529400006],[64.09048462000004,25.408407211000053],[64.08338165300006,25.407762528000035],[64.07167816200007,25.411428452000052],[64.06504821700008,25.41558837900004],[64.06715393000007,25.417345047000026],[64.08501434400006,25.415739060000078],[64.09293365400003,25.417501449000042],[64.10377502400007,25.427879333000078],[64.10839843700006,25.42953872700008],[64.12114715500007,25.426519393000035],[64.12450409000007,25.422712326000067],[64.10731506300004,25.41717529400006]]],[[[66.42353057900004,25.525558472000057],[66.42255401600005,25.521968841000046],[66.40270996100003,25.532464981000032],[66.39669036800007,25.537866593000047],[66.39339447000003,25.54421424900005],[66.39360809300007,25.54923820500005],[66.39531707800006,25.552022934000036],[66.40055847200006,25.553066254000044],[66.40975952100007,25.55802917500006],[66.41631317100007,25.55578231800007],[66.41994476300005,25.552164078000033],[66.42154693600008,25.547630310000045],[66.42076873700006,25.544673920000037],[66.41266632000003,25.53599548400007],[66.41490173400007,25.532739640000045],[66.42179107700008,25.528207778000024],[66.42353057900004,25.525558472000057]]],[[[66.35377502500006,25.553913116000047],[66.35279083300003,25.550531387000035],[66.34947967500005,25.552278518000037],[66.34859466600005,25.55621337900004],[66.34279632500005,25.56183242800006],[66.34386444100005,25.56354713500008],[66.34776306200007,25.563911438000048],[66.35163879400005,25.559888839000052],[66.35377502500006,25.553913116000047]]],[[[66.38414001400008,25.554502487000036],[66.38143158000008,25.553348541000048],[66.37980651800007,25.563106537000067],[66.38074493400006,25.56753158500004],[66.38415527400008,25.568504333000078],[66.38729095400004,25.565494538000053],[66.38414001400008,25.554502487000036]]],[[[66.19359588600008,25.55219650300006],[66.19756317100007,25.537313462000043],[66.19548797600004,25.53283882100004],[66.18365478500004,25.530050277000043],[66.17985534700006,25.532402039000033],[66.18063354500003,25.539747238000075],[66.17948913600003,25.54148674000004],[66.17888641300004,25.542392731000064],[66.17675781200006,25.543558121000046],[66.16980743400006,25.53992652900007],[66.16500854500003,25.539100647000055],[66.16239929200003,25.540662766000025],[66.16336059600008,25.54446411200007],[66.16707611100003,25.548381805000076],[66.18899536200007,25.561201096000048],[66.19692993200005,25.56821823200005],[66.20520019600008,25.573156357000073],[66.20618438800005,25.571943283000053],[66.20430755600006,25.568103791000055],[66.19722747800006,25.562377930000025],[66.19381713900003,25.556804657000043],[66.19359588600008,25.55219650300006]]],[[[66.38171386700003,25.580736160000072],[66.37882995600006,25.578531265000038],[66.36941528400007,25.58735084500006],[66.37090301600006,25.58991622900004],[66.37530517600004,25.584659576000035],[66.38171386700003,25.580736160000072]]],[[[66.36145019600008,25.585359573000062],[66.36085510200007,25.583454132000043],[66.35621643000007,25.584104538000076],[66.34998321500007,25.58907890300003],[66.35097503600008,25.592252732000077],[66.35424804700006,25.591339111000025],[66.36145019600008,25.585359573000062]]],[[[69.85400390600006,32.09807968100006],[69.85254669200003,32.09361267100007],[69.84510803200004,32.087196350000056],[69.84066009500003,32.082069397000055],[69.83477020300006,32.069610596000075],[69.82742309600008,32.05363845800002],[69.82299804700006,32.04565048200004],[69.81929016100008,32.042121887000064],[69.81818389900008,32.04020309400005],[69.81745910600006,32.036693573000036],[69.81411743200005,32.03380584700005],[69.80705261200006,32.02866363500004],[69.80294799800004,32.027046204000044],[69.79997253400006,32.02543258700007],[69.79998016400003,32.02415847800006],[69.80036926300005,32.02257156400003],[69.80602264400005,32.01846694900007],[69.81291198700006,32.01346969600007],[69.82006073000008,32.00905227700002],[69.82646942100007,32.00367736800007],[69.84525299100005,31.994558334000033],[69.85651397700008,31.990167618000044],[69.86401367200006,31.987981796000042],[69.87526702900004,31.983589172000052],[69.88052368200005,31.981708527000023],[69.88279724100005,31.978218079000044],[69.88282775900007,31.974395752000078],[69.88136291500007,31.969610214000056],[69.87876892100007,31.966728210000042],[69.87693786600005,31.962257385000044],[69.87548828100006,31.95619773900006],[69.87291717500005,31.95044899000004],[69.86849975600006,31.942140579000068],[69.86256408700007,31.936372757000072],[69.85738372800006,31.93028831500004],[69.85331726100003,31.924848557000075],[69.85259246800007,31.92134094200003],[69.85308075000006,31.90764617900004],[69.85313415500008,31.90159606900005],[69.85469818100006,31.89364051800004],[69.85582733200005,31.892055511000024],[69.86255645800003,31.892095566000023],[69.86719512900004,31.891693115000066],[69.87095642100007,31.88884925800005],[69.87696075400004,31.88538169900005],[69.88257598900003,31.88414001500007],[69.88780212400007,31.88512611400006],[69.89339447000003,31.88675117500003],[69.89898681600005,31.888376236000056],[69.90232086200007,31.891262054000038],[69.90750122100008,31.897979736000025],[69.91231536900005,31.90373992900004],[69.91638946500007,31.90885925300006],[69.92157745400004,31.91462135300003],[69.92601776100008,31.92101669300007],[69.93193817100007,31.92933082600007],[69.93565368700007,31.93189811700006],[69.93900299100005,31.93414688100006],[69.94571685800008,31.936094284000035],[69.95393371600005,31.937412262000066],[69.95954132100007,31.937440872000025],[69.96328735400004,31.936822891000077],[69.96331024200003,31.93309593200007],[69.96332550000005,31.931726456000035],[69.96336364700005,31.925674438000044],[69.96340179400005,31.92057800300006],[69.96157074000007,31.915153503000056],[69.95977783200004,31.904632568000068],[69.95684814500004,31.89633560200008],[69.95645312800008,31.894505566000078],[69.95429992700008,31.886447906000058],[69.95433044400005,31.882625580000024],[69.95434570300006,31.880079269000078],[69.95586395300006,31.876901627000052],[69.95701599100005,31.872766495000064],[69.95703125000006,31.87085533100003],[69.95592498800005,31.868938446000072],[69.95370483400006,31.865741730000025],[69.94924163800005,31.862850189000028],[69.94478607200006,31.859004974000072],[69.94181823700006,31.856122971000048],[69.93997192400008,31.853563309000037],[69.93925476100003,31.849737167000058],[69.93893432600004,31.843406677000075],[69.93975830100004,31.832580566000047],[69.94292450000006,31.80902671800004],[69.94523620600006,31.798847198000033],[69.94676208500005,31.794713974000047],[69.94902038600003,31.791858673000036],[69.95389556900005,31.788700104000043],[69.95690155000005,31.786167145000036],[69.95765686000004,31.78425979600007],[69.95767974900008,31.781393051000066],[69.95585632300003,31.775650024000072],[69.95177459700005,31.77212524400005],[69.94843292200005,31.770196915000042],[69.94661712600004,31.76286125200005],[69.94667053200004,31.75553512600004],[69.94708252000004,31.75044059800007],[69.94935607900004,31.745355606000032],[69.94976043700007,31.74089813200004],[69.95092773400006,31.73453521700003],[69.95136261000005,31.72593689000007],[69.95069122300004,31.716058731000032],[69.95008850100004,31.696929932000046],[69.94950866700003,31.673992157000043],[69.94669342000003,31.651361465000036],[69.94531250000006,31.636384964000058],[69.94551086400008,31.608991623000065],[69.94455719000007,31.587009430000023],[69.94372482400007,31.567887953000024],[69.94365692100007,31.56632804900005],[69.94037628200005,31.55739212000003],[69.93967437700007,31.551017761000026],[69.93971252400007,31.54560279800006],[69.94274139400005,31.539249420000033],[69.94725799600008,31.53194809000007],[69.95549011200006,31.525939941000047],[69.96148681600005,31.520236969000052],[69.96524047900004,31.51643371600005],[69.97120666500007,31.514554977000046],[69.97827911400003,31.51395416300005],[69.99130249000007,31.514019012000063],[70.00991821300005,31.51283645600006],[70.01513671900005,31.511587143000042],[70.01813507100007,31.508098602000075],[70.02078247100008,31.50142097500003],[70.02307891800007,31.491876602000048],[70.03022003200005,31.480125427000075],[70.03213501000005,31.47185325600003],[70.03819274900007,31.45531845100004],[70.04385376000005,31.44228553800008],[70.04429626500007,31.434968948000062],[70.04696655300006,31.42383194000007],[70.05041503900003,31.406967163000047],[70.05242405000007,31.39834850400007],[70.05308532700008,31.395511627000076],[70.05714416500007,31.389579773000037],[70.05831146200006,31.389484406000065],[70.06701037200008,31.38810293800003],[70.06939697300004,31.387723923000067],[70.07304382300003,31.388237],[70.07526397700008,31.389413834000038],[70.07756042500006,31.39245224000007],[70.07855987500005,31.39925956700006],[70.07873535200008,31.403602600000056],[70.08105468700006,31.407262802000048],[70.09059906000005,31.410087585000042],[70.09504699700005,31.412441254000044],[70.09736633300008,31.416099548000034],[70.09767150900007,31.423547745000064],[70.09727478000008,31.431638718000045],[70.09474945100004,31.44103431700006],[70.09497833300003,31.446619034000037],[70.09580230700004,31.449081421000074],[70.09799957300004,31.449636459000033],[70.10089874300007,31.449550629000044],[70.11094665500008,31.44676590000006],[70.11384582500006,31.446680069000024],[70.11586761500007,31.44289016700003],[70.11783599900008,31.43786048900006],[70.11840820300006,31.43411445600003],[70.12187957800006,31.430282593000072],[70.12470245400004,31.42833328200004],[70.12902069100005,31.427581787000065],[70.13124847400007,31.428758621000043],[70.13210296600005,31.43184089700003],[70.13365173300008,31.434278488000075],[70.13662719700005,31.436054230000025],[70.14234161400003,31.43401718100006],[70.14524078400007,31.43393135100007],[70.14958953900003,31.433799744000055],[70.15189361600005,31.43683815000003],[70.15274047900004,31.43991851800007],[70.15429687500006,31.44235801700006],[70.16159057600004,31.443380356000034],[70.16738891600005,31.443204880000053],[70.17103576700003,31.443716049000045],[70.17401123000008,31.44548988300005],[70.18009185800008,31.452140808000024],[70.18324279800004,31.458257675000027],[70.18782806400003,31.46371269200006],[70.19240570100004,31.469165802000077],[70.19766235400004,31.47335434000007],[70.20361328100006,31.476902008000025],[70.21324157700008,31.481578827000078],[70.22357177700007,31.485610962000067],[70.22888183600003,31.49104118300005],[70.23647308300008,31.49888610800008],[70.24102783200004,31.50371742200008],[70.24559021000005,31.508546829000068],[70.25211334200003,31.508346558000028],[70.25719451900005,31.508188248000067],[70.26078796400003,31.50745582600007],[70.26210784900007,31.50430679300007],[70.26190185500008,31.499341965000042],[70.26527404800004,31.476243973000066],[70.26749420200008,31.460018158000025],[70.27198791500007,31.44620704700003],[70.27645874000007,31.431774139000026],[70.27861785900006,31.414306641000053],[70.27862548800005,31.397527695000065],[70.27600097700008,31.38349342300006],[70.27330017100007,31.371149063000075],[70.26850128200005,31.343334198000036],[70.26634216300005,31.32662200900006],[70.26582336400008,31.314210892000062],[70.26805877700008,31.298604965000038],[70.26786041300005,31.276861191000023],[70.27017974900008,31.263118744000053],[70.27203369100005,31.255603790000066],[70.27179718000008,31.250017166000077],[70.27006530800003,31.243236542000034],[70.26337432900004,31.239093781000065],[70.25885009800004,31.23488616900005],[70.25724792500006,31.231206894000024],[70.25711822500006,31.22810363800005],[70.25765991200007,31.223737717000063],[70.26186370800008,31.22049903900006],[70.26679229700005,31.217239380000024],[70.27024841300005,31.21340179400005],[70.26846313500005,31.20659637500006],[70.26248168900008,31.201124191000076],[70.26737213100006,31.188756943000044],[70.28751373300008,31.165496826000037],[70.29273986800007,31.159461975000056],[70.29238891600005,31.15491485600006],[70.29228973400006,31.142606735000072],[70.29398345900006,31.12118911700003],[70.29478454600007,31.104860306000035],[70.29438018800005,31.09523582500003],[70.29146575900006,31.08133888200007],[70.28763580300006,31.06958770800003],[70.28256988500004,31.059183121000046],[70.27375793500005,31.046123505000025],[70.26997375500008,31.040258408000057],[70.26837158200004,31.033845901000063],[70.26607513400006,31.01914215100004],[70.26506042500006,31.008176804000072],[70.26466369600007,30.999935150000056],[70.26519016500004,30.987621088000026],[70.265625,30.964609146000043],[70.26547241200007,30.944810867000058],[70.26376342800006,30.92528724700003],[70.26248931900005,30.92074585000006],[70.25830078100006,30.90313530000003],[70.25416564900007,30.890583038000045],[70.25255584700005,30.882833481000034],[70.25344848600008,30.877477646000045],[70.25558471700003,30.87238121000007],[70.26053619400005,30.870212555000023],[70.26734109800003,30.867497556000046],[70.26950073200004,30.865343094000025],[70.27069854700005,30.859985352000024],[70.26971435500008,30.852766037000038],[70.26716613800005,30.84528923000005],[70.26435852100008,30.843700409000064],[70.25784301800007,30.84320259100008],[70.23238372800006,30.843347549000043],[70.22679901100008,30.843111038000075],[70.22398376500007,30.840450287000067],[70.22240448000008,30.83724784900005],[70.22078704800003,30.827892303000056],[70.21866607700008,30.805173874000047],[70.21576690700005,30.790206909000062],[70.21262359600007,30.785139084000036],[70.20980835000006,30.781408310000074],[70.20668792700008,30.779285431000062],[70.20109558100006,30.777709961000028],[70.19209289600008,30.776687622000054],[70.17689514200003,30.776765823000062],[70.17068481400008,30.77626228300005],[70.16819000200007,30.774669647000053],[70.16569519000006,30.77227401700003],[70.16318512000004,30.76827430700007],[70.16127014200003,30.759988785000075],[70.15995788600003,30.74929237400005],[70.15991973900003,30.743406296000046],[70.15865325900006,30.739934921000042],[70.15615844700005,30.73727226300008],[70.15304565400004,30.735950470000034],[70.14933013900003,30.735967636000055],[70.14126586900005,30.73574066200007],[70.13104248000008,30.737394333000054],[70.12639617900004,30.738485336000053],[70.12391662600004,30.73849868800005],[70.11563110400004,30.739379883000026],[70.11190795900006,30.73913002000006],[70.10880279500003,30.73780632000006],[70.10599517800006,30.735677719000023],[70.10349327000006,30.732211591000066],[70.10222625700004,30.727668762000064],[70.10092926000004,30.71804237400005],[70.10027313200004,30.71216011000007],[70.09838867200006,30.707620621000046],[70.09557597400004,30.70388775300006],[70.09183502200005,30.70042610200005],[70.08872222900004,30.697496414000057],[70.08714294400005,30.69295501700003],[70.08647918700007,30.68519783000005],[70.08705139200003,30.677436829000044],[70.08947753900003,30.66832923900006],[70.09221649200003,30.66055870100007],[70.09370422400008,30.64985084500006],[70.09489440900006,30.641819],[70.09482574500004,30.628730774000076],[70.09258270300006,30.61589813200004],[70.08563232400007,30.592920303000028],[70.07778167700008,30.573692322000056],[70.06901550300006,30.556341171000042],[70.06494140600006,30.547262192000062],[70.05520629900008,30.52913093600006],[70.04833221400008,30.516851425000027],[70.04394531200006,30.505098343000043],[70.03894043000008,30.49548912000006],[70.02867126500007,30.483489990000066],[70.01872253400006,30.472293854000043],[70.00475311300005,30.460575104000043],[70.00194549600008,30.456573486000025],[70.00038147000004,30.45176315300006],[69.99777221700003,30.445629120000035],[69.99649047900004,30.43653869600007],[69.99613952600004,30.426910400000054],[69.99697876000005,30.409519196000076],[69.99661254900008,30.398284912000065],[69.99502563500005,30.388927460000048],[69.99344635000006,30.381175995000035],[69.98876953100006,30.372631073000036],[69.98036193800004,30.357681274000072],[69.97692871100003,30.351570129000038],[69.97443389900008,30.34676361100003],[69.97286224400005,30.340616226000066],[69.96912384000007,30.333406448000062],[69.96478271500007,30.327804565000065],[69.96117024900008,30.322636412000065],[69.95979309100005,30.317388535000077],[69.95912170400004,30.30455207800003],[69.95909118700007,30.297863007000046],[69.96061706500006,30.293846130000077],[69.96308136000005,30.29303550700007],[69.96646881100008,30.292488098000035],[69.97080230700004,30.29541587800003],[69.97452545200008,30.298881531000063],[69.97792816200007,30.30127716100003],[69.98133087200006,30.302333832000045],[69.98317718500005,30.302328110000076],[69.98409271200006,30.299917221000044],[69.98406219500004,30.293764114000055],[69.98184967000003,30.282804489000057],[69.97841644300007,30.27399063100006],[69.97375488300008,30.26678466800007],[69.97132110600006,30.262559891000024],[69.97099304200003,30.258281708000027],[69.97282409700006,30.253459930000076],[69.97805786100008,30.251033783000025],[69.98236846900005,30.25075149500003],[69.98762512200005,30.25340843200007],[69.99134063700006,30.25660324100005],[69.99569702100007,30.26327514600007],[70.00035858200005,30.270214081000063],[70.00345611600005,30.273410797000054],[70.00717163100006,30.275270462000037],[70.01242065400004,30.277389526000036],[70.01797485400004,30.277368546000048],[70.02167511000005,30.27735519400005],[70.03062439000007,30.276784897000027],[70.03524780300006,30.275962830000026],[70.03987121600005,30.275142670000037],[70.04604339600007,30.275117874000046],[70.05622100800008,30.275075912000034],[70.05992126500007,30.27506065400007],[70.06669616700003,30.273159027000077],[70.07234273500006,30.271277819000034],[70.07530212400007,30.267236710000077],[70.07621002200005,30.26455879200006],[70.07620239300007,30.262418747000027],[70.07247161900005,30.25735282900007],[70.06407928500005,30.24561882000006],[70.05165100100004,30.22988891600005],[70.04763031000005,30.22669410700007],[70.04268646200006,30.225111008000056],[70.03620147700008,30.224065781000036],[70.03034210200008,30.223554611000054],[70.02416992200006,30.22197341900005],[70.02075958300003,30.219312668000043],[70.01889801000004,30.21637725800008],[70.01734161400003,30.212905884000065],[70.01607513400006,30.206224442000064],[70.01632690400004,30.195524216000024],[70.01506042500006,30.189910889000032],[70.01320648200004,30.18804550200008],[70.01042938200004,30.186986923000063],[70.00549316400003,30.18673706100003],[70.00271606400008,30.18567848200007],[69.99900054900007,30.182481766000024],[69.99713134800004,30.179012299000078],[69.99648284900007,30.17236900300003],[69.99427795400004,30.16247940100004],[69.99146270800003,30.153129578000062],[69.98741912800006,30.14592170700007],[69.98554229700005,30.139509201000067],[69.98488616900005,30.131486893000044],[69.98484039300007,30.121322632000044],[69.98603820800008,30.11463165300006],[69.98754119900008,30.10606765700004],[69.98657226600005,30.097780228000033],[69.98531341600005,30.09163284300007],[69.98184204100005,30.082889557000044],[69.97966003400006,30.076745987000038],[69.97655487100008,30.071140289000027],[69.97252737000008,30.066339821000042],[69.96942901600005,30.061000824000075],[69.96633148200004,30.057268143000044],[69.96231079100005,30.053001404000042],[69.95613861100003,30.048475266000025],[69.94657135000006,30.04289054900005],[69.94316864000007,30.038890839000032],[69.94069671600005,30.035957336000024],[69.93914032000004,30.03275108300005],[69.92247009300007,30.001712799000074],[69.91865539600008,29.98862457300004],[69.91101837200006,29.962451935000047],[69.89250946000004,29.91480636600005],[69.87768262800006,29.898789833000023],[69.85595703100006,29.876155853000057],[69.83580017100007,29.861467361000052],[69.81387329100005,29.817605972000024],[69.81182861300005,29.810251236000056],[69.80249023400006,29.792755127000078],[69.79418945300006,29.778017044000023],[69.78900146500007,29.76880645800003],[69.78271484400005,29.764177322000023],[69.77536010700004,29.762292862000038],[69.76908874500003,29.75766372700008],[69.76071167000003,29.752101898000035],[69.75339508100006,29.745628357000044],[69.74611663800005,29.735483170000066],[69.73987579300007,29.727182388000074],[69.73258209200003,29.71887207000003],[69.72209930400004,29.714210510000044],[69.70422363300008,29.712249756000062],[69.69687652600004,29.710363388000076],[69.69062042200005,29.703893661000052],[69.67697906500007,29.700122833000023],[69.66648101800007,29.697294235000072],[69.65496063200004,29.691701889000058],[69.64600486400008,29.68526110600004],[69.64034271200006,29.680578232000073],[69.63514709500004,29.674114227000075],[69.62889875100007,29.66872468400004],[69.62586212200006,29.65568733200007],[69.61865997300004,29.64002990700004],[69.61131286600005,29.63905525200005],[69.60292053200004,29.637153625000053],[69.59662628200005,29.635267258000056],[69.59146881100008,29.626049042000034],[69.59259796100008,29.618715286000054],[69.60005950900006,29.608680725000056],[69.60333252000004,29.596775055000023],[69.59894561800007,29.579391479000037],[69.59770965600006,29.56435775800003],[69.59783935500008,29.551769257000046],[69.59805297900004,29.531063080000024],[69.59455108600008,29.510837555000023],[69.59183502200005,29.503913879000038],[69.58634185800008,29.496154785000044],[69.57991027800006,29.48920059200003],[69.57439422600004,29.48387718200007],[69.56952097900006,29.475527938000027],[69.56575012200005,29.46715736400006],[69.56351470900006,29.45861244200006],[69.56313324000007,29.450895309000032],[69.56283569300007,29.43586921700006],[69.56249237100008,29.424497604000067],[69.56259918200004,29.414754868000045],[69.56451416000004,29.409086227000046],[69.56687164300007,29.405857086000026],[69.57153320300006,29.403865814000028],[69.57662963900003,29.404312134000065],[69.58403015100004,29.407215118000067],[69.58908844000007,29.41131591800007],[69.59553527800006,29.416238785000075],[69.60059356700003,29.42115211500004],[69.60566711400003,29.424034119000055],[69.60984802200005,29.424066544000027],[69.61495971700003,29.42329597500003],[69.61963653600003,29.42049026500007],[69.62757873500004,29.414867401000038],[69.64116668700007,29.402383804000067],[69.65252685500008,29.38914299000004],[69.65582275400004,29.383888245000037],[69.65974509700004,29.378871530000026],[69.66763305700005,29.362459183000055],[69.66909027100007,29.355567932000042],[69.66636657700008,29.349456787000065],[69.66040039100005,29.34291648900006],[69.65119171100008,29.33554077100007],[69.64568328900003,29.329814911000028],[69.64202117900004,29.32532119800004],[69.63883209200003,29.31920623800005],[69.63980865500008,29.314342499000077],[69.64030456500006,29.31109809900005],[69.64403533900008,29.30869102500003],[69.65331268300008,29.308761597000057],[69.66211700400004,29.308826447000058],[69.66723632800006,29.30724144000004],[69.67142486600005,29.305242538000073],[69.67707061800007,29.297163010000077],[69.68222808800004,29.29111099200003],[69.68278503400006,29.28096580500005],[69.68241119400005,29.271221161000028],[69.68247222900004,29.26513099700003],[69.68436431900005,29.261085510000044],[69.68670654300007,29.25866699200003],[69.69042205800008,29.257474899000044],[69.69505310100004,29.257915497000056],[69.69874572800006,29.259565353000028],[69.70104217500005,29.261611938000044],[69.70471954300007,29.265291214000058],[69.71254730200008,29.270624161000057],[69.72083282500006,29.27677154500003],[69.72865295400004,29.283321381000064],[69.73647308300008,29.290275574000077],[69.74569702100007,29.295209885000077],[69.75216674800004,29.298095703000058],[69.75817871100003,29.299354553000057],[69.76374816900005,29.298578262000035],[69.76654052700007,29.29778480500005],[69.76843261700003,29.29333114600007],[69.76897430400004,29.284404755000025],[69.76717376700003,29.277490616000023],[69.76076507600004,29.268516541000054],[69.75175476100003,29.25230598400003],[69.74718475300006,29.244562149000046],[69.74401855500008,29.236421585000073],[69.74365234400005,29.224645615000043],[69.74238586400003,29.21124076800004],[69.74338531500007,29.20312881500007],[69.74622345000006,29.19584083600006],[69.74811554000007,29.191793442000062],[69.75045013400006,29.18896865800008],[69.75233459500004,29.185733795000033],[69.75191497800006,29.18045425400004],[69.75012207000003,29.173946381000064],[69.74509429900007,29.166200638000078],[69.73961639400005,29.157232285000077],[69.73459625200007,29.14989090000006],[69.73003387500006,29.142147064000028],[69.72411346400008,29.131147385000077],[69.71679687500006,29.121759415000042],[69.71268463100006,29.11564254800004],[69.71091461200007,29.10710525500008],[69.70992279100005,29.099020004000067],[69.70812225300006,29.093324661000054],[69.70630645800003,29.089658737000036],[69.70217895500008,29.086381912000036],[69.69342041000004,29.082666397000025],[69.68560028100006,29.07855033900006],[69.67498016400003,29.07603645300003],[69.66484069800003,29.07271575900006],[69.65608978300008,29.068996429000038],[69.65057373000008,29.065708160000042],[69.64691162100007,29.061214447000054],[69.64280700700004,29.055906296000046],[69.63916778600003,29.049791336000055],[69.63415527300003,29.042446136000024],[69.62821960400004,29.03509521500007],[69.62362670900006,29.031406403000062],[69.61768341100003,29.025270462000037],[69.61357116700003,29.020368576000067],[69.60890139100007,29.011509097000044],[69.60493469200003,29.00650024400005],[69.59852600100004,29.00036048900006],[69.59396362300004,28.99423599200003],[69.59082031200006,28.986093521000043],[69.58858490000006,28.978364944000077],[69.58635711700003,28.970634460000042],[69.58119964600007,28.96012496900005],[69.57434082000003,28.95397949200003],[69.56557464600007,28.95269012500006],[69.55911254900008,28.952636719000054],[69.55541992200006,28.95179557800003],[69.55221557600004,28.94933319100005],[69.54952240000006,28.942409515000065],[69.54589843700006,28.935480118000044],[69.54181671100008,28.928546906000065],[69.53587341300005,28.923625946000072],[69.52990722700008,28.919921875000057],[69.52302551300005,28.915803909000033],[69.51430511500007,28.911264420000066],[69.50741577100007,28.90795898400006],[69.50008392300003,28.90302276600005],[69.49277496300004,28.896465302000024],[69.48960113500004,28.891567230000078],[69.48873138400006,28.88669014000004],[69.48878479000007,28.88222503700007],[69.48800659200003,28.869638443000042],[69.48760986300005,28.863952637000068],[69.48307800300006,28.856607437000036],[69.48313903800005,28.851737976000038],[69.48317718500005,28.848491669000055],[69.48460388200004,28.84444618200007],[69.48648071300005,28.841621399000076],[69.49065399200003,28.84003639200006],[69.49620056200007,28.839273453000033],[69.50405120800008,28.83812522900007],[69.51191711400003,28.83657074000007],[69.51795196500007,28.832969666000054],[69.52166748000008,28.83056831400006],[69.52541351300005,28.825729370000033],[69.53198242200006,28.815288544000055],[69.53530120800008,28.80760765100007],[69.53767395000006,28.80113410900003],[69.53775787400008,28.79342460600003],[69.53555297900004,28.784479141000077],[69.53291320800008,28.773094177000075],[69.52430725100004,28.758817673000067],[69.51387786900005,28.74371337900004],[69.50390625000006,28.72861099200003],[69.49573516800007,28.717988968000043],[69.48711395300006,28.706146240000066],[69.48439850900007,28.701897549000023],[69.46927642800006,28.67359924300007],[69.46247863800005,28.664205551000066],[69.45117950400004,28.645843506000062],[69.43941497800006,28.628692627000078],[69.42949676500007,28.611558914000057],[69.42092132600004,28.59768295300006],[69.41134643600003,28.590288162000036],[69.39804840100004,28.586509705000026],[69.38659668000008,28.582746506000035],[69.37242889400005,28.57530403100003],[69.35775756800007,28.571100235000074],[69.34404754600007,28.56406593300005],[69.33279418900008,28.558368683000026],[69.32469177200005,28.554906845000062],[69.32193756100008,28.54961204500006],[69.32131958000008,28.54354667700005],[69.32756042500006,28.533136368000044],[69.33274841300005,28.523046494000027],[69.33840942400008,28.51215171800004],[69.34038543700007,28.501216888000044],[69.34462738000008,28.493551254000067],[69.34796905500008,28.483848572000056],[69.35324859600007,28.466457367000032],[69.36376190200008,28.445636749000073],[69.34470367400007,28.446115494000026],[69.32254786600004,28.446165445000076],[69.31587219200003,28.446180344000027],[69.29437255900007,28.44600868200007],[69.28485475600007,28.44613296500006],[69.27507019000006,28.446260452000047],[69.26417645100008,28.445615891000045],[69.25616455100004,28.44516372700008],[69.24605560300006,28.444562912000038],[69.23089599600007,28.44458961500004],[69.21700286900005,28.444595337000067],[69.21511077900004,28.44462204000007],[69.20499420200008,28.444202423000036],[69.19530487100008,28.443777084000033],[69.18792724600007,28.443506241000023],[69.17490387000004,28.442586899000048],[69.16288757300003,28.44163131700003],[69.14414215100004,28.440950394000026],[69.12800636600008,28.44062131900006],[69.12750265700004,28.440611061000027],[69.11654663100006,28.439825058000054],[69.10430908200004,28.43812370300003],[69.09524536100008,28.437496185000043],[69.08745575000006,28.437223434000032],[69.08155059800004,28.436555862000034],[69.07163238500004,28.435379028000057],[69.06918204300007,28.435077086000035],[69.06615448000008,28.434703827000078],[69.05522155800003,28.434459686000025],[69.03710174600008,28.433382034000033],[69.01814270000006,28.432312012000068],[69.00971984900008,28.431856155000048],[69.00128936800007,28.431215286000054],[68.99122320800006,28.43120613600007],[68.986763,28.431201935000047],[68.96401977500005,28.43054199200003],[68.94612121600005,28.430006027000047],[68.92948913600003,28.429452896000043],[68.92007488800004,28.43022006800004],[68.91313934300007,28.43045425400004],[68.90727233900003,28.43097496000007],[68.89949798600003,28.431468964000032],[68.89152526900006,28.431964874000073],[68.88446044900007,28.43200302100007],[68.86972808800004,28.431808472000057],[68.85846710200008,28.431234360000076],[68.84884643600003,28.430650711000055],[68.83953094500004,28.430696487000034],[68.83558801000004,28.430715860000078],[68.83389775600006,28.430724165000072],[68.83124350500003,28.43073720600006],[68.82633209200003,28.430761337000035],[68.81353759800004,28.43109321600008],[68.79763927800008,28.43137749300007],[68.78407287600004,28.43068695100004],[68.76963806200007,28.430028915000037],[68.75714874300007,28.429811478000033],[68.74620056200007,28.429946899000072],[68.73031609600008,28.43014130000006],[68.72420501700003,28.43021583600006],[68.72274845400005,28.430196316000035],[68.70854950000006,28.430006027000047],[68.69554901100008,28.429965973000037],[68.67774963400007,28.43030357400005],[68.66598510700004,28.43042373700007],[68.64520879300005,28.43067747300006],[68.63800764600006,28.430541608000055],[68.62975311300005,28.430456161000052],[68.60909128900005,28.430522414000052],[68.58866390200006,28.430854672000066],[68.57511138900003,28.430801392000035],[68.55505371100003,28.431306839000058],[68.53755950900006,28.431531906000032],[68.52674102800006,28.43129158000005],[68.52252960200008,28.431295395000063],[68.51784492700006,28.431400151000048],[68.50465998000004,28.43162798800006],[68.50370788600003,28.43164444000007],[68.49133300800008,28.43137359600007],[68.47918701200007,28.431659698000033],[68.47068786600005,28.431472778000057],[68.46710205100004,28.431179047000057],[68.46463012700008,28.430130005000024],[68.45850372300004,28.42568588300003],[68.44819641100008,28.418605804000038],[68.43421078800003,28.409013451000078],[68.42304229700005,28.401472092000063],[68.41286464600006,28.394502742000043],[68.40912628200005,28.391237259000036],[68.40522766100008,28.387615204000042],[68.40379860500008,28.385393751000038],[68.40176391600005,28.38223266600005],[68.39907074000007,28.375764847000028],[68.39366149900007,28.36415100100004],[68.38939084700007,28.35498960900003],[68.38871765100004,28.353544235000072],[68.38233184800004,28.34026908900006],[68.37873289600003,28.332785182000066],[68.37443542500006,28.323848724000072],[68.37273518800004,28.32014823000003],[68.36997222900004,28.31413650500008],[68.36809539800004,28.309894562000068],[68.36348724400005,28.299964905000024],[68.35912323000008,28.29102706900005],[68.35611724900008,28.287202835000073],[68.35343933100006,28.284820557000046],[68.35037174000007,28.28287123800004],[68.34664917000003,28.281902313000046],[68.33784484900008,28.279708862000064],[68.32350700200004,28.275383670000053],[68.32237243700007,28.27504158000005],[68.31123218700003,28.271797082000035],[68.30514842400004,28.27016898000005],[68.29378509500003,28.267127991000052],[68.28836226300007,28.265570195000066],[68.28289032000004,28.263998032000075],[68.27137756300004,28.260520935000045],[68.25962829600007,28.25681686400003],[68.247612,28.253658295000037],[68.23522949200003,28.250156403000062],[68.22508239700005,28.247215271000073],[68.21234130900007,28.243482590000042],[68.20899963400007,28.242517471000042],[68.20770263700007,28.241149902000075],[68.20534515400004,28.239809036000054],[68.20337677000003,28.23835563700004],[68.19656372100008,28.23329162600004],[68.19009399400005,28.228033066000023],[68.18528747600004,28.22431755100007],[68.18302546500007,28.22230352400004],[68.17469024700006,28.215856552000048],[68.16888427700007,28.21131515500008],[68.16007232700008,28.204298019000078],[68.15438842800006,28.199655533000055],[68.14027370500008,28.188632561000077],[68.12777710000006,28.179023743000073],[68.11785125700004,28.171276093000074],[68.10871124300007,28.16404724100005],[68.09681701700003,28.154750824000075],[68.09009716100007,28.149302053000042],[68.08345031700003,28.14391136200004],[68.07378475100006,28.136723974000063],[68.06512838300006,28.129735346000075],[68.05414581300005,28.120868683000026],[68.04071044900007,28.11043739300004],[68.02968597400007,28.10175514200006],[68.02310943600008,28.09678840600003],[68.01966857900004,28.093896866000023],[68.01801740700006,28.092275775000076],[68.01778411900005,28.09204673800008],[68.01419830300006,28.090059280000048],[68.00936889600007,28.087945938000075],[67.99980926500007,28.08442497300007],[67.99243427100004,28.08170627900006],[67.98765564000007,28.07994461100003],[67.98506927500006,28.078983307000044],[67.97472381600005,28.07525062600007],[67.96968078600008,28.072729111000058],[67.96442413300008,28.06959724400008],[67.95977783200004,28.065170288000047],[67.95569610600006,28.060554504000038],[67.95130920400004,28.05482482900004],[67.94825744600007,28.04992866500004],[67.94418335000006,28.045211792000032],[67.94286346400008,28.043773651000038],[67.94190216100003,28.041437149000046],[67.94017761900005,28.038179717000048],[67.93569183300008,28.030342102000077],[67.93016815200008,28.02046012900007],[67.92569732700008,28.013822556000036],[67.92263793900008,28.009428024000044],[67.92066192600004,28.006868362000034],[67.91892242400007,28.004215240000065],[67.91774749800004,28.001472473000035],[67.91635131800007,27.99862289400005],[67.91436767600004,27.996265411000024],[67.91296358200003,27.99429501800006],[67.89444732700008,27.99811935400004],[67.88982391400003,27.999557495000033],[67.88249206500006,28.000040054000067],[67.87725067100007,28.000171661000024],[67.86888885500008,27.999156952000078],[67.86639404300007,27.99839019800004],[67.86571967700007,27.997986393000076],[67.86389923100006,27.997064590000036],[67.86058044400005,27.994617462000065],[67.85475921600005,27.991214752000076],[67.84703826900005,27.989648819000024],[67.83910369900008,27.98826599100005],[67.82822418200004,27.98796463000008],[67.81798553500005,27.986742020000065],[67.81238555900006,27.98546981800007],[67.80676269500003,27.98336601300008],[67.80073547400008,27.980146408000053],[67.79721069300007,27.97788047800003],[67.79437240100003,27.976157949000026],[67.79206848100006,27.97132682800003],[67.79043579100005,27.96815490700004],[67.78967285200008,27.963134766000053],[67.78913116500007,27.956632614000057],[67.78917694100005,27.953479767000033],[67.78857421900005,27.951616287000036],[67.78525672800004,27.949537896000038],[67.78193664600008,27.947830200000055],[67.78007507300003,27.945955276000063],[67.77758789100005,27.944255829000042],[67.77488708500005,27.94329834000007],[67.77259063700006,27.94271659900005],[67.77090454100005,27.94362449600004],[67.76985168500005,27.944169998000064],[67.76857757600004,27.945270538000045],[67.76501464800003,27.945787430000053],[67.76083374000007,27.945739746000072],[67.75185394300007,27.94452476500004],[67.74350738500004,27.94294548000005],[67.73202514600007,27.940958023000064],[67.72158050500008,27.93990898100003],[67.71015255200007,27.937906312000052],[67.70487213100006,27.937858582000047],[67.69297027600004,27.936420441000053],[67.68085479700005,27.935163498000065],[67.67067835600005,27.934242321000056],[67.66266632100007,27.933143616000052],[67.65673065200008,27.932664871000043],[67.64756012000004,27.931230545000062],[67.63460540800008,27.92883682300004],[67.61357116700003,27.925483704000044],[67.59468841600005,27.922128677000046],[67.57958221400008,27.919250488000046],[67.57679548500005,27.918070615000033],[67.56826019300007,27.914457321000043],[67.56070709200003,27.910623550000025],[67.55586242700008,27.906791687000066],[67.55208649900004,27.902004548000036],[67.54939270000006,27.901523590000068],[67.54453277600004,27.902954102000024],[67.53859710700004,27.90582084700003],[67.53320312500006,27.906774521000045],[67.51864624000007,27.904846191000047],[67.50624084500004,27.902917862000038],[67.49330139200003,27.901466370000037],[67.48305511500007,27.90049743700007],[67.46795654300007,27.898561478000033],[67.45069885300006,27.896142960000077],[67.43883514400005,27.894208908000053],[67.42589569100005,27.892749786000024],[67.41996765100004,27.89274025000003],[67.41618347200006,27.895126343000072],[67.41455841100003,27.89847183200004],[67.41293335000006,27.90181922900007],[67.41184997600004,27.90516853300005],[67.40914154100005,27.908033371000045],[67.40428161600005,27.909938812000064],[67.39424133300008,27.909675598000035],[67.39274597200006,27.889986038000075],[67.38485717800006,27.86486816400003],[67.37226104700005,27.84184646600005],[67.36045074500004,27.815334320000034],[67.35470581100003,27.795917511000027],[67.35704803500005,27.76800346400006],[67.35153961200007,27.74916648900006],[67.34112101100004,27.73169597100008],[67.33739471400008,27.72544860800008],[67.30992126500007,27.698938370000064],[67.29640239600008,27.69023700400004],[67.26989746100003,27.671724319000077],[67.25421142600004,27.658462524000072],[67.24872589100005,27.647994995000033],[67.24325561500007,27.622875214000032],[67.23611450200008,27.594432831000063],[67.22908020000006,27.574895859000037],[67.22046661400003,27.56303024300007],[67.20480346700003,27.553253174000076],[67.19461822500006,27.546268463000047],[67.18679046600005,27.53998184200003],[67.18288421600005,27.53230476400006],[67.17795472100005,27.491097453000066],[67.17745971700003,27.486957550000056],[67.17516315500006,27.44719691100005],[67.16739654500003,27.403247833000023],[67.16431427000003,27.370464325000057],[67.16111755400004,27.354455948000066],[67.14862823500005,27.341190338000047],[67.13692474400005,27.32722663900006],[67.13137569700007,27.31673348000004],[67.12991333000008,27.313966751000066],[67.12603759800004,27.295829773000037],[67.12605285600006,27.28606605500005],[67.12686157200005,27.270029068000042],[67.13394928000008,27.240751266000075],[67.14417266800007,27.197534561000055],[67.15188598600008,27.155887604000043],[67.15662384000007,27.119638443000042],[67.15821838400007,27.094543457000043],[67.16060638400006,27.065963745000033],[67.15362548800005,27.041555405000054],[67.14509582500006,27.012268066000047],[67.13889312700007,26.996227264000026],[67.13890075700004,26.989952087000063],[67.13890838600008,26.98437690700007],[67.14126586900005,26.97462081900005],[67.14596557600004,26.956362725000076],[67.14312744100005,26.952905655000052],[67.13928222700008,26.946203232000073],[67.13726806600005,26.938493729000072],[67.13338171500004,26.940352421000057],[67.13357577800008,26.915516049000075],[67.13376617400007,26.87803268400006],[67.13712310800008,26.844312668000043],[67.13967895500008,26.822391510000045],[67.14479064900007,26.77855110200005],[67.14655304000007,26.768428802000074],[67.14459991500007,26.762552261000053],[67.13984680200008,26.75754547100007],[67.13410949700005,26.749179840000068],[67.13029480000006,26.744165421000048],[67.12647247300004,26.738306046000048],[67.12649536100008,26.719667435000076],[67.13022613500004,26.690393448000066],[67.13296508800005,26.672094345000062],[67.13307952900004,26.663248062000036],[67.12378751600005,26.653095716000053],[67.12872314500004,26.63571548500005],[67.13102722200006,26.61991691600008],[67.13844299300007,26.599367142000062],[67.14380645800003,26.57359695400004],[67.15107727100008,26.546045303000028],[67.15784454300007,26.52609252900004],[67.16344451900005,26.513162613000077],[67.17330932600004,26.48557281500007],[67.17758178700007,26.471496582000043],[67.18264007600004,26.464412689000028],[67.18964386000005,26.457298279000042],[67.19796752900004,26.451330185000074],[67.20370483400006,26.445985794000023],[67.20748901400003,26.440088272000025],[67.21374511700003,26.428316116000076],[67.22515869100005,26.414709091000077],[67.23728942900004,26.39294624300004],[67.24605560300006,26.37704467800006],[67.25673675500008,26.359947205000026],[67.26555633500004,26.346961975000056],[67.27302551300005,26.33166694600004],[67.28047180200008,26.315202713000076],[67.28732299800004,26.301666260000047],[67.29608917200005,26.286348343000043],[67.30798339800003,26.266309738000075],[67.32163238500004,26.23690414400005],[67.32843780500008,26.221616745000063],[67.33786773700007,26.208036423000067],[67.34333801300005,26.191022873000065],[67.34567260700004,26.178730011000027],[67.35076904300007,26.165288925000027],[67.35449981700003,26.158224106000034],[67.35950470000006,26.149969101000067],[67.36463165300006,26.147548676000042],[67.37235260000006,26.145664215000068],[67.37811279300007,26.14264679000007],[67.38768005400004,26.136064529000066],[67.39082336400003,26.131925583000054],[67.39392089800003,26.125453949000075],[67.39822387700008,26.114875793000067],[67.40634918200004,26.101898193000068],[67.41314737900007,26.08719436900003],[67.42204284700006,26.080036163000045],[67.42642211900005,26.072959900000058],[67.42755889900008,26.06593895000003],[67.42677307100007,26.059535980000078],[67.41929626500007,26.042749405000052],[67.41718292200005,26.034620285000074],[67.41556549100005,26.019483566000076],[67.41343689000007,26.010770798000067],[67.40976715100004,25.990419388000078],[67.40528869600007,25.96250152600004],[67.40558624300007,25.946165085000075],[67.40383148200004,25.925825119000024],[67.40410614000007,25.90832519500003],[67.40244293200004,25.890857697000058],[67.39904022200005,25.882753372000025],[67.39957428000008,25.877494812000066],[67.40130615200007,25.868133545000035],[67.40493774400005,25.856990814000028],[67.41103363000008,25.840555191000078],[67.41464233400006,25.828245163000076],[67.41313934300007,25.818359375000057],[67.41098785400004,25.808485031000032],[67.40290832500006,25.792299271000047],[67.40210301400003,25.791367313000023],[67.39299011200006,25.780811310000047],[67.37982940700005,25.768215179000038],[67.36856842000003,25.753833771000075],[67.35797119100005,25.740022659000033],[67.34667968700006,25.723892212000067],[67.33713530500006,25.70605275500003],[67.33373260500008,25.697366714000054],[67.33290863000008,25.688634872000023],[67.32668304400005,25.667755127000078],[67.32115173300008,25.649194717000057],[67.32096881500007,25.64045357400005],[67.31613159200003,25.624214172000052],[67.31135559100005,25.610889435000047],[67.30002594000007,25.591844559000037],[67.29212188700006,25.582651138000074],[67.28041839600007,25.576433182000073],[67.26291656500007,25.569728851000036],[67.25704956100003,25.56574440000003],[67.25630188000008,25.560512543000073],[67.25549316400003,25.552366257000074],[67.25533294700006,25.544208527000023],[67.24996185300006,25.53264045700007],[67.24398803700007,25.523412704000066],[67.23158264200003,25.513708115000043],[67.21927642800006,25.50866127000006],[67.20957183800004,25.50531959500006],[67.20110321000004,25.49962806700006],[67.19313812300004,25.486351013000046],[67.18815612800006,25.47482681300005],[67.17313385000006,25.461660385000073],[67.16332244900008,25.45248985300003],[67.16064453100006,25.446704865000072],[67.16035461400003,25.431560516000047],[67.16075897200005,25.41873550400004],[67.16223907500006,25.395406723000065],[67.15883636500007,25.384973526000067],[67.15351104700005,25.37515258800005],[67.14236450200008,25.362506866000047],[67.13906097400007,25.357315063000044],[67.13829803500005,25.35091781600005],[67.13561248800005,25.344551086000024],[67.13545990000006,25.336397171000044],[67.13580322300004,25.329038620000063],[67.13461985200007,25.316913700000043],[67.13580725300005,25.316357392000043],[67.13780813400007,25.315238657000066],[67.13696289100005,25.314731598000037],[67.13229370100004,25.311725617000036],[67.12609100300006,25.306217194000055],[67.12088775700005,25.300024033000057],[67.11368560800008,25.286563873000034],[67.11105346700003,25.279569626000068],[67.11022949200003,25.275508881000064],[67.11066436800007,25.271770477000075],[67.11017608600008,25.26714134200006],[67.10650634800004,25.26271820100004],[67.10153961200007,25.259124756000062],[67.09816741900005,25.255285263000076],[67.096138,25.24917411800004],[67.09443808000003,25.247065388000067],[67.08972168000008,25.241214752000076],[67.08261871300004,25.234970093000072],[67.07514953600008,25.230155945000035],[67.06988525400004,25.225976944000024],[67.06826798000003,25.225008677000062],[67.05929565400004,25.21963691700006],[67.04808044400005,25.212989807000042],[67.04138183600003,25.209655762000068],[67.03549194300007,25.205457687000035],[67.03182220500008,25.20103263900006],[67.02946472200006,25.195487976000038],[67.02703572300004,25.19154725900006],[67.02584838900003,25.189620972000057],[67.01828765900007,25.17816734300004],[67.01195526100008,25.167900085000042],[67.00833129900008,25.162321091000024],[67.00698852600004,25.155075073000035],[67.00624084500004,25.148708344000056],[67.00410461400003,25.136535645000038],[67.00341033900008,25.127063751000037],[67.00621032700008,25.11906433100006],[67.00907897900004,25.10904884400003],[67.00952911400003,25.105022431000066],[67.00775909400005,25.10093689000007],[67.00506665700004,25.09781342100007],[67.00012207000003,25.09207725500005],[66.99152374300007,25.083478928000034],[66.98075103800005,25.073667526000065],[66.97283172600004,25.063932419000025],[66.96147918700007,25.052661896000075],[66.94893646200006,25.040861130000053],[66.93823892400007,25.029362761000073],[66.92309570300006,25.01765060400004],[66.91593933100006,25.013702392000027],[66.90525054900007,25.011095047000026],[66.88853454600007,25.008893967000063],[66.88123826000003,25.00737607600007],[66.87248992900004,25.005556107000075],[66.85739135800003,25.002532959000064],[66.84584808300008,24.99730110200005],[66.83868408200004,24.993635178000034],[66.83065795900006,24.98763847300006],[66.82232666000004,24.981344223000065],[66.81140899700006,24.976415634000034],[66.80141449000007,24.972377777000077],[66.78982544000007,24.968582153000057],[66.78406524700006,24.965326309000034],[66.77264404300007,24.956918716000075],[66.76191711400003,24.946802139000056],[66.75181579600007,24.936988831000065],[66.74137115500008,24.92803192100007],[66.73209381100008,24.921703339000032],[66.72224426300005,24.913915634000034],[66.71488189700005,24.907354355000052],[66.70785522500006,24.90022468600006],[66.70295106300006,24.89268902200007],[66.69846344000007,24.890663147000055],[66.69022369400005,24.890768051000066],[66.68692779500003,24.89273262000006],[66.67840576200007,24.908908844000052],[66.67544555700005,24.923625946000072],[66.67691803000008,24.931409836000057],[66.67906189000007,24.93462371800007],[66.69708251900005,24.94616699200003],[66.70035553000008,24.949632645000065],[66.69892120400004,24.972215652000045],[66.69875335700004,24.97484397900007],[66.69378662100007,24.993246078000027],[66.69549560500008,25],[66.69650268500004,25.00400161700003],[66.70911407500006,25.023900986000058],[66.71220398000008,25.031538010000077],[66.70972442600004,25.06590843200007],[66.70831164600008,25.07014145900007],[66.70414733900003,25.082618713000045],[66.70546722400007,25.088933945000065],[66.70794677700007,25.09226226800007],[66.70978546100008,25.094736099000045],[66.71844482400007,25.100912094000023],[66.71923065200008,25.113891601000034],[66.72272058200008,25.11848003600005],[66.73460388200004,25.13410377500003],[66.73859405500008,25.14219093300005],[66.74410247800006,25.167463303000034],[66.74201202400008,25.183259964000058],[66.74130499400007,25.18528954900006],[66.73728179900007,25.196453095000038],[66.73084259000007,25.205896378000034],[66.70825958300003,25.239027023000062],[66.67832183800004,25.271114349000072],[66.67051696800007,25.278146744000026],[66.64717102000003,25.299180985000078],[66.61981201200007,25.319448471000044],[66.56321716300005,25.350284576000035],[66.55985260000006,25.35316658000005],[66.55387878400006,25.358280182000044],[66.55010223400006,25.36523819000007],[66.55024719300008,25.371929169000055],[66.55527496300004,25.39218139600007],[66.56048584000007,25.38883209200003],[66.56272125300006,25.375545502000023],[66.56614685000005,25.371082306000062],[66.57039642300003,25.368738175000033],[66.57361602800006,25.368654251000066],[66.57939910900006,25.372846603000028],[66.58038746300008,25.374946038000076],[66.58170318600008,25.377740860000074],[66.58203887900004,25.385274887000037],[66.57656860400004,25.40386772200003],[66.57758508000006,25.40838042100006],[66.57827758800005,25.411457062000068],[66.58168029800004,25.415081024000074],[66.58397674600008,25.417526245000033],[66.59231567400008,25.42119026200004],[66.59420013400006,25.425022125000055],[66.58820343000008,25.43523979200006],[66.57344055200008,25.445955277000053],[66.56000518800005,25.452957153000057],[66.55976867700008,25.462770462000037],[66.55503082300004,25.480346680000025],[66.55661773700007,25.485841751000066],[66.55567169200003,25.50586319000007],[66.55722045900006,25.51966857900004],[66.55859375000006,25.531887055000027],[66.55760955800008,25.538118363000024],[66.55273437500006,25.543781280000076],[66.54673767100007,25.53915977500003],[66.54145050000005,25.538955688000044],[66.53740189500007,25.540007847000027],[66.52886199900007,25.542228699000077],[66.52690887500006,25.54466056800004],[66.52857971200007,25.548276901000065],[66.52062988300008,25.555700302000048],[66.51588440000006,25.563455582000074],[66.52198028600003,25.580619812000066],[66.53119659400005,25.585365296000077],[66.53466033900008,25.590097428000036],[66.54022216800007,25.606445312000062],[66.54295349100005,25.614450455000053],[66.54133606000005,25.619401932000073],[66.53897094800004,25.620773316000054],[66.53371429500004,25.61973381100006],[66.53270721400008,25.621576309000034],[66.53813934300007,25.628473282000073],[66.54215240500008,25.641166687000066],[66.54138946600006,25.642601013000046],[66.53924560500008,25.644187927000075],[66.53468322700007,25.64317703200004],[66.53021240200007,25.640285492000032],[66.52498626700003,25.633813858000053],[66.52036285400004,25.624439239000026],[66.51886749300007,25.60745430000003],[66.51007843000008,25.60335159300007],[66.51356506300004,25.597845078000034],[66.51052093500005,25.593965530000048],[66.50558471700003,25.59126472500003],[66.50286865200007,25.585308075000057],[66.50286102300004,25.584251404000042],[66.50279235800008,25.577363968000043],[66.49948120100004,25.57431030300006],[66.49394989000007,25.574302673000034],[66.49174499500003,25.577142715000036],[66.49490356400008,25.583326340000042],[66.49296569800003,25.58534050000003],[66.48360443100006,25.583719254000073],[66.47994995100004,25.58775520300003],[66.47220611600005,25.581182480000052],[66.47098541300005,25.577791214000058],[66.47189331100003,25.573230744000057],[66.47063446000004,25.57067298900006],[66.46721649200003,25.569911957000045],[66.46520996100003,25.57338523900006],[66.47068786600005,25.588855743000067],[66.46704101500006,25.602504731000067],[66.46559906000005,25.603702545000033],[66.46011352500005,25.602859497000054],[66.45812988300008,25.605707169000027],[66.45935058600003,25.61390495300003],[66.45516967700007,25.61938285800005],[66.45026397700008,25.616054535000046],[66.45091247600004,25.60730361900005],[66.44912719800004,25.60138130200005],[66.44540405300006,25.597265244000027],[66.43640136700003,25.59293937700005],[66.40866088900003,25.590167999000073],[66.39908599900008,25.583518982000044],[66.38310241700003,25.594793320000065],[66.38022613500004,25.601783752000074],[66.37667083800005,25.59913444500006],[66.37253570600006,25.598968506000062],[66.36913299600008,25.604619980000052],[66.36676788400007,25.608560562000036],[66.37000274700006,25.61307716400006],[66.36756134100006,25.61590576100008],[66.36408996500006,25.61618423500005],[66.35778045600006,25.613216400000056],[66.34143066400003,25.617784500000027],[66.32774353000008,25.610336303000054],[66.31047821000004,25.610057831000063],[66.30397033700007,25.615854263000074],[66.30013275200008,25.62364006100006],[66.29689025800008,25.623928070000034],[66.28590393100006,25.617837906000034],[66.27429962100007,25.614858627000046],[66.26760864200003,25.61040687600007],[66.25985717800006,25.607542038000076],[66.25426483200005,25.605474472000026],[66.24580383300008,25.599485397000024],[66.24237823500005,25.59892654400005],[66.23858642600004,25.60107040400004],[66.23449707000003,25.599857330000077],[66.23396301300005,25.592103958000052],[66.23220825200008,25.590358734000063],[66.22762298600003,25.589962006000064],[66.22362518300008,25.59167862000004],[66.21042633000008,25.602212905000044],[66.19641113300008,25.601425171000074],[66.19006347700008,25.59928321800004],[66.18455505400004,25.594455719000052],[66.18074035600006,25.583223343000043],[66.17462921200007,25.576490402000047],[66.16151428300003,25.567169190000072],[66.15895080500007,25.563680649000048],[66.15612793000008,25.55983924900005],[66.15081787100007,25.55564689600004],[66.13891601500006,25.54971695000006],[66.13365936300005,25.544273377000025],[66.13188934300007,25.53834724400008],[66.13665008600003,25.53081321800005],[66.13068389900008,25.52136802700005],[66.13417053200004,25.511692047000054],[66.13275146500007,25.50786972000003],[66.12879180900006,25.50436210600003],[66.11702728300003,25.500316620000035],[66.11396789500003,25.49705314600004],[66.11275482200006,25.489269257000046],[66.10984802300004,25.48768425000003],[66.09971618700007,25.48767662000006],[66.09565734800003,25.48604393000005],[66.09185028100006,25.479614258000026],[66.09455871600005,25.47712326000004],[66.09619903600003,25.47561645500008],[66.10083007800006,25.474975586000028],[66.10730743400006,25.478799820000063],[66.11565399200003,25.48667335500005],[66.11908721900005,25.487026214000025],[66.12147522000004,25.48524665800005],[66.12065124500003,25.478942871000072],[66.12203979500003,25.474193573000036],[66.12796020500008,25.475486755000077],[66.13843536400003,25.48219490100007],[66.14190673800005,25.481712342000037],[66.14398956300005,25.476991654000074],[66.14971923800005,25.477439881000066],[66.16295623800005,25.484260559000063],[66.17232513400006,25.485485077000078],[66.18222045900006,25.49007606500004],[66.18952178900008,25.49142265300003],[66.19562530500008,25.488958359000037],[66.20451355000006,25.492176056000062],[66.22365570100004,25.499099732000047],[66.23342132600004,25.50639724800004],[66.24173736600005,25.510292053000057],[66.24913024900007,25.509757996000076],[66.25452423100006,25.512487411000052],[66.26226806600005,25.518653870000037],[66.26541900600006,25.52484321600008],[66.27411651600005,25.53042221100003],[66.27746582100008,25.53724670400004],[66.28482055600006,25.54214286800004],[66.28981781000005,25.543390274000046],[66.31404876700003,25.53768539400005],[66.31809234600007,25.539730072000054],[66.31702423100006,25.54146385200005],[66.31658935600007,25.542177200000026],[66.30747222900004,25.544942856000034],[66.30878448500005,25.546459198000036],[66.31752014200003,25.546602249000046],[66.32643127500006,25.552814484000066],[66.33493042000003,25.553155899000046],[66.34284973100006,25.551385879000065],[66.34838104300007,25.546592712000063],[66.35052490200007,25.535602570000037],[66.35336303700007,25.529447556000036],[66.35796356200007,25.52482604900007],[66.36358642600004,25.52275276200004],[66.38829040600007,25.52603912400008],[66.39725494300006,25.521589280000057],[66.40037536600005,25.51419067300003],[66.39704895000006,25.510061264000058],[66.39429473900003,25.506635666000022],[66.39625549300007,25.50420570400007],[66.40582275400004,25.506258011000057],[66.40424346900005,25.496164322000027],[66.40557098400006,25.492456436000055],[66.40958404600008,25.490318299000023],[66.41978454600007,25.48884201100003],[66.42652893000007,25.482631683000022],[66.43503570600006,25.48275947600007],[66.44070434600008,25.484445572000027],[66.45588684100005,25.494239807000042],[66.46833038300008,25.498699188000046],[66.47518920900006,25.49959564200003],[66.48711395300006,25.50048065200008],[66.49568176300005,25.499353409000037],[66.50229644800004,25.49713325500005],[66.51743316700004,25.49205207800003],[66.51834106400008,25.487491608000028],[66.51441955600006,25.482740402000047],[66.51345062200005,25.474136352000073],[66.49645996100003,25.458847046000074],[66.49284362800006,25.447839737000038],[66.49495697000003,25.437265396000043],[66.49842071500007,25.43217659000004],[66.50617218100007,25.428718567000033],[66.51219177300004,25.427909851000038],[66.52840423600003,25.41579437200005],[66.52697753900003,25.411977768000042],[66.52204132100007,25.408157349000078],[66.51988220200008,25.406478882000044],[66.51329803500005,25.404550552000046],[66.50590515100004,25.405307770000036],[66.45388794000007,25.42562294000004],[66.41743469300008,25.442152024000052],[66.39440917900004,25.449359894000054],[66.35997009300007,25.46012687700005],[66.32190704400006,25.466953278000062],[66.27653503400006,25.46782875100007],[66.25817871100003,25.466899872000056],[66.23406982400007,25.46567535400004],[66.15988922100007,25.453830719000052],[66.12554168700007,25.450725556000066],[66.12068939200003,25.449552536000056],[66.09213256800007,25.44263458200004],[66.06616211000005,25.433179856000038],[66.06533763600004,25.432979148000072],[66.03913116500007,25.426599502000045],[66.03427886900005,25.42701911900008],[66.03235626200006,25.428609848000065],[66.03157043500005,25.43484687800003],[66.02724456800007,25.44281196600008],[66.02375030500008,25.443708420000064],[66.02401733400006,25.43410682700005],[66.01122283900008,25.441291809000063],[66.00915527300003,25.43681526200004],[66.01023101800007,25.433727264000026],[66.01917266800007,25.425540924000074],[66.01771545400004,25.422552109000037],[66.01435089100005,25.420946121000043],[65.99596405000005,25.42057800300006],[65.95494842500005,25.41317176800004],[65.94245147700008,25.414720535000072],[65.94031524700006,25.414369583000052],[65.92694091800007,25.412168503000032],[65.90364074700005,25.413454056000035],[65.85913085900006,25.420078278000062],[65.83869171200007,25.41938972500003],[65.81600189200003,25.413581849000025],[65.80603027400008,25.406185150000056],[65.79233551100003,25.396022797000057],[65.78485107500006,25.394018173000063],[65.77726745600006,25.385530472000028],[65.77301025400004,25.383459091000077],[65.76371765100004,25.38095474200003],[65.74102783200004,25.37952423100006],[65.72003173800005,25.372312546000046],[65.69805908200004,25.36212730400007],[65.68106079100005,25.361907959000064],[65.66565704300007,25.361707688000024],[65.64098358200005,25.350553512000033],[65.63575744600007,25.349479676000044],[65.62411499000007,25.35208320600003],[65.61121368400006,25.352539062000062],[65.54777526800007,25.367835998000032],[65.52893829400006,25.372369766000077],[65.52171325700004,25.369943619000026],[65.51778411900005,25.37038803100006],[65.51699829100005,25.372024536000026],[65.52633667000003,25.377683640000043],[65.53176879900008,25.383369446000074],[65.53638458200004,25.395288467000057],[65.53804779000006,25.406652450000024],[65.54351806600005,25.419864654000037],[65.53980255100004,25.420166016000053],[65.51984405500008,25.38678741500007],[65.51398468000008,25.38066291800004],[65.50964355500008,25.37826347300006],[65.50572967500005,25.376098633000026],[65.48901367200006,25.374902725000027],[65.46518707300004,25.381313324000075],[65.45740509000007,25.380739212000037],[65.45246887200005,25.382598877000078],[65.44429016100008,25.380752563000044],[65.43796539300007,25.382753372000025],[65.40649414100005,25.38210678100006],[65.37456512400007,25.389448166000022],[65.37106323200004,25.390251160000048],[65.36195373500004,25.388772964000054],[65.34355163600003,25.38078880300003],[65.33805084200003,25.380525589000058],[65.33067321800007,25.384771347000026],[65.31892395000006,25.38504600500005],[65.31720733600008,25.386844635000045],[65.31893158000008,25.396753311000055],[65.31019592300004,25.384836197000027],[65.29862213200005,25.38616180400004],[65.28676605200008,25.38433837900004],[65.26854705800008,25.385131836000028],[65.25514984100005,25.38218498300006],[65.25141906700003,25.379077911000024],[65.24850463900003,25.37391853300005],[65.24232556400005,25.352717205000033],[65.24047088600008,25.346353531000034],[65.23808528300003,25.34442051900004],[65.23278808600003,25.340127945000063],[65.22900390600006,25.334091186000023],[65.22791290200007,25.329229355000052],[65.22811889600007,25.328186035000044],[65.22955322300004,25.320947647000025],[65.22632598900003,25.31723785400004],[65.21901702900004,25.316463471000077],[65.21368408200004,25.313278199000024],[65.20813751200006,25.313842773000033],[65.20220947300004,25.316898346000073],[65.19551086400003,25.30967331000005],[65.18976593000008,25.30960083100007],[65.18318939200003,25.311996460000046],[65.17586517400008,25.311429978000035],[65.15641784700006,25.30608558700004],[65.14442443800004,25.306749344000025],[65.13299560500008,25.309530258000052],[65.12192535400004,25.31002998400004],[65.11765289300007,25.30856323300003],[65.11521911600005,25.310743332000072],[65.11379241900005,25.315624237000065],[65.10931396500007,25.313377380000077],[65.10644531200006,25.319087982000042],[65.10188293500005,25.318443298000034],[65.10062408400006,25.320262909000064],[65.09729003900003,25.31842613200007],[65.09671783400006,25.308780670000033],[65.08499145500008,25.31258964600005],[65.04367828400007,25.315338134000058],[65.00273895300006,25.323110581000037],[65,25.322280884000065],[64.99532318100006,25.325204850000034],[64.97959899900007,25.323848724000072],[64.96603393600003,25.32055473400004],[64.95102691600005,25.323297500000024],[64.90344238300008,25.325891495000064],[64.89521789500003,25.324514389000058],[64.85681152300003,25.318084717000033],[64.82705688500005,25.318939208000074],[64.81507873600003,25.32153511100006],[64.79834747400008,25.329851150000025],[64.78524017300003,25.344671249000044],[64.78054809600008,25.347751618000075],[64.77747345000006,25.345825196000078],[64.77998352100008,25.338743210000075],[64.78033447300004,25.337762832000067],[64.79273223900003,25.32389450100004],[64.78781890900007,25.32181167600004],[64.74990081800007,25.320938111000032],[64.72619629000008,25.316682815000036],[64.70199585000006,25.307849884000063],[64.68108367900004,25.29631996200004],[64.67184448200004,25.29122543400007],[64.66000366200007,25.281854630000055],[64.65248870800008,25.27321624700005],[64.64393615700004,25.259107589000052],[64.63950909600004,25.242474323000067],[64.63516998300008,25.226171493000038],[64.63697814900007,25.212308884000038],[64.64015960700004,25.20551109300004],[64.64835357700008,25.198040009000067],[64.65778350900007,25.194864273000064],[64.65851593100007,25.194618225000056],[64.69400787400008,25.19332122900005],[64.69915771500007,25.19057273900006],[64.70046997000003,25.186611175000053],[64.69812011700003,25.181222915000035],[64.69702911400003,25.178718566000043],[64.69299316400003,25.17383766200004],[64.67843628000003,25.165504456000065],[64.66226959200003,25.15999794100003],[64.62127685600007,25.155149460000075],[64.61660766600005,25.15459632900007],[64.59996795600006,25.154615403000037],[64.58458709800004,25.159402847000024],[64.58291626000005,25.161310196000045],[64.58001709000007,25.173608780000052],[64.58232116600004,25.179208756000037],[64.58318328900003,25.181283950000022],[64.59594726600005,25.184419632000072],[64.60451507600004,25.189109802000075],[64.60942840600006,25.196483612000065],[64.61192321800007,25.205795288000047],[64.61096954300007,25.21663284300007],[64.60534668000008,25.229967118000047],[64.60353640300008,25.231384710000043],[64.60182952900004,25.232721328000025],[64.57647705000005,25.25255394000004],[64.54357147200005,25.27048111000005],[64.52859497100008,25.273635864000028],[64.49836731000005,25.269842148000066],[64.48708343400006,25.26617813100006],[64.48075866700003,25.260927200000026],[64.47200012200005,25.24727630700005],[64.46474456800007,25.243442535000042],[64.45757293700007,25.24121093800005],[64.40596008400007,25.238281250000057],[64.39997100800008,25.239675522000027],[64.38801574700005,25.253028869000048],[64.37653350800008,25.26061820900003],[64.36317443800004,25.266607285000077],[64.34047699000007,25.276782990000072],[64.26678466700008,25.302715302000024],[64.23997497500005,25.306997299000045],[64.23830413900004,25.308902741000054],[64.23945617700008,25.311841965000042],[64.24009704600007,25.312688827000045],[64.25103759800004,25.32700348000003],[64.24625396800008,25.332477570000037],[64.23793029800004,25.322240829000066],[64.23171234200004,25.318811417000063],[64.22334289500003,25.31799507200003],[64.16352081300005,25.32884597800006],[64.14225769100005,25.329675674000043],[64.13932800400005,25.329790115000037],[64.09223175100004,25.326791763000074],[64.08377075200008,25.32941627500003],[64.08291626000005,25.332893372000058],[64.09038543600008,25.346847534000062],[64.09036254800003,25.362468720000038],[64.09178161600005,25.365859986000032],[64.09359741200007,25.366939545000037],[64.10952758800005,25.361957550000056],[64.11533355700004,25.361963272000025],[64.11749267500005,25.364866257000074],[64.11613464300007,25.368135452000047],[64.11205523700005,25.371145687000023],[64.08366394100005,25.392129898000064],[64.08102417100008,25.395217896000077],[64.08089447000003,25.397750855000027],[64.08380126900005,25.40062522900007],[64.10301208500005,25.400802612000064],[64.10916900600006,25.402860641000075],[64.12328338600008,25.412881852000055],[64.12761688200004,25.41363334700003],[64.14190673900004,25.411239624000075],[64.14282226500006,25.414649964000034],[64.13732147200005,25.426580428000022],[64.13809967000003,25.432292938000046],[64.14083862300004,25.434497833000023],[64.14571380600006,25.438428878000025],[64.16602325400004,25.445676803000026],[64.16690826500007,25.448398590000068],[64.16512298600003,25.453292846000068],[64.16122436500007,25.456432343000074],[64.15563202000004,25.455730438000046],[64.13040161200007,25.440631866000047],[64.12425994900008,25.439033508000023],[64.12008666900005,25.45228958100006],[64.11740875200007,25.454460143000063],[64.08338165300006,25.44491767900007],[64.07924652100007,25.443758011000057],[64.06415557900004,25.445255279000037],[64.05945587200006,25.441989899000077],[64.05117797800006,25.432428360000074],[64.04734039400006,25.431427002000078],[64.04036712600004,25.433759689000055],[64.03475189200003,25.437879563000024],[64.04125213700007,25.45279312200006],[64.03900146500007,25.458852769000032],[64.03441619900008,25.463392258000056],[64.02867126500007,25.464988709000068],[64.02820587200006,25.460411072000056],[64.03072357200006,25.449289322000027],[64.02871704100005,25.444082260000073],[64.02529907300004,25.441226959000062],[64.01068115200007,25.435983657000065],[63.99344253600003,25.42980003300005],[63.99151992900005,25.426427841000077],[63.99192810100004,25.424345016000075],[63.99588012800007,25.422357559000034],[64.00115203800004,25.421697617000063],[64.01725769100005,25.42568206800007],[64.01974487200005,25.424898148000068],[64.02016449000007,25.423044205000053],[64.01119995100004,25.41488456700006],[64.00576782200005,25.406591415000037],[64.00083160400004,25.409076690000063],[63.98744964600007,25.420379638000043],[63.98201751700003,25.423110962000067],[63.97444915700004,25.423395157000073],[63.97104644800004,25.420766830000048],[63.96740341200007,25.40735244700005],[63.96783828700006,25.40562439000007],[63.96804428100006,25.404800415000068],[63.96951294000007,25.403827668000076],[63.98052597000003,25.41259956400006],[63.985107422000056,25.413345337000067],[63.99126434400006,25.409896850000052],[63.99359893800005,25.405673981000064],[63.99634170600007,25.38834190400007],[63.99946975600005,25.38500785900004],[64.00424194400006,25.38436889700006],[64.00811004600007,25.38605880800003],[64.01217651400003,25.39210700900003],[64.01766204900008,25.40705871600005],[64.02080535800008,25.409467697000025],[64.02838897700008,25.409637452000027],[64.03606414700005,25.406129837000037],[64.04165649400005,25.401550292000024],[64.05200195200007,25.38791847300007],[64.05261230400004,25.38711929400006],[64.05969238300008,25.37099838200004],[64.07196045000006,25.36317825200007],[64.07254028300008,25.359479904000068],[64.06186676100003,25.34174156100005],[64.06739807100007,25.330274582000072],[64.06427764800003,25.32832717900004],[64.03358459500004,25.33616256700003],[64.01802063000008,25.33813285800005],[64.00585174600008,25.337741851000033],[63.945964814000035,25.335800171000074],[63.92961120700005,25.33710289100003],[63.915401458000076,25.341077804000065],[63.868526459000066,25.348953247000054],[63.84331893900003,25.355228425000064],[63.79407882600003,25.372415543000045],[63.76538848800004,25.37460517900007],[63.75799179100005,25.378776551000044],[63.735481263000054,25.379055023000035],[63.719123841000055,25.379253388000052],[63.67507553100006,25.382659912000065],[63.64373397800006,25.37618827800003],[63.60587310800008,25.37062645000003],[63.59862518300008,25.367837905000044],[63.56865692100007,25.356304169000055],[63.544914246000076,25.350004196000043],[63.53564834600007,25.34572982700007],[63.498363495000035,25.317152023000062],[63.49403762800006,25.31018066400003],[63.490375519000054,25.298257827000043],[63.48908233700007,25.294044495000037],[63.484477997000056,25.286394120000068],[63.48111724900008,25.28444099400008],[63.472908020000034,25.28724670400004],[63.46150588900008,25.298427582000045],[63.45607376000004,25.295166016000053],[63.45225143400006,25.288890838000043],[63.46163177500006,25.276834488000077],[63.47454833900008,25.265832901000067],[63.47860992300008,25.26079451700008],[63.480068207000045,25.258985520000067],[63.48236084000007,25.253395080000075],[63.483791351000036,25.239109039000027],[63.48570251400008,25.236516953000034],[63.49536132800006,25.231079102000024],[63.50394058300003,25.226249696000025],[63.50506591800007,25.22299575900007],[63.495948792000036,25.215959549000047],[63.49650955200008,25.21111679100005],[63.50083923300008,25.206146240000066],[63.501239776000034,25.203607559000034],[63.49832916200006,25.200262070000065],[63.49269485500008,25.19815826400003],[63.48186111500007,25.198297500000024],[63.42141723700007,25.212284088000047],[63.40792846700003,25.214799881000033],[63.36585617000003,25.222637177000024],[63.353065050000055,25.223571357000026],[63.280117035000046,25.22889900200005],[63.27056121800007,25.230745316000025],[63.26696653800008,25.231439348000038],[63.235816955000075,25.23745346000004],[63.17635726900005,25.251983643000074],[63.13949966500007,25.25774192700004],[63.13523864800004,25.257604599000047],[63.11071014400005,25.25680923500005],[63.09970855700004,25.252559662000067],[63.07475662300004,25.232900620000066],[63.065265656000065,25.228601456000035],[63.02713012600003,25.220132828000033],[63.00994110100004,25.211982727000077],[63.00711441000004,25.210641860000067],[62.99402618400006,25.211271286000056],[62.95304489200004,25.221235276000073],[62.87498855500007,25.237209320000034],[62.85908354800006,25.240456338000058],[62.830890656000065,25.246212006000064],[62.75538635200007,25.250459671000044],[62.73783874500003,25.253742217000024],[62.72206115700004,25.25669098000003],[62.69491958600008,25.259525299000074],[62.65766143900004,25.261487961000057],[62.60478481600006,25.262174557000037],[62.599639893000074,25.262241364000033],[62.59514236500007,25.262298584000064],[62.49446487400007,25.252853394000056],[62.47380065900006,25.24536895800003],[62.46602630600006,25.238519669000027],[62.46368026700003,25.236454010000045],[62.45993423500005,25.22966575600003],[62.46306991600005,25.225219727000024],[62.47201156600005,25.221080780000023],[62.47645187400008,25.217977524000048],[62.47713851900005,25.215892792000034],[62.470733643000074,25.212619781000058],[62.43057632400007,25.210233688000073],[62.411773682000046,25.20544624300004],[62.38592910800003,25.193031311000027],[62.38043212900004,25.18920898400006],[62.36428833000008,25.177978516000053],[62.35622787500006,25.169921875000057],[62.345359802000075,25.152524948000064],[62.34234412900008,25.145742098000028],[62.33940506000005,25.139131546000044],[62.337779786000056,25.127896801000077],[62.33748626700003,25.125867844000027],[62.33842756300004,25.11949827600006],[62.33935928300008,25.113193512000066],[62.343060913000045,25.10950184400008],[62.34644699100005,25.10612487800006],[62.35675811800007,25.10563087500003],[62.375251770000034,25.109006882000074],[62.38401794400005,25.107683182000073],[62.38946914700006,25.104787827000052],[62.38990783700007,25.102710724000076],[62.38679504400005,25.099805832000072],[62.37685775800003,25.096160889000032],[62.339889526000036,25.08953666700006],[62.31977844200003,25.09050750700004],[62.27416610700004,25.09762764000004],[62.27262115500008,25.09841537500006],[62.26895904500003,25.100282669000023],[62.26802825900006,25.10283088700004],[62.270908356000064,25.106431961000055],[62.280601501000035,25.110549927000022],[62.30434103300007,25.113603644000023],[62.31018447900004,25.114395142000035],[62.31731414800004,25.116968155000052],[62.32024583200007,25.12054252200005],[62.32164451600005,25.131141994000075],[62.32213974000007,25.13475227400005],[62.32179035000007,25.147647764000055],[62.314865112000064,25.168682098000033],[62.31078338600008,25.175212860000045],[62.30352401700003,25.182889938000073],[62.300773621000076,25.18579673800008],[62.28842926000004,25.194141388000048],[62.26506042500006,25.204828262000035],[62.25382232700008,25.20832252500003],[62.21722793600003,25.215198517000033],[62.20336151100008,25.21507835400007],[62.18394097400005,25.21298177600005],[62.17373275800003,25.211879730000078],[62.16694641100008,25.211145401000067],[62.14794540400004,25.207702637000068],[62.11694335900006,25.199035645000038],[62.08487701400003,25.188089371000046],[62.073516846000075,25.17848587000003],[62.069465637000064,25.168941498000038],[62.06654357900004,25.15477752700008],[62.06764221200007,25.15203476000005],[62.070072174000074,25.145971298000063],[62.08660888700007,25.13410377500003],[62.088996887000064,25.129455566000047],[62.08913803100006,25.116828918000067],[62.10540008500004,25.10427665700007],[62.104496002000076,25.099018097000055],[62.09836959800003,25.096179962000065],[62.08682632400007,25.09760093700004],[62.064842224000074,25.10362815900004],[62.04576873800005,25.105911255000024],[62.04275512700008,25.106096268000044],[61.98468017600004,25.109621048000065],[61.904286521000074,25.105689529000074],[61.90122222900004,25.10553741500007],[61.87470626800007,25.102684021000073],[61.864555359000065,25.099693298000034],[61.85942459100005,25.09613418600003],[61.85857772800006,25.092710495000063],[61.860187531000065,25.08693695100004],[61.86410522500006,25.082717896000077],[61.863990784000066,25.07835960400007],[61.84991455100004,25.06007766700003],[61.846714020000036,25.05326271100006],[61.844944,25.043432236000058],[61.84059524500003,25.04077148400006],[61.83072662400008,25.038692474000072],[61.81941986100003,25.038703918000067],[61.79751205400004,25.038722992000032],[61.77422332800006,25.03348350500005],[61.76439285300006,25.03277587900004],[61.74884033200004,25.034711838000078],[61.73934555100004,25.03743743900003],[61.727947235000045,25.044332504000067],[61.724792480000076,25.04898834200003],[61.72416687000003,25.05405235300003],[61.727119446000074,25.061334610000074],[61.73617935200008,25.071243286000026],[61.73761749300007,25.07832717900004],[61.73752975500008,25.079423904000066],[61.73704147300003,25.085454941000023],[61.739688873000034,25.090448380000055],[61.74429702800006,25.093564987000036],[61.75415420500008,25.094963074000077],[61.75751113900003,25.09833526600005],[61.75812530500008,25.10268211400006],[61.75430679300007,25.12066650400004],[61.747463226000036,25.12884521500007],[61.747543335000046,25.132055283000057],[61.751384735000045,25.134500504000073],[61.763980865000065,25.124822617000063],[61.76899719200003,25.124027252000076],[61.77357482900004,25.125764847000028],[61.778259277000075,25.131633759000067],[61.783058167000036,25.141859055000054],[61.78487396200006,25.15444946300005],[61.78520584100005,25.156734467000035],[61.78128433200004,25.190330505000077],[61.779079437000064,25.192672729000037],[61.77431488000008,25.193693161000056],[61.764053345000036,25.186565399000074],[61.75225830100004,25.168682098000033],[61.74675369300007,25.170175552000046],[61.74243164100005,25.178529739000055],[61.73825073200004,25.18251991300008],[61.731216431000064,25.18335723900003],[61.721523285000046,25.178739548000067],[61.71446991000005,25.188756943000044],[61.712673187000064,25.188669205000053],[61.704631805000076,25.188272476000066],[61.69879913300008,25.196887970000034],[61.69822692900004,25.20424461400006],[61.689937592000035,25.205333710000048],[61.68782424900007,25.20147514300004],[61.68114852900004,25.196563721000075],[61.65924072300004,25.186914444000024],[61.65395736700003,25.187252045000037],[61.64392471300005,25.199392319000026],[61.639698029000044,25.20177269000004],[61.63367462200006,25.202814102000048],[61.62353897100007,25.200494766000077],[61.61045455900006,25.194952011000055],[61.62939453100006,25.24523544300007],[61.63111710000004,25.248357852000026],[61.635879517000035,25.256990433000055],[61.645072937000066,25.273641586000053],[61.655612946000076,25.29749870300003],[61.66431808500005,25.333377838000047],[61.66711044300007,25.378370285000074],[61.669815063000044,25.421903610000072],[61.66743850700004,25.504415512000037],[61.667209625000055,25.512386322000054],[61.678409576000035,25.630130768000072],[61.68071746800007,25.654352188000075],[61.68900299100005,25.662551880000024],[61.70445632900004,25.672500610000043],[61.70672226000005,25.686317444000053],[61.70497512800006,25.703878403000033],[61.689914703000056,25.71792411800004],[61.69028091400003,25.740310669000053],[61.69057846100003,25.75853157000006],[61.68920517000004,25.79916572600007],[61.71772384600007,25.796018600000025],[61.74858093300003,25.798404694000055],[61.763015747000054,25.80081558200004],[61.76884079000007,25.80178833000008],[61.77094781800008,25.80480151300003],[61.77457488600004,25.80998844800007],[61.77985503500008,25.81753939400005],[61.78034973100006,25.818246841000075],[61.781940460000044,25.851457596000046],[61.780235291000054,25.870868683000026],[61.782531738000046,25.885606766000024],[61.78978347800006,25.91871261600005],[61.791404724000074,25.92610359200006],[61.800324293000074,25.984665706000044],[61.801561105000076,25.99278608700007],[61.80178833000008,25.99427795400004],[61.810474396000075,26.043491364000033],[61.832508087000065,26.168109894000054],[61.833034515000065,26.17110443100006],[61.84788131700003,26.228139877000046],[61.87075424200003,26.246738434000065],[61.90736770600006,26.260055542000032],[61.908721924000076,26.260282516000075],[61.95824432400008,26.26858520500008],[61.986679077000076,26.27966690100004],[62.03850174000007,26.30455398600003],[62.06114578200004,26.315418243000067],[62.106742859000065,26.314228058000026],[62.12114715600006,26.316762924000045],[62.12807464600007,26.32957840000006],[62.128082275000054,26.364114761000053],[62.12808990500008,26.38036537200003],[62.132389069000055,26.38998985300003],[62.14468765300006,26.38932800300006],[62.19966507000004,26.369482040000037],[62.23292923000008,26.366147995000063],[62.238296509000065,26.36475944500006],[62.26353073100006,26.358234406000065],[62.28250503500004,26.358366013000023],[62.29150390600006,26.37113571200007],[62.29133606000005,26.386837006000064],[62.26471328700006,26.412694931000033],[62.26462173500005,26.43208885200005],[62.25637054400005,26.445981979000067],[62.25770950300006,26.44883155800005],[62.26977920500008,26.445749283000055],[62.28259277300003,26.44725036600005],[62.28829455400006,26.453170128000068],[62.30220413200004,26.467597961000024],[62.30879592900004,26.476678848000063],[62.30450439500004,26.48480033900006],[62.29703903200004,26.49412727400005],[62.29586410500008,26.49874496500007],[62.29938888500004,26.513628006000033],[62.30601882900004,26.524431229000072],[62.31506729100005,26.52886962900004],[62.33360290500008,26.528539658000057],[62.34325027500006,26.531242371000076],[62.35342407200005,26.53590774500003],[62.36133956900005,26.539539337000065],[62.39711761500007,26.53831481900005],[62.403537750000055,26.539346695000063],[62.409276317000035,26.543393395000066],[62.41068649300007,26.54438781700003],[62.434532166000054,26.568136215000038],[62.44122695900006,26.570030212000063],[62.463352203000056,26.56761360200005],[62.47842407200005,26.56956672700005],[62.51195907600004,26.581344604000037],[62.52987289400005,26.578460693000068],[62.57709473500006,26.582418903000075],[62.582078385000045,26.58283659800003],[62.60814666700003,26.585012436000056],[62.61057306600003,26.58619208300007],[62.637802124000075,26.599430084000062],[62.64832687400008,26.60914611800007],[62.66085052500006,26.616514206000033],[62.68516540500008,26.61255645800003],[62.69717025800003,26.613401413000076],[62.71022415200008,26.61701393100003],[62.72138595600006,26.619895935000045],[62.72638320900006,26.624120712000035],[62.73159027100007,26.63431358300005],[62.73684310900006,26.63853073100006],[62.76068496700003,26.648427963000074],[62.778697968000074,26.652280807000068],[62.80347061200007,26.652263641000047],[62.81044637600007,26.652239587000054],[62.81398010300006,26.65222740200005],[62.82160186800007,26.65220260600006],[62.84008026100008,26.647533417000034],[62.91946029700006,26.646133423000038],[62.946529388000044,26.652915955000026],[62.95275116000005,26.65298461900005],[62.98587799100005,26.653348923000067],[63.00191879300007,26.65194892900007],[63.02867537600008,26.64418700500005],[63.05144119300007,26.63758277900007],[63.07128938800008,26.640922543000045],[63.07130975100006,26.640925969000023],[63.07177663300007,26.641004530000032],[63.09001541100008,26.644073486000025],[63.09086860800005,26.644085362000055],[63.127971649000074,26.644601822000027],[63.15652465800008,26.644990921000044],[63.16202545200008,26.64361572300004],[63.169185638000044,26.647294998000064],[63.17311859100005,26.670112610000047],[63.17826675500004,26.683242594000035],[63.19713974000007,26.731376648000037],[63.19973373400006,26.737987518000068],[63.203205109000066,26.768262863000075],[63.20320357600008,26.76827328400003],[63.20134081700007,26.780931955000028],[63.19973202500006,26.791864754000073],[63.19213485700004,26.843492508000054],[63.192138114000045,26.843494169000053],[63.20343017600004,26.84925270100007],[63.20477294900007,26.849542618000044],[63.275531769000054,26.864768982000044],[63.281391144000054,26.874574661000054],[63.281385998000076,26.87458984400007],[63.27638626100003,26.889341354000067],[63.26528268900006,26.911520222000036],[63.26065826400003,26.920757294000055],[63.25669097900004,26.928676605000078],[63.25664483700007,26.937732140000037],[63.25609207200006,27.04621505700004],[63.255905151000036,27.082952499000044],[63.255905271000074,27.082952635000026],[63.26637590200005,27.09474537400007],[63.27320098900003,27.10243225100004],[63.29030609100005,27.115695953000056],[63.30348587000003,27.12236213700004],[63.313079834000064,27.129333496000072],[63.31745910600006,27.13865852400005],[63.31745362400005,27.138670645000047],[63.31340789800004,27.147615433000055],[63.29924392700008,27.178920746000074],[63.279518127000074,27.192232132000072],[63.24811671900005,27.208451272000048],[63.228965161000076,27.21834324300005],[63.22837694700007,27.21864706100007],[63.211357117000034,27.227437973000065],[63.18422317500006,27.241436005000025],[63.11577224700005,27.234350204000066],[63.07473373400006,27.233518600000025],[63.05864715600006,27.23318862900004],[62.97724533100006,27.195110321000072],[62.951656342000035,27.19207000700004],[62.94429397600004,27.193300247000025],[62.90870666500007,27.199237823000033],[62.892322540000066,27.210790634000034],[62.878330231000064,27.217138290000037],[62.84365844700005,27.213087082000072],[62.821361542000034,27.212320328000033],[62.811103821000074,27.216352463000078],[62.797943115000066,27.221523285000046],[62.78296661400003,27.234277725000027],[62.781478882000044,27.251424789000055],[62.823181152000075,27.28621673600003],[62.832530975000054,27.304943085000048],[62.83066177400008,27.310951233000026],[62.828052521000075,27.319345474000045],[62.80739975000006,27.340074539000057],[62.83998107900004,27.425014496000074],[62.85539245600006,27.465137482000046],[62.852039337000065,27.542669296000042],[62.851242065000065,27.548858643000074],[62.83859252900004,27.64744186400003],[62.835968018000074,27.674337387000037],[62.83001709000007,27.73526763900003],[62.82393877700008,27.77682079300007],[62.82057952900004,27.79978561400003],[62.81981658900003,27.805004120000035],[62.81067415000007,27.841898667000066],[62.808273315000065,27.851587296000048],[62.80195701700006,27.88882344500007],[62.79747390700004,27.914451599000074],[62.79635620100004,27.92406272900007],[62.79006195100004,27.978113174000043],[62.77183151200006,28.01505279500003],[62.76822662400008,28.032405853000057],[62.77067184400005,28.046142578000058],[62.77801166100005,28.08733048700003],[62.78079223600008,28.102933884000038],[62.79093170200008,28.171073914000033],[62.79656982400007,28.20894813500007],[62.791938782000045,28.27709770200005],[62.78693771400003,28.281181335000042],[62.77161407500006,28.27905082700005],[62.63070297200005,28.259374619000027],[62.619998932000044,28.25819015500008],[62.592315674000076,28.255126953000058],[62.57310485800008,28.278514862000065],[62.54158401500007,28.30996704100005],[62.51596832300004,28.322273254000038],[62.511711121000076,28.32522583000008],[62.50288009600007,28.33134651200004],[62.47233963000008,28.37605667100007],[62.43967056300005,28.40712928800008],[62.426292051000075,28.413657745000023],[62.41824722300004,28.417583466000053],[62.416683197000054,28.41834640500008],[62.372520447000056,28.438018799000076],[62.34996414200003,28.441194534000033],[62.296291351000036,28.46345138500004],[62.28688812300004,28.464508057000046],[62.26943588300003,28.46646690400007],[62.23987579300007,28.465856552000048],[62.20242691000004,28.478696823000064],[62.17054748500004,28.487548828000058],[62.15235519400005,28.48950958300003],[62.148555756000064,28.489053726000066],[62.11578750600006,28.485099792000028],[62.04330444300007,28.507888794000053],[62.018268585000044,28.52676391600005],[62.01583480800008,28.528598785000042],[61.99316406200006,28.54075431800004],[61.95758438100006,28.54869461100003],[61.90860748300008,28.573776245000033],[61.89675829600003,28.580942339000046],[61.89215087900004,28.583728790000066],[61.87010955800008,28.59705925000003],[61.86256399900003,28.60275653700006],[61.82291412400008,28.63269424400005],[61.80415725700004,28.640169144000026],[61.79562377900004,28.655830383000023],[61.787921906000065,28.666080475000058],[61.77752304100005,28.679920197000058],[61.72106170700005,28.738201141000047],[61.69351577800006,28.760499954000068],[61.68103790300006,28.77059364300004],[61.66568756100003,28.795215607000046],[61.64026641800007,28.821624756000062],[61.62000274700006,28.855739594000056],[61.61344909700006,28.863981247000027],[61.573604584000066,28.91403389000004],[61.563320160000046,28.94246673600003],[61.54721832300004,28.962640762000035],[61.53947067300004,28.97075271600005],[61.504318237000064,29.00754547100007],[61.50323104900008,29.019216537000034],[61.50556564300007,29.048053741000047],[61.50316619900008,29.056407928000056],[61.48137664800004,29.078062057000068],[61.47887420700005,29.08055114700005],[61.477939606000064,29.102764130000025],[61.47052002000004,29.113948822000054],[61.45862579300007,29.122406006000062],[61.44353103600008,29.128124237000065],[61.415805817000034,29.135641098000065],[61.41335678100006,29.14121818500007],[61.41483688400007,29.15618896500007],[61.41950988800005,29.168891907000045],[61.42866897600004,29.193780899000046],[61.42243576000004,29.20051002500003],[61.39913177500006,29.20853042600004],[61.39097213700006,29.21361160300006],[61.383487701000035,29.22146225000006],[61.36364364600007,29.268745422000052],[61.35774612400007,29.28278350800008],[61.373420715000066,29.31647491500007],[61.37748718300003,29.33530235300003],[61.37260437000003,29.34867286700006],[61.337066650000054,29.376316071000076],[61.31113052400008,29.396474838000074],[61.23460006700003,29.46495819100005],[61.19258880600006,29.502494812000066],[61.138885498000036,29.55919456500004],[61.12586212200006,29.572931290000042],[61.05173492400007,29.659740448000036],[60.96524810800008,29.760789871000043],[60.87859740400006,29.861780320000037],[60.89342198200006,29.85730720500004],[60.912027082000066,29.851692874000037],[61.04874705800006,29.810336694000057],[61.18536226100008,29.768842998000025],[61.32187269100007,29.727218335000032],[61.45827507200005,29.685456156000043],[61.59456940500007,29.643563010000037],[61.652519135000034,29.625699078000025],[61.68471475700005,29.616314380000063],[61.731236995000074,29.602753617000076],[61.82117196200005,29.576449285000024],[61.86815669600003,29.56270710900003],[61.97638030000007,29.530926607000026],[62.00497489900005,29.52252963400008],[62.14168772600004,29.482213329000047],[62.27829698200003,29.441765411000063],[62.31696861900008,29.430267435000076],[62.41480413600004,29.401178663000053],[62.438469919000056,29.394124130000023],[62.45577396400006,29.388965968000036],[62.555999919000044,29.398906381000074],[62.64896859000004,29.408040287000063],[62.69258987500007,29.41232595400004],[62.69926825700003,29.412982086000056],[62.75478582800008,29.418379222000056],[62.84257588600008,29.426913726000066],[62.985919531000036,29.440698028000043],[63.08598097200007,29.45021245600003],[63.12930246600007,29.45433171800005],[63.22890536300008,29.463697842000045],[63.230310607000035,29.463829172000032],[63.23381842200007,29.464159840000036],[63.27272141700007,29.46781806900003],[63.36451308200003,29.476373504000037],[63.39346870900005,29.478322793000075],[63.41631062600004,29.47986050700007],[63.483562919000065,29.484339299000055],[63.56016504300004,29.489440761000026],[63.56361213900004,29.489551495000057],[63.59084411900005,29.490426289000027],[63.61753328600008,29.485016123000037],[63.63216100900007,29.48205093400003],[63.644845187000044,29.479477428000052],[63.66489517300005,29.476407231000053],[63.774100031000046,29.45968500400005],[63.91077744300003,29.438618923000035],[63.91266471200004,29.438295491000076],[63.91610781000003,29.437705427000026],[63.998312303000034,29.423555947000068],[64.03237070300008,29.417693632000066],[64.04468489800007,29.41301482700004],[64.05067544800005,29.407524455000043],[64.05315520500005,29.405251744000054],[64.06783990600007,29.391778489000046],[64.08463969100006,29.384075519000078],[64.08725636000008,29.382875824000052],[64.08881894900003,29.382408096000063],[64.10529326300008,29.37747686700004],[64.11999433600005,29.382103285000028],[64.13107416400004,29.391945473000078],[64.14658396000004,29.43398595700006],[64.15233652000006,29.449560761000043],[64.17104209200005,29.459514746000025],[64.19333586900007,29.48050861200005],[64.19494056200006,29.48178013100005],[64.20804688600003,29.49436185500008],[64.21899548800008,29.49737513100007],[64.23741956400005,29.50244580800006],[64.24049786800003,29.504687347000072],[64.25163278400004,29.512795494000045],[64.26026352400004,29.51907544200003],[64.26681516100007,29.523842581000054],[64.27941778100006,29.528089213000044],[64.31527631400007,29.530345104000048],[64.32529029200003,29.53438179400007],[64.35259870400006,29.545389966000073],[64.36999442700005,29.54871653400005],[64.38009853400007,29.546503173000076],[64.38573341500006,29.545268821000036],[64.38679837500007,29.545036555000024],[64.39076255800006,29.544171971000026],[64.41180571900003,29.545098564000057],[64.42811441500004,29.550942977000034],[64.44655247700007,29.559744014000046],[64.45285175800007,29.562750849000054],[64.45548329400003,29.56400695900004],[64.45623269800006,29.564188392000062],[64.48761610600008,29.57178641300004],[64.52339963100007,29.57505732000004],[64.52880088000006,29.575548705000074],[64.53228903200005,29.575866043000076],[64.59976395600006,29.57939810000005],[64.63192890900007,29.581081813000026],[64.66743412800008,29.578383888000076],[64.74832140700005,29.57219427700005],[64.76212344300006,29.57113812600005],[64.76888274400005,29.57033689600007],[64.77066920300007,29.57012513400008],[64.81101351400008,29.565342825000073],[64.81595031500007,29.564755975000026],[64.82170044000003,29.564072443000043],[64.95475006000004,29.553653999000062],[64.95577160500005,29.553572144000043],[64.99999924200006,29.537417335000043],[65.02855664900005,29.53430686300004],[65.05400685800004,29.534739055000045],[65.06013265100006,29.535441914000046],[65.06704792100004,29.536235356000077],[65.09713764400004,29.54283610500005],[65.12930303400003,29.551636985000073],[65.19489159300008,29.56958289000005],[65.23230223900003,29.579192440000043],[65.23995087200007,29.581157119000068],[65.25366964800003,29.585039406000078],[65.26193372300008,29.587378063000074],[65.27587846000006,29.591644321000047],[65.27938495500007,29.592256689000067],[65.28628380700007,29.593461492000074],[65.36967392400004,29.615568762000066],[65.40557859300003,29.625951190000023],[65.42348508900005,29.631124396000075],[65.44133919800004,29.636222296000028],[65.51575478400008,29.655114320000052],[65.52127020900008,29.655899955000052],[65.52253561300006,29.656080204000034],[65.52907278900005,29.658449334000068],[65.53465990500007,29.66047415500003],[65.57151736100008,29.669311169000025],[65.61085664600006,29.68099344700005],[65.63604356700006,29.686586180000063],[65.63712132300003,29.686847502000035],[65.63818633100004,29.687106303000064],[65.65865314000007,29.692079824000075],[65.66914506900008,29.694955539000034],[65.69779924800008,29.702809315000025],[65.73130721700005,29.710781946000054],[65.73722693600007,29.713309614000025],[65.74761670900006,29.715778279000062],[65.78114352600005,29.723744429000078],[65.78332509600006,29.724349197000038],[65.83404446900005,29.738409485000034],[65.85321807300005,29.74419496300004],[65.86900452700007,29.748198598000045],[65.87451989500005,29.74959736200003],[65.88060900800008,29.75149086400006],[65.88798660100008,29.753785039000036],[65.89497042600004,29.75538648400004],[65.91555848000007,29.76010748300007],[65.92068209100006,29.761656170000037],[65.93811103800005,29.766924328000073],[66.00254037200006,29.783566990000054],[66.01038638000006,29.785603620000074],[66.03553756900004,29.79213224700004],[66.05383832800004,29.79725073800006],[66.06078859700006,29.799194641000042],[66.07240157300004,29.802442643000063],[66.11657027500007,29.814383582000062],[66.13730970300003,29.82010808600006],[66.15579823700006,29.825211298000056],[66.16486444500003,29.82829230300007],[66.18385469500004,29.83310534900005],[66.20224904400004,29.839270632000023],[66.21585036600004,29.84284066400005],[66.23059035400007,29.846709571000076],[66.24377163400004,29.85079181100008],[66.24564503900007,29.85137200500003],[66.24977892900006,29.853499121000027],[66.25396800100003,29.85565463000006],[66.25804801200007,29.86062024200004],[66.25978324300007,29.862732119000043],[66.26806096100006,29.87280659000004],[66.26982159100004,29.874949382000068],[66.27452874400007,29.878877403000047],[66.28934553300007,29.891241707000063],[66.31225505700007,29.908339698000077],[66.31258330700007,29.909232947000078],[66.31319466700006,29.91089661500007],[66.31890832000005,29.912704190000056],[66.33019094100007,29.92503125500008],[66.34564180100006,29.950127852000037],[66.35685587100005,29.95831657900004],[66.35899068900005,29.962432454000066],[66.36194722300007,29.968132574000037],[66.36150520800004,29.972019027000044],[66.35875817000004,29.974448469000038],[66.34079875100008,29.98701281700005],[66.32223468100005,30.00000017800005],[66.32064741400006,30.001110534000077],[66.30374210700006,30.01293646700003],[66.30042208700007,30.016263035000065],[66.28854335800008,30.022274431000028],[66.28074164400005,30.02801052800004],[66.25904953600008,30.043959332000043],[66.25129413600007,30.048904805000063],[66.24165381200004,30.055052257000057],[66.24027579600005,30.05960798700005],[66.23821919600005,30.06640711700004],[66.23838307200003,30.079420784000035],[66.23844184100005,30.08408769400006],[66.23986253500004,30.086096101000066],[66.24225265300004,30.089474960000075],[66.25725528500004,30.110683867000034],[66.25785450200004,30.11458951800006],[66.25808806900005,30.11611189000007],[66.26008745100006,30.129143699000053],[66.26207678200007,30.131922115000066],[66.26851519300004,30.140914380000027],[66.27905107100008,30.152915759000052],[66.28430984200003,30.158906005000063],[66.28527680300004,30.161227008000026],[66.28644460800007,30.16403009800007],[66.28771171600005,30.170958265000024],[66.28743759100007,30.176836216000027],[66.28694228400008,30.18745686300008],[66.29287837400005,30.201889453000035],[66.30138469600007,30.217792150000037],[66.30421398700008,30.221056716000078],[66.31040833900005,30.22820404600003],[66.31660309000006,30.242875651000077],[66.32045680100003,30.27949409200005],[66.32743735500003,30.30589381300007],[66.33011430800008,30.31197890800007],[66.33245994800006,30.317310882000072],[66.33523645400004,30.337368515000037],[66.33601050300007,30.344885308000073],[66.33651665900004,30.349800581000068],[66.33418216800004,30.354538321000064],[66.33352922700004,30.363323898000033],[66.33278736700004,30.373305926000057],[66.33470276200006,30.383468984000046],[66.33799004000008,30.39252864300005],[66.33923974900006,30.394408355000053],[66.35110313500007,30.412252309000053],[66.35418650400004,30.42123671400003],[66.35437076800008,30.42177362800004],[66.35411865600008,30.427270978000024],[66.34958718900003,30.43376695300003],[66.33892014700007,30.446938688000046],[66.33782199300003,30.451333804000058],[66.33664762600006,30.45603465800008],[66.33981375900004,30.47931735900005],[66.33278328700004,30.48570096000003],[66.32764362800003,30.49036772000005],[66.32718481200004,30.491146660000027],[66.32572972400004,30.493381295000063],[66.30995322800004,30.500766519000024],[66.30838629500005,30.501339160000043],[66.30536610000007,30.502442900000062],[66.29789765500004,30.509295963000056],[66.29778421900005,30.50987614400003],[66.29232831200005,30.537781135000046],[66.28269239700006,30.556944917000067],[66.28198999900007,30.55962031200005],[66.28108150000003,30.56308073200006],[66.28107584200006,30.564610077000054],[66.28105858100008,30.56927548300007],[66.28935208100006,30.59594696100004],[66.29097052700007,30.602199644000052],[66.29294713200005,30.609836037000036],[66.29879154500003,30.62677992400006],[66.30940081700004,30.664579222000043],[66.31608576900004,30.688396736000072],[66.31763141200008,30.692555036000044],[66.32221831000004,30.70489533500006],[66.32741917400006,30.723471218000043],[66.33110116300003,30.736622149000027],[66.33303947800005,30.740590456000064],[66.33614802100004,30.752580375000036],[66.34137881700008,30.772756010000023],[66.34340235300004,30.779851085000075],[66.35765517500005,30.829825414000027],[66.36172457800006,30.844093866000037],[66.36353654500004,30.85087594600003],[66.36941937900008,30.87289504100005],[66.37192692600007,30.882280639000044],[66.37765817100006,30.902198213000077],[66.38132382600003,30.914937321000025],[66.38393334800003,30.921904778000055],[66.38657233800006,30.933917748000056],[66.38987192800005,30.93848536200005],[66.39132644900008,30.940498852000076],[66.39569030800004,30.942411837000066],[66.40096891200005,30.94472582000003],[66.41767999800004,30.94884614600005],[66.44621154500004,30.955880955000055],[66.48239124600008,30.96190544800004],[66.48415275500008,30.964027117000057],[66.50742581700007,30.96617107900005],[66.50833175300005,30.96634646600006],[66.51854802600008,30.96837522900006],[66.52592390100006,30.969267856000045],[66.53389083900004,30.970257883000045],[66.56266568900003,30.977685804000032],[66.57964424400006,30.988495072000035],[66.59145926900004,30.998304094000048],[66.59722293900006,31.00308918500008],[66.61815516100006,31.02046744900008],[66.63879232400006,31.041765997000027],[66.65981911500006,31.060324055000024],[66.66422943700007,31.062985964000063],[66.66696875300005,31.066711954000027],[66.67057251300008,31.06848166000003],[66.67968306900008,31.07290230800004],[66.68316730000004,31.074592936000045],[66.68422813400008,31.09320010600004],[66.68513511300006,31.09503224900004],[66.68814732900006,31.101117076000037],[66.68807047300004,31.10167628800008],[66.68620246500006,31.11526808600007],[66.68859349600007,31.119020524000064],[66.69693850500005,31.132117022000045],[66.70359818900005,31.15066525700007],[66.70711223700005,31.156853695000052],[66.70929853800004,31.16070389600003],[66.71315879800005,31.182601619000025],[66.71610568500006,31.19444123900007],[66.71816174600008,31.202701816000058],[66.72015244800008,31.20597272300006],[66.73107184200006,31.212507988000027],[66.73839208100003,31.211734894000074],[66.75785791700008,31.20967909600006],[66.76858610300008,31.209745956000063],[66.77624571800004,31.209793692000062],[66.78159853100004,31.21084342900008],[66.79290802500003,31.21306132500007],[66.80198732900004,31.219072721000032],[66.80577883000007,31.224003638000056],[66.80802164400006,31.226436355000033],[66.81378245600007,31.23528549100007],[66.82226433200003,31.24831443200003],[66.83497470200007,31.26427933900004],[66.85658102300005,31.278508929000054],[66.86681283900003,31.28271952600005],[66.90227549300005,31.296169862000056],[66.93418238700008,31.305609326000024],[66.95182040000003,31.309833019000052],[66.95772702300007,31.310667935000026],[66.96168839000006,31.311342767000042],[66.96912444700007,31.312609525000028],[66.98565578700004,31.312871459000064],[67.00434965000005,31.31200202000008],[67.01306923700008,31.31159647800007],[67.01881341800004,31.311329320000027],[67.02290950900004,31.310796226000036],[67.03463753500006,31.30926986000003],[67.04446335200004,31.303828171000077],[67.04768229000007,31.29675295800007],[67.05001963700005,31.29161547600006],[67.05131621300006,31.285921675000054],[67.04773753300003,31.27527731300006],[67.04023638500007,31.26932812600006],[67.02481826600007,31.261312931000077],[67.02383630700007,31.25922708300004],[67.02186495500007,31.255039600000032],[67.02394024500006,31.25047074400004],[67.02566627900006,31.246670793000078],[67.02888483400005,31.242747561000044],[67.03099025100005,31.24018128700004],[67.03199262800007,31.239664686000026],[67.04025275600003,31.23540761000004],[67.04964310700007,31.233849100000043],[67.05616854900006,31.23083030500004],[67.06015002100008,31.230449813000064],[67.06901643600008,31.22960248800007],[67.08093184200004,31.230720593000058],[67.09372013200004,31.231920608000053],[67.10996989200004,31.239264596000055],[67.11762165300007,31.241317507000076],[67.16634474100005,31.243393338000033],[67.17100390000007,31.240089689000058],[67.17501707900004,31.235128658000065],[67.18332791800003,31.224854925000045],[67.19433163300005,31.221105833000024],[67.19575382300008,31.220621395000023],[67.22698912100003,31.21943615500004],[67.24583530700005,31.214688593000062],[67.25083943700008,31.212292646000037],[67.26201754800007,31.206940634000034],[67.26691256200007,31.206319191000034],[67.27149833800007,31.205772998000043],[67.29150358400005,31.212511263000067],[67.29497464600007,31.212368266000055],[67.29719497500008,31.212276796000026],[67.30485569400008,31.211961200000076],[67.30992670900008,31.21365153800008],[67.31459965700003,31.215209188000074],[67.32392750600008,31.21410265800006],[67.32718560900008,31.213716161000036],[67.34536058800006,31.21971118700003],[67.34771053000003,31.219645408000076],[67.36509138100007,31.21915888600006],[67.36618110500007,31.219128382000065],[67.39053446300005,31.21657452100004],[67.39928918000004,31.21832402000007],[67.40641096700006,31.219747203000054],[67.42013337400005,31.224263274000066],[67.43065627700008,31.22772638200007],[67.44406732300007,31.232893039000032],[67.44510204400007,31.232998207000037],[67.44938777300007,31.23412477000005],[67.46416424600005,31.23754565100006],[67.47194182400006,31.238892675000045],[67.48788626600003,31.24165414600003],[67.49066874100004,31.242136052000035],[67.51039240800003,31.249984264000034],[67.51811281200008,31.25381130900007],[67.53135698900007,31.260376515000075],[67.53522875600004,31.261940330000073],[67.53924449100003,31.263562293000064],[67.57100077300004,31.270791685000063],[67.57466130700004,31.272946096000055],[67.59062948800005,31.27403967200007],[67.60294368300003,31.27274637100004],[67.61218997000003,31.275270764000027],[67.62042126100005,31.276393808000023],[67.65831663200004,31.291549992000057],[67.68288281200006,31.306824047000077],[67.69043303400008,31.31268742700007],[67.69171978300005,31.313686696000048],[67.69514462000006,31.315147015000036],[67.70709865500004,31.320241641000052],[67.71706440300005,31.32322615100003],[67.71773609400003,31.32342730700003],[67.73129828100008,31.32325336200006],[67.73785303700004,31.324570108000046],[67.75616553200007,31.325797926000064],[67.76197634200008,31.327349971000046],[67.76277234300005,31.327562580000063],[67.77407857600008,31.332873431000053],[67.77803905800005,31.336718769000072],[67.78545308100007,31.343917244000068],[67.78984703200007,31.35662106600006],[67.78704830400005,31.36904253600005],[67.78579032100004,31.37462578700007],[67.78409844300006,31.37836627300004],[67.77830554400003,31.391173498000057],[67.77489278400003,31.39546671100004],[67.77133808600007,31.39993848100005],[67.76401374300008,31.403428758000075],[67.76040559600006,31.407465823000052],[67.75395873200006,31.411411387000044],[67.75314174500005,31.41191139400007],[67.75032111800004,31.41363765400007],[67.74093689900008,31.414783535000026],[67.72634101700004,31.41190888700004],[67.69357770600004,31.405244134000043],[67.68920853000003,31.40435535100005],[67.67375560000005,31.40057156200004],[67.66007159300005,31.397220911000034],[67.65424162800008,31.397075400000062],[67.64406670600005,31.396821720000048],[67.64285085800003,31.39727872700007],[67.63377991900006,31.400688268000067],[67.62939360700005,31.40989595800005],[67.62773905500006,31.413369171000056],[67.62553985200003,31.414141185000062],[67.62287034800005,31.415078294000068],[67.61220534100005,31.41718811900006],[67.60539277000004,31.418535829000064],[67.59762641300006,31.426816233000068],[67.59506877800004,31.433348918000036],[67.59469605200007,31.434301146000053],[67.59910634200003,31.453657969000062],[67.59894431600003,31.45568720600005],[67.59863158600007,31.459603881000078],[67.59504646600004,31.47050985100003],[67.59099619600005,31.479569837000042],[67.57567630300008,31.505069159000072],[67.55503914000008,31.52195411100007],[67.55399470600008,31.528800232000037],[67.55593907100007,31.530066540000064],[67.55948547800006,31.532375829000046],[67.56592089200007,31.533856099000047],[67.56956340700003,31.53469394900003],[67.58454933400003,31.534386176000055],[67.59446724000003,31.533211050000034],[67.61005520400005,31.53136410700006],[67.61271288900008,31.53131951000006],[67.62156722400005,31.53117093000003],[67.62774560400004,31.530205047000038],[67.62959518700006,31.529760192000026],[67.63637601000005,31.528129297000078],[67.64603148600008,31.520322487000044],[67.64846795000005,31.51835251500006],[67.65380808500004,31.518715946000043],[67.65734282500006,31.519719835000046],[67.66175124800003,31.520971856000074],[67.67206827600006,31.520933957000068],[67.67779473500008,31.520912921000047],[67.69976776400006,31.519390427000076],[67.71309695400004,31.520634616000052],[67.71713887900006,31.521947194000063],[67.72605288900007,31.524841938000066],[67.74206690800008,31.53370842000004],[67.76697687700005,31.556755381000073],[67.77743604400007,31.564912003000074],[67.77819094700004,31.565500718000067],[67.79000746700007,31.572196418000033],[67.80359531800008,31.582143380000048],[67.81545124000007,31.595934314000033],[67.81739364100008,31.597376723000025],[67.84314742400005,31.61651573200004],[67.84878525600004,31.61922486700007],[67.86870568100005,31.628797185000053],[67.87176204700006,31.629281225000057],[67.87377083900003,31.629599360000043],[67.88661872600005,31.629438925000045],[67.89449968000008,31.62572927800005],[67.90439752900005,31.625958471000047],[67.91098030000006,31.628170628000078],[67.91683941700006,31.630139600000064],[67.92453046800006,31.63237586500003],[67.94992174200007,31.63341378100006],[67.95543184000007,31.635125251000034],[67.96980256900008,31.63958888600007],[67.97238757200006,31.640936433000036],[67.98771561300003,31.648926850000066],[68.00526561400005,31.661431226000047],[68.02255289900006,31.67374841700007],[68.03149468700008,31.679216299000075],[68.03558534100006,31.681019019000075],[68.04681458000005,31.685967660000074],[68.05783874800005,31.693308374000026],[68.05939525400004,31.694825723000065],[68.06408602100004,31.699398780000024],[68.06750413000003,31.710235890000035],[68.06734418400004,31.715501158000052],[68.06988016600008,31.71749870800005],[68.08409113100004,31.72869244800006],[68.08614234200007,31.731036689000064],[68.09082939600006,31.736393322000026],[68.10037068400004,31.74670188500005],[68.10121182400007,31.74761066600007],[68.10872631400008,31.75300042400005],[68.11668232900007,31.758706866000068],[68.11742081200003,31.75989785200005],[68.13396621700008,31.78739426100003],[68.14057494400004,31.798247005000064],[68.14437207800006,31.80120246100006],[68.15108386800006,31.812424230000033],[68.15408329900004,31.817439125000078],[68.16495358000003,31.830719203000058],[68.16887605800008,31.83423564900005],[68.17120381600006,31.82787441800008],[68.17192103700006,31.821708657000045],[68.17749041900004,31.814498910000054],[68.17901255700008,31.81430656200007],[68.18613443600003,31.813406591000046],[68.24125509400005,31.806441151000058],[68.25935418400007,31.80154968200003],[68.25096958900008,31.785348877000047],[68.25376246600007,31.78151481100008],[68.27414115700003,31.763424971000063],[68.27822059800008,31.75980371600008],[68.28660577600004,31.756997743000056],[68.32089299900008,31.757462677000035],[68.37203898100006,31.758480947000066],[68.40958401500006,31.75715490400006],[68.41951788000006,31.756205391000037],[68.42185510400003,31.757217938000053],[68.42302780200004,31.755357378000042],[68.43610488100006,31.747139184000048],[68.44533479700004,31.742509492000067],[68.45338600800005,31.74220499300003],[68.45514418000005,31.741370216000064],[68.45663399600005,31.74066285400005],[68.46522908900005,31.740129641000067],[68.47917018400005,31.739264779000052],[68.49039407600003,31.740391097000042],[68.49189785300007,31.740091654000025],[68.50090092300007,31.73829889500007],[68.50530520500007,31.736256440000034],[68.51038295100005,31.73390167000008],[68.53714610700007,31.71402084300007],[68.55561903600005,31.71436463200007],[68.56351308700005,31.719773579000048],[68.57464530200008,31.734861005000027],[68.58202200700003,31.75033800600005],[68.57610231300004,31.751605167000037],[68.56401731100004,31.752528486000074],[68.53852126300006,31.75457484900005],[68.51273577400008,31.754091424000023],[68.49835361000004,31.75382178800004],[68.48988346200008,31.752247088000047],[68.47915708700003,31.750252930000045],[68.46790784600006,31.748706398000024],[68.46367675900007,31.74812471300004],[68.45767191100003,31.752132310000036],[68.45603601200008,31.75306923900007],[68.44761035300007,31.75789486900004],[68.43310656700004,31.76324784700006],[68.43689417700006,31.765208250000057],[68.45129380600008,31.770556127000077],[68.46058325600006,31.77276839500007],[68.46593594400008,31.774043130000052],[68.47782122100006,31.78067989400006],[68.52070644400004,31.801179542000057],[68.52534484800003,31.803785319000042],[68.52864509300008,31.805639342000063],[68.53840666700006,31.811123230000078],[68.55266976500008,31.819159581000065],[68.55479394300005,31.820356420000053],[68.57014330300007,31.827965617000075],[68.57611213500007,31.825555819000044],[68.58177984100007,31.821125995000045],[68.58212353200008,31.820857370000056],[68.63223205700007,31.77826338500006],[68.63274207300003,31.77808064800007],[68.63953302100003,31.775647478000053],[68.65172515200004,31.774925433000078],[68.67817818000003,31.77335882600005],[68.68016005900006,31.773504433000028],[68.68218905200007,31.77365350200006],[68.69548679700006,31.771776173000035],[68.69805245900005,31.771413962000054],[68.70184396000008,31.76987837100006],[68.70925998000007,31.751002718000052],[68.71195534100008,31.73643301800007],[68.71571994000004,31.716083577000063],[68.71391279400007,31.702086096000073],[68.71647461100008,31.697551761000057],[68.71698707500008,31.69664474600006],[68.72674437600006,31.690156357000035],[68.74283670700004,31.67945531400005],[68.74603013100005,31.675960776000068],[68.75189964000003,31.669537820000073],[68.77351295100004,31.660975249000046],[68.77793905200008,31.65509560600003],[68.78267694100003,31.635253870000042],[68.79750898100008,31.618788014000074],[68.79984478300008,31.616018818000043],[68.80233890000005,31.613061902000027],[68.80493809800004,31.60998046700007],[68.81217076400003,31.60964322700005],[68.82139634700007,31.605241377000027],[68.82190767300006,31.604997405000063],[68.83161624400003,31.605780147000075],[68.84183484400006,31.59914292800005],[68.84829807700004,31.597417435000068],[68.85870342500004,31.598275270000045],[68.87200267600008,31.60169994200004],[68.87832590500005,31.601599564000026],[68.90063586100007,31.60124495200006],[68.91203007100006,31.60367721800003],[68.91687887300003,31.604712267000025],[68.92845985100007,31.613369245000058],[68.93365597600007,31.62054952300008],[68.93398899300007,31.621220622000067],[68.94442148400003,31.642244247000065],[68.94915881600008,31.645753867000053],[68.95675496500007,31.642513720000068],[68.96158474000003,31.640453270000023],[68.96891890600006,31.635528902000033],[68.97375604600006,31.635842232000073],[68.97827064700004,31.636133905000065],[68.98000443600006,31.63429721400007],[68.98593809900007,31.628011382000068],[68.99344579600006,31.626980015000072],[68.99490600500008,31.627225837000026],[69.00091420300004,31.62823730100007],[69.00629913800003,31.62634391100005],[69.01088735800005,31.62473065300003],[69.02101112600008,31.626714806000052],[69.022124,31.63213617300005],[69.02417061100005,31.642106243000057],[69.02668033200007,31.644890088000068],[69.03149505400006,31.65022997400007],[69.04681494700003,31.659849518000044],[69.04722828100006,31.66000501800005],[69.06646658100004,31.667242619000035],[69.07282824800006,31.673277212000073],[69.08117747600005,31.681197178000048],[69.09169086900005,31.689069275000065],[69.09646462700005,31.69264371500003],[69.09645375000008,31.693405167000037],[69.09971438500008,31.695243135000055],[69.10969559300008,31.70039042800005],[69.11395523300007,31.701873439000053],[69.11794325500006,31.703261884000028],[69.11862293700005,31.704739234000044],[69.12101771100004,31.709944488000076],[69.12090666100005,31.711077342000067],[69.12000926300004,31.72023196500004],[69.12742528300004,31.724462206000055],[69.13227761900004,31.736206694000032],[69.13526039800007,31.747928262000073],[69.13870017200003,31.750676467000062],[69.14897266800006,31.758883671000035],[69.15625116200005,31.783944216000066],[69.15701708600005,31.78461116300008],[69.17469136000005,31.800000837000027],[69.17805666700008,31.805105237000078],[69.18093849800005,31.809476317000076],[69.18257224600006,31.81415129800007],[69.18576136600007,31.823276990000068],[69.19140085500004,31.829051287000027],[69.19233592200004,31.830008706000058],[69.19760735300008,31.84839650600003],[69.20138729600006,31.851127174000055],[69.20342229900007,31.852597281000044],[69.20590008800008,31.853104305000045],[69.21063859400005,31.854073936000077],[69.22265874100003,31.859072565000076],[69.23112514400003,31.862593355000058],[69.26258035800004,31.88659993600004],[69.26724918300005,31.895132166000053],[69.27187232700004,31.906182527000055],[69.27475456800005,31.908832434000033],[69.27768072400005,31.911522716000036],[69.28920998400008,31.91558785600006],[69.29927067400007,31.91913518700005],[69.30851141700003,31.922995893000063],[69.31285197700004,31.92480934300005],[69.31579434000008,31.92682413400007],[69.31761921200007,31.928073764000032],[69.31839764500006,31.92981019800004],[69.32324664400005,31.940626765000047],[69.32350288800006,31.94417284900004],[69.32092065800003,31.95189079000005],[69.32454681400003,31.95444297800003],[69.33043670700005,31.959621429000038],[69.33082580600006,31.96021270800003],[69.33167266800007,31.958347321000076],[69.33196258500004,31.957769394000024],[69.33238983200005,31.95737648000005],[69.33349609400005,31.95636558500007],[69.33723449700005,31.95412445100004],[69.33834838900003,31.953559875000053],[69.34114074700005,31.952140808000024],[69.34179687500006,31.951829910000072],[69.34679412800006,31.95195579500006],[69.34967804000007,31.953275681000036],[69.35229475400007,31.95458632100008],[69.36201477100008,31.960203171000046],[69.36299133300008,31.960985184000037],[69.36400233600006,31.96179233400005],[69.36441803000008,31.962114334000034],[69.36737060500008,31.964372635000075],[69.36785888700007,31.964761734000035],[69.36849975600006,31.96527481100003],[69.36943243100006,31.96562149600004],[69.37202453600008,31.966579437000064],[69.37486649400006,31.96664518600005],[69.37946319600007,31.965656281000065],[69.37992095900006,31.965557098000033],[69.38931274400005,31.962745667000036],[69.39392089800003,31.962368011000024],[69.39435577400008,31.962368011000024],[69.39503479000007,31.962368011000024],[69.39559173600003,31.962368011000024],[69.39821624800004,31.96280670200008],[69.40000915500008,31.963106155000048],[69.40357971200007,31.963703156000065],[69.40443420400004,31.963638306000064],[69.40930175800008,31.963270187000035],[69.41575622600004,31.962783813000044],[69.42536926300005,31.962627411000028],[69.42877197300004,31.96275711100003],[69.42993927000003,31.962800980000054],[69.43286895800003,31.962915421000048],[69.43859100300006,31.96394538900006],[69.44708252000004,31.966585159000033],[69.45549774200003,31.966688156000032],[69.46449279800004,31.965862274000074],[69.47001647900004,31.96535491900005],[69.47126770000006,31.965230942000062],[69.48124694800003,31.966087341000048],[69.49758148200004,31.969518661000052],[69.51042938200004,31.97272491500007],[69.51127213100006,31.972956442000054],[69.51197814900007,31.973251343000072],[69.51580047600004,31.974853516000053],[69.51881408700007,31.976106644000026],[69.52311706500006,31.97559928900006],[69.52375793500005,31.974748611000052],[69.52552032500006,31.972721100000058],[69.52982330300006,31.967235565000067],[69.53524780300006,31.96065330500005],[69.53589630100004,31.959835052000074],[69.53727722200006,31.95929718000008],[69.54040527300003,31.958101273000068],[69.54134368900003,31.957748413000047],[69.54615239500004,31.956688469000028],[69.54875946000004,31.956113815000037],[69.55091095000006,31.957557678000057],[69.55236794800004,31.958545499000024],[69.55915832500006,31.963479996000046],[69.56345367400007,31.966890335000073],[69.57026196400005,31.970820756000023],[69.57250976600005,31.971801758000026],[69.58279418900008,31.976289749000046],[69.58608245800008,31.977945328000033],[69.58813476600005,31.979351044000055],[69.58950805700005,31.980255127000078],[69.59072876000005,31.98104476900005],[69.59260559100005,31.982896805000053],[69.59434509300007,31.984613419000027],[69.59571075400004,31.985250473000065],[69.59763336200007,31.98692131000007],[69.60057830800008,31.990528107000046],[69.60391235400004,31.994617462000065],[69.60873413100006,31.99847793600003],[69.61040496800007,31.998899460000075],[69.61196572400007,31.99974813500006],[69.61907959000007,32.001377106000064],[69.62029266400003,32.00175476100003],[69.62562561000004,32.00453567500006],[69.62600002200003,32.00476301200007],[69.62921905500008,32.00724029500003],[69.63031292200003,32.009862903000055],[69.63059234600007,32.01243591300005],[69.63065338100006,32.01298522900004],[69.63173675500008,32.016181946000074],[69.63256835900006,32.01763153100006],[69.63284301800007,32.01810455300006],[69.63320922900004,32.01874160800003],[69.63578796400003,32.022262573000035],[69.63800048800005,32.02514648400006],[69.64022064200003,32.02803039600008],[69.64243316700004,32.03059768700007],[69.64353942900004,32.03251647900004],[69.64350891100008,32.03570175200008],[69.64347839400006,32.03793335000006],[69.64454650900007,32.04303741500007],[69.64567479600004,32.04466956600004],[69.64675903300008,32.046237946000076],[69.64863586400003,32.04765701300005],[69.64973449700005,32.048492432000046],[69.65564461300005,32.05044088900007],[69.65904998800005,32.05238723800005],[69.66001129200004,32.05321502700008],[69.66146087600004,32.05466461200007],[69.66204071000004,32.05511093100006],[69.66719055200008,32.061367035000046],[69.67042541500007,32.064491272000055],[69.67288970900006,32.06686401400003],[69.67683410600006,32.07067489600007],[69.67954841900007,32.072943775000056],[69.68173980700004,32.07343292200005],[69.68241882300003,32.07358551000004],[69.68317413300008,32.073673248000034],[69.68851470900006,32.07430648800005],[69.69467926000004,32.07503509500003],[69.70814514200003,32.07672500600006],[69.70948028600003,32.076736450000055],[69.71070861800007,32.076972961000024],[69.71272277800006,32.076793671000075],[69.71667480500008,32.076656342000035],[69.72026062000003,32.07671737700008],[69.72499084500004,32.07748413100006],[69.73696136500007,32.078205109000066],[69.73964691200007,32.07886123700007],[69.74217987100008,32.07960128800005],[69.74394989000007,32.08012008700007],[69.74491882300003,32.08040618900003],[69.74879660100004,32.08159123900003],[69.75087850400007,32.08232907400003],[69.75713348400006,32.083759308000026],[69.76496887200005,32.08636093100006],[69.76868438700006,32.08956909200003],[69.77317047100007,32.09055709800003],[69.77580261200006,32.089298248000034],[69.77732086200007,32.08739852900004],[69.77883148200004,32.085815430000025],[69.77996063200004,32.08582305900006],[69.78257751500007,32.08584213300003],[69.78482055700005,32.086494446000074],[69.78779602100008,32.088741302000074],[69.78965759300007,32.09003067000003],[69.79414367700008,32.091014862000065],[69.79676055900006,32.091667175000055],[69.79899597200006,32.09295654300007],[69.80421447800006,32.09521865800008],[69.80570983900003,32.09554672200005],[69.80758667000003,32.09556198100006],[69.80946350100004,32.094615936000025],[69.81508636500007,32.09433364900008],[69.81845092800006,32.094673157000045],[69.82257080100004,32.09501647900004],[69.82743072500006,32.09632110600006],[69.83377838100006,32.09859085100004],[69.84387970000006,32.09960937500006],[69.84986114500003,32.10060119600007],[69.85248565700005,32.10061645500008],[69.85398864700005,32.099670410000044],[69.85400390600006,32.09807968100006]]]]}},{"type":"Feature","properties":{"Shape_Leng":16.0217555769,"Shape_Area":6.95587464732,"ADM1_EN":"Gilgit Baltistan","ADM1_PCODE":"PK3","ADM1_REF":null,"ADM1ALT1EN":null,"ADM1ALT2EN":null,"ADM0_EN":"Pakistan","ADM0_PCODE":"PK","date":"2022-09-02T00:00:00","validOn":"2022-09-09T00:00:00","validTo":null},"geometry":{"type":"Polygon","coordinates":[[[74.75373210400005,37.02594407700008],[74.76399011300003,37.02577381900005],[74.77289261100003,37.02705402400005],[74.78091435500005,37.02778416600006],[74.78982667500003,37.027800537000076],[74.79293714700003,37.03137921700005],[74.79245584300008,37.04460036000006],[74.79690218000007,37.04889608600007],[74.80402025000006,37.054625902000055],[74.83487613200003,37.05587991400006],[74.84429922500004,37.057356569000035],[74.84561544600007,37.043952072000025],[74.84370987200003,37.03157894200007],[74.83992164500006,37.020924757000046],[74.84135573600008,37.01402605800007],[74.84752756700004,37.007520260000035],[74.85784451200004,37.001996717000054],[74.86231049500003,36.99664015700006],[74.86722176600006,36.99092998500004],[74.87258160000005,36.98093063600004],[74.87482441400005,36.972712442000045],[74.89134920600003,36.940209647000074],[74.89268834600006,36.93806833200006],[74.89961978700006,36.93475813500004],[74.91017247300005,36.934054186000026],[74.91730363900007,36.936339565000026],[74.92027987000006,36.94523878900003],[74.92419078700004,36.94486386400007],[74.93586169700006,36.94381779400004],[74.93675227400007,36.946676154000045],[74.93630371100005,36.95096533100008],[74.93050841100006,36.95918025200007],[74.92738156800004,36.96739844600006],[74.92515185100007,36.97204123500006],[74.92470001400005,36.978471726000066],[74.93226664600007,36.98312433700005],[74.94473472800007,36.987059903000045],[74.95809666000008,36.98992481100004],[74.96700570700006,36.990998743000034],[74.97279773300005,36.99493103400005],[74.98004677000006,36.996106465000025],[74.98972524900006,36.99386365100003],[75.00264516700008,36.99493430800004],[75.00929175500005,36.999976547000074],[75.01289335400008,37.00386954800007],[75.02214946400005,37.01183235700006],[75.02938212900006,37.01708741700003],[75.03963359000005,37.01637037100005],[75.04987850300006,37.01136087400005],[75.06012341500008,37.00635465200003],[75.07170746700007,37.00563433200006],[75.09176510000003,37.011337955000045],[75.10700641300008,37.01023783000005],[75.12785639800006,37.01130193900008],[75.12951313300005,37.012791692000064],[75.13233547700008,37.02344915100008],[75.14496726800007,37.02617981800006],[75.16885896700006,37.014111187000026],[75.16524427100006,36.99196135200003],[75.17191705200008,36.98766235200003],[75.18600912700003,36.982299244000046],[75.19594954000007,36.979047982000054],[75.20752049600003,36.97545620500006],[75.21731684600007,36.974365903000034],[75.22354106400007,36.971494446000065],[75.23287575400008,36.96540119600007],[75.24177825200007,36.96359712200007],[75.25380759300003,36.965715517000035],[75.26093875900006,36.96784373500003],[75.26718589700005,36.971045884000034],[75.28559006800003,36.97487995000006],[75.30148949100004,36.97346550300006],[75.31483832700007,36.97092801300005],[75.32328898800006,36.96840362000006],[75.33574069900004,36.964081701000055],[75.34285222000005,36.96120042100006],[75.34908953500008,36.961897822000026],[75.36199635600008,36.96042771500004],[75.37488680700005,36.95574236200008],[75.38156286200007,36.95500567100004],[75.38778708000007,36.95513991200005],[75.39514743900008,36.95585368400003],[75.40072336900005,36.95744493600006],[75.41028070400006,36.95473064000004],[75.41359090100008,36.94953778800004],[75.41442581700005,36.939171731000044],[75.41039857400006,36.93561269700007],[75.4046,36.933130867000045],[75.39658153000005,36.932086404000074],[75.39298648000005,36.92566573500005],[75.39086808500008,36.91941532300007],[75.39179467800005,36.91012647200006],[75.39309780200006,36.90440320300007],[75.39886363500005,36.900454541000045],[75.41039857400006,36.89433837100006],[75.42101674300005,36.88393957200003],[75.42674328600003,36.87355387000008],[75.42889442300003,36.86068306400006],[75.43015498300008,36.84816914400005],[75.42997817700007,36.843929080000066],[75.43131404300004,36.83337312000003],[75.42782704000007,36.82468017000008],[75.42402571600007,36.81255260300003],[75.42168467600004,36.80454395600003],[75.42009342400007,36.79782206300007],[75.42040119700005,36.78620854300004],[75.42243446400005,36.779051183000036],[75.42948050100006,36.76830532100007],[75.43565233200007,36.76006420700003],[75.43871369200008,36.75218980200003],[75.44224653300006,36.74114271500008],[75.44646367800004,36.73607100900006],[75.45038614700007,36.72825226400005],[75.45516317700003,36.72134701700003],[75.46250061700005,36.72065289000005],[75.46961213800006,36.722054240000034],[75.47944450400007,36.73273461800005],[75.48747934400006,36.739489254000034],[75.49548799100006,36.741957986000045],[75.50171875700005,36.74407638100007],[75.51139723600005,36.73081267400005],[75.52157666500005,36.72612077300005],[75.52913020000005,36.72715868800003],[75.53403819800008,36.73071117400008],[75.53149415900003,36.74751754600004],[75.53109143500006,36.75359442600006],[75.53372060200007,36.76468735100008],[75.53434269700006,36.773589849000075],[75.54632292500008,36.771749759000045],[75.55964556800006,36.77132739000007],[75.56963182000004,36.77038770000007],[75.58578990300003,36.76333838800008],[75.60113926400004,36.766655134000075],[75.61893116300007,36.76977870200005],[75.63120606800004,36.77220487000005],[75.64529814300005,36.77161224400004],[75.66598114400006,36.76594791100007],[75.67882903100008,36.76230047300004],[75.68633345400008,36.75725496000007],[75.69340895900007,36.75399387600004],[75.70133247700005,36.74644361400004],[75.70977986400004,36.74746515900006],[75.72072217700008,36.75106348400004],[75.73156953900008,36.74635848600008],[75.74155906500005,36.74192524400007],[75.74942037300008,36.737478907000025],[75.75344106800003,36.733248665000076],[75.75664976500008,36.729853339000044],[75.76042162200008,36.72645801300007],[75.76306061200006,36.72475871300003],[75.76653779200007,36.724107151000055],[75.76989382700003,36.724107151000055],[75.77279802600003,36.723383557000034],[75.77488367900008,36.72247660900007],[75.77624573900005,36.721477984000046],[75.77742444400008,36.72020760200007],[75.77943479100003,36.71791567500003],[75.78690319800006,36.714805203000026],[75.79124476200008,36.711200330000054],[75.79386083200006,36.708711952000044],[75.79702041700006,36.707382635000045],[75.80394858400007,36.70266454000006],[75.81088984800004,36.69725559300008],[75.81867912500007,36.695474438000076],[75.82574153300004,36.69220680600006],[75.83234555600006,36.68751490400007],[75.83806555000007,36.683186437000074],[75.84467939600006,36.67920830700007],[75.85083813000006,36.674516406000066],[75.85788416800006,36.670178116000045],[75.86579131500008,36.66332852900007],[75.86798174200004,36.66081068400007],[75.87235932200008,36.65577499300008],[75.87673690200006,36.65073930300008],[75.88105882100007,36.64592625700004],[75.88715207200005,36.63959071700003],[75.89293755000006,36.63485297700004],[75.89692877700008,36.633075097000074],[75.90133582400006,36.63089776600003],[75.90969808300008,36.62582933400006],[75.91452095100004,36.62114725500004],[75.92109223300008,36.61466110200007],[75.92810880200005,36.608531836000054],[75.93334094400007,36.603738435000025],[75.93965029100008,36.600834236000026],[75.94334356700006,36.60087680000004],[75.93790515200004,36.59765173200003],[75.93429700500008,36.59058277500003],[75.93069540500005,36.580475378000074],[75.93061355100008,36.57377313000006],[75.93247983400005,36.56963456500006],[75.93841919800008,36.56466435800007],[75.94320932500005,36.55872172000005],[75.94816643500008,36.554632268000034],[75.95202669500003,36.54833929200004],[75.95636825900004,36.53798960600005],[75.95756333500003,36.53127753500007],[75.96012374400004,36.524270787000034],[75.97517515500004,36.509995358000026],[75.98401216900004,36.50217006500003],[75.99234823400008,36.498512805000075],[75.99674218500007,36.49489156100003],[75.99865430700004,36.49049433600004],[75.99607097800003,36.48135937100005],[75.99653263700003,36.47896594400004],[76.01077205100006,36.47446394600007],[76.01123371000006,36.472070519000056],[76.01166590200006,36.46768639100003],[76.00714753200003,36.46135412500007],[76.00755353100004,36.454979294000054],[76.01395128000007,36.44831306200007],[76.01764783100003,36.442278746000056],[76.02148517100005,36.43727252300005],[76.02533560800003,36.43012171200007],[76.02735250300003,36.42454250800006],[76.03178574400005,36.40968754800008],[76.02897322300004,36.398643736000054],[76.02443848200005,36.391119668000044],[76.01306397700006,36.38763266500007],[76.00809377100006,36.384093275000055],[75.98905768200007,36.35359755300004],[75.98816710500006,36.352572735000024],[75.98668062700006,36.34075294100006],[75.98834063600003,36.33252165000005],[75.99166720400007,36.322731849000036],[75.99604151000005,36.31282745100003],[76.00695108100007,36.303774341000064],[76.01354528200005,36.30157081700003],[76.02007072500004,36.29436761900007],[76.02570559000003,36.286814083000024],[76.02813175800003,36.270354775000044],[76.04102220900006,36.26006402400003],[76.05222318200003,36.25328974400003],[76.05883702800008,36.24312668600004],[76.06203590300004,36.230936910000025],[76.05796282200004,36.22577680100005],[76.05266519700007,36.22546902800008],[76.04477442000007,36.22875630500005],[76.02807282300006,36.233192821000046],[76.01796215200005,36.23578269800004],[76.00862091400006,36.22979094600004],[76.00925610500008,36.21731304300005],[76.01107000100006,36.20651479400004],[76.01150546700006,36.198260583000035],[76.01305415500008,36.18929915000007],[76.01290026800007,36.17944713900005],[76.01359439500004,36.172571359000074],[76.01350926600009,36.16614086800007],[75.99230239500008,36.16201867400008],[75.97446465700006,36.162722623000036],[75.96516925700007,36.15958595700005],[75.97208760200004,36.14916423900007],[75.96053629100004,36.14140115600003],[75.94023636900005,36.13870650500007],[75.93358978100008,36.135546920000024],[75.93173004700003,36.12734182200006],[75.94003337000004,36.12227339000003],[75.94613971700005,36.117221329000074],[75.94499048000006,36.11254252400005],[75.94120880100007,36.105015182000045],[75.94320605100006,36.09366032200006],[75.94665703800007,36.08791413500006],[75.95447578200003,36.07963373100006],[75.95159343300008,36.07640072500004],[75.94932483800005,36.07385614000003],[75.94688623100006,36.071120860000065],[75.95478355500006,36.06891078800004],[75.95510115100006,36.059261777000074],[75.95853576700006,36.05244165800008],[75.96587320600008,36.042933436000055],[75.97984086300005,36.03225633200003],[75.99016762900004,36.02690632000008],[76.00073668600004,36.02273828700004],[76.01160369300004,36.01880927000008],[76.02072883500006,36.017051035000065],[76.02516535000007,36.017732065000075],[76.03796739800003,36.02600919400004],[76.04152643300006,36.02741381800007],[76.05509463900006,36.02681136900003],[76.06364680000007,36.02625475800005],[76.07514899800003,36.025668679000034],[76.08628121300006,36.02387770200005],[76.09429640800005,36.023091899000065],[76.10107068900004,36.01937570300004],[76.10142430000008,36.01329554900008],[76.10000003200008,35.999999100000025],[76.10258663500008,35.99516968300003],[76.10440707900005,35.989177932000075],[76.10989460700006,35.982069685000056],[76.11402007500004,35.975711225000055],[76.11996271300006,35.96895659000006],[76.12852142300005,35.96218558400005],[76.13319040500005,35.95580420500005],[76.13873359300004,35.95012022700007],[76.14488250500006,35.94072332700006],[76.15019650100004,35.93522270300008],[76.15393889000006,35.92750545800004],[76.15988480200008,35.91752575500004],[76.16181329500006,35.909536753000054],[76.16079829900008,35.903649775000076],[76.15865371000007,35.89710141300003],[76.15399782500003,35.88779946500006],[76.15387995400005,35.87799001900004],[76.15544828700007,35.87074098200003],[76.15712139400006,35.864490570000044],[76.15178775300006,35.854075401000046],[76.14738725400008,35.84883998500004],[76.14380857400005,35.840782226000044],[76.14413926600008,35.83408980000007],[76.14970537400006,35.83051439400003],[76.15377483800006,35.82768376300004],[76.15740624700004,35.82515783400004],[76.16947160400008,35.82292484200008],[76.18590144500007,35.82346180800005],[76.20054030800003,35.82463069100004],[76.21320484000006,35.82382851600005],[76.21876112600006,35.82417558000003],[76.22308304400008,35.82691934300004],[76.22494277900006,35.83255748300007],[76.22589229200008,35.837828914000056],[76.23152715700007,35.83882426500003],[76.23974535200006,35.839086200000054],[76.24666042200005,35.83901416800006],[76.25226254600005,35.837897672000054],[76.26223897500006,35.83764883400005],[76.27476599200008,35.83964935900008],[76.28366849000008,35.84225560700003],[76.29599578200003,35.84234401000003],[76.30499323100008,35.837665205000064],[76.31031704900005,35.83585130900008],[76.32733951600005,35.830019993000064],[76.33639590100006,35.82885765800006],[76.34889672400004,35.82695535900007],[76.36300517000006,35.82486643200008],[76.36403653700006,35.82783284000004],[76.35891571800005,35.84203623700006],[76.35548437600005,35.849982674000046],[76.35742924000004,35.858390771000074],[76.36681304300004,35.86395360500006],[76.38108192400006,35.85783416000004],[76.40026862400003,35.852765728000065],[76.41072963300007,35.851203944000076],[76.41978601700004,35.850742284000034],[76.42889478900008,35.852392472000076],[76.44073422800005,35.86044368300003],[76.44660810800008,35.86604253200005],[76.45512425300006,35.875671899000054],[76.46170208300003,35.88196160000007],[76.46890200700005,35.88659129200005],[76.47933354800006,35.889829457000076],[76.48907096200008,35.88982290900003],[76.512704,35.88177169800008],[76.53723743900008,35.89728804200007],[76.54299344900005,35.903898613000024],[76.54635603300005,35.92007306700003],[76.55552701400006,35.92410031000003],[76.57357102600008,35.92176909300008],[76.58510596500008,35.91498171600006],[76.58994193100006,35.90719243900003],[76.59497762100006,35.896682318000046],[76.58781043900007,35.88481341200003],[76.57907165000006,35.87400861500004],[76.57721846300007,35.86745370400007],[76.58380284100008,35.85009072200006],[76.58406805000004,35.849170677000075],[76.58522711000006,35.84131591700003],[76.58229344400007,35.837544061000074],[76.56991704000006,35.82731224500003],[76.56380414400007,35.820240014000035],[76.56886275300008,35.807395402000054],[76.57219587000003,35.80242519500007],[76.57805010500005,35.79734694000007],[76.58636325100008,35.783634670000026],[76.59112391000008,35.77302305000006],[76.60277999400006,35.76758790900004],[76.61900356100006,35.76175659300003],[76.62688451500003,35.76532217600004],[76.63863555100005,35.76612435000004],[76.64274137400008,35.76558738400007],[76.64738743700008,35.76264389600004],[76.65209570900004,35.75684204700008],[76.66366666500005,35.75280498200004],[76.67310940300007,35.750205282000024],[76.68167138600006,35.75091250500003],[76.69051494900003,35.748443773000076],[76.69470262600004,35.74055954500005],[76.69556373600005,35.73317626700003],[76.69583876700005,35.723117983000066],[76.70072057100003,35.720668895000074],[76.70731477200007,35.71829838800005],[76.71604046400006,35.71422858100004],[76.72318145300005,35.707477220000044],[76.73002776500005,35.698826834000045],[76.74215860600003,35.68870306600007],[76.74895580600008,35.68127394900006],[76.75209902000006,35.67378589700007],[76.75862118800006,35.65671104300003],[76.76668549600004,35.654910244000064],[76.77823353300005,35.65623628700007],[76.78833765500008,35.65673068800004],[76.79633320500005,35.65842671400003],[76.81266154600007,35.661389848000056],[76.82503140200004,35.66263403700003],[76.83424494700006,35.66292543900005],[76.84218811000005,35.667633711000065],[76.84633649800008,35.669005593000065],[76.85196481500003,35.664402094000025],[76.85720677900008,35.65684528500003],[76.86084766800008,35.651740836000045],[76.86455404100008,35.64871876700005],[76.87069640400006,35.64370272200006],[76.87655718800005,35.63906648200003],[76.89205061300004,35.62754791300006],[76.89552073500005,35.62379240700005],[76.89854004000006,35.62052479500005],[76.90021730000007,35.619098724000025],[76.90402756700007,35.61585908700005],[76.91077687100005,35.61200741000005],[76.91523836300007,35.60946133700003],[76.92362026600006,35.606383607000055],[76.93134078500003,35.60484474200007],[76.93891069200004,35.602372735000074],[76.94923745900007,35.59680007900005],[76.95543548300003,35.593548817000055],[76.96408914400007,35.592674611000064],[76.97669146700008,35.595974985000055],[76.98661223500005,35.600562113000024],[76.99023347900004,35.607185781000055],[76.99531173400004,35.61185148900006],[77.00621148300007,35.61154699000008],[77.01319140900006,35.60729698100005],[77.01644984700005,35.60531295000004],[77.02710075700008,35.600899354000035],[77.03828536000003,35.600126647000025],[77.04613357200003,35.59974684200006],[77.05207948400005,35.59845681400003],[77.06149275500007,35.59643009600006],[77.06955378900005,35.591708727000025],[77.07690432500004,35.58218086100004],[77.09037103100007,35.570275938000066],[77.10366093200008,35.56365554400003],[77.11950796800005,35.55912080400003],[77.12804048400005,35.556147847000034],[77.13459212000004,35.55162620300007],[77.14282341100005,35.54566719400003],[77.15029181800008,35.540471069000034],[77.15183565800004,35.53986028300005],[77.15957739600003,35.536797438000065],[77.17404927600006,35.53047172000004],[77.18268983900003,35.52379893900007],[77.19291838100008,35.520082743000046],[77.20927946300003,35.52012203400005],[77.22725799100004,35.52494162800008],[77.24505316500006,35.52875932300003],[77.26538910300008,35.53519963700006],[77.27887872900004,35.53689238900006],[77.29187722800003,35.53945279800007],[77.30485280700003,35.54130271100007],[77.31610944200008,35.53700371100007],[77.32862008700005,35.53154237700005],[77.33536162600006,35.52484995100008],[77.34103250800007,35.510017911000034],[77.34457517100003,35.501115413000036],[77.35224985200006,35.49497959800004],[77.35834310300004,35.49498614600003],[77.36482925500007,35.49590946500007],[77.36957026900006,35.49616485100006],[77.37275604700005,35.495084371000075],[77.37549653700006,35.49287429900005],[77.37464852400007,35.48637832400004],[77.37696991800004,35.47788509900005],[77.38531580600005,35.47193591200005],[77.39412662700005,35.46854713400006],[77.40702690000006,35.46944098600005],[77.41717358700004,35.470004145000075],[77.42142020000006,35.46815750700006],[77.43033906900007,35.464447860000064],[77.43842957000004,35.46181214400008],[77.44908048100007,35.46130137200004],[77.45675516100005,35.46618317600007],[77.47422946500006,35.474234387000024],[77.48426810400008,35.47692576400004],[77.49972878700004,35.48126732800006],[77.51613898200003,35.483019014000035],[77.52788019600007,35.47744308400007],[77.53684162900004,35.48252133900007],[77.55477431800006,35.480055881000055],[77.57575199600006,35.47677187700003],[77.57985781900004,35.47466985300008],[77.58286351700008,35.47062951300006],[77.58351180500006,35.46427760200004],[77.58556471700007,35.46141596800004],[77.58814477100003,35.46135703300007],[77.59298073700006,35.46441511800003],[77.60118583400003,35.46528605000003],[77.61447900900004,35.463930539000046],[77.62565706300006,35.46075785800008],[77.62641749500006,35.46044088300005],[77.63701519700004,35.45602339200008],[77.64098023000008,35.45874751100007],[77.63938570400006,35.474977626000054],[77.64599300200007,35.47940104400004],[77.65500027400003,35.478490822000026],[77.66468202700008,35.47228297500004],[77.67229122400005,35.46602601500007],[77.68137707600005,35.45766048200005],[77.68797455100008,35.44920982100007],[77.69185772900005,35.44947175600004],[77.69505005600007,35.45467770400006],[77.70036405200005,35.457450935000054],[77.70830394100005,35.45840372200007],[77.72547047200004,35.45885555800004],[77.73009688900004,35.46018815000008],[77.73319426500007,35.462578302000054],[77.73043413000005,35.46968327500008],[77.73197299500004,35.47668674800008],[77.73742123200003,35.484656105000056],[77.74691635700003,35.49145985300004],[77.75088466500006,35.494016988000055],[77.75504287500007,35.498139182000045],[77.76228208900005,35.497287895000056],[77.77439983300007,35.494331310000064],[77.78613449700003,35.49346692600005],[77.79116821000008,35.49278747000005],[77.79474559400006,35.49230459200004],[77.80017418600005,35.494059553000056],[77.80280007900006,35.507022035000034],[77.80564861600004,35.514343104000034],[77.81405343900008,35.519473746000074],[77.81918735500005,35.515511987000025],[77.82738263000005,35.50817782100006],[77.83396708800007,35.50214254700006],[77.12598358800005,35.04298999400004],[77.07683780700006,35.024560370000074],[77.05226473800008,35.024560370000074],[77.03690677800006,35.03377524100006],[77.02691740300008,35.04079503000003],[77.01809676000005,35.03846381300008],[77.01378793700007,35.03512087400003],[77.01096231900004,35.02758043500006],[77.01030093500003,35.01617973700007],[77.01067419100008,34.99999873400003],[77.01130610800004,34.97271825800004],[77.01145017200008,34.966719958000056],[77.01014050000003,34.95628841800004],[77.00658142500004,34.951467456000046],[76.99748906400004,34.939151354000046],[76.98875354900008,34.93521578800005],[76.98072446500004,34.93537299700006],[76.97035920000008,34.935575948000064],[76.95034085800006,34.94093578300004],[76.90843134100004,34.961684268000056],[76.90140494800005,34.96307252100007],[76.89846800800007,34.964264322000076],[76.88351482300004,34.970324832000074],[76.87004156800003,34.97242685600003],[76.86315269100004,34.97083560400006],[76.85316316500007,34.96386814700003],[76.84815366800007,34.95797462100006],[76.82552252900007,34.94165282800003],[76.81105064900004,34.935454804000074],[76.80442043200003,34.93432521100004],[76.79933890300003,34.93577239900003],[76.77491130700008,34.933929729000056],[76.77056937000003,34.93360219900006],[76.76331309000005,34.93305482900007],[76.76083905400003,34.931909302000065],[76.74936835300008,34.926598144000025],[76.74337005300004,34.91814420900005],[76.73886150600003,34.90192719000004],[76.74343881100003,34.864889654000024],[76.74468954800005,34.84473052200008],[76.74323908600007,34.84009428200005],[76.73785305800004,34.83073667200006],[76.72728727600008,34.82090103200005],[76.70619172800008,34.801246124000045],[76.69669987700007,34.779132305000076],[76.68719492900004,34.763209963000065],[76.68181545000004,34.75958871900008],[76.67163929500003,34.757421211000064],[76.65250498200004,34.756556827000054],[76.61804095200006,34.75606897400007],[76.58001788800004,34.75551563800008],[76.57097787400005,34.758423110000024],[76.56180689300004,34.75834125600005],[76.54531811800007,34.765587018000076],[76.51409225300006,34.783801287000074],[76.48973889500007,34.79237636700003],[76.48391731100008,34.79313189900006],[76.47732647500004,34.793987265000055],[76.47434369600006,34.794373618000066],[76.46919995700006,34.791669144000025],[76.44829260800003,34.773964912000054],[76.43697219400008,34.76437884600006],[76.42762113300006,34.76244380500003],[76.40953783100008,34.75216615000005],[76.39414784000007,34.74159660600003],[76.38593426000006,34.735955680000075],[76.35074008800007,34.73470166900006],[76.33988945200008,34.73431859000004],[76.31613854300008,34.731627213000024],[76.30151277700008,34.724440386000026],[76.28994836900006,34.71231936700008],[76.28330178200008,34.70151457000003],[76.27569085900006,34.69441999600008],[76.27511632900007,34.69364016500003],[76.26006164500006,34.684370958000045],[76.23429711400007,34.67309467900003],[76.22737877000003,34.67214189200007],[76.19785220600005,34.65912702300005],[76.19279359600006,34.65526676300004],[76.15791374500003,34.643410954000046],[76.13909047900006,34.642474538000045],[76.13075114000003,34.64351900200006],[76.12192394800007,34.646649119000074],[76.09295726800008,34.66655613900008],[76.08582282800006,34.67145758800007],[76.07443850000004,34.67630665000007],[76.05501605900008,34.676025071000026],[76.03646127500008,34.67026578600007],[76.02542728500003,34.66410050400003],[76.01924699900007,34.65821660800003],[76.01436710100006,34.65357073700005],[76.00038962300005,34.63581158000005],[75.99184401000008,34.62997044100007],[75.98327547800005,34.629407282000045],[75.96771329600006,34.63347381400007],[75.94625103900006,34.63117861300003],[75.93221135100003,34.62442725200003],[75.91864641900008,34.604834553000046],[75.91192780000006,34.601128180000046],[75.88146154600008,34.59073593000005],[75.84218447000006,34.57386080100002],[75.82064690700008,34.55891416400004],[75.81047730100005,34.54817157600007],[75.79302919000008,34.53391579200007],[75.76878388000006,34.52214183700005],[75.74920755200003,34.51583249000004],[75.72922522500005,34.516159909000066],[75.71383657400008,34.518399448000025],[75.69230556000008,34.52152629100004],[75.64414890500007,34.53353598700005],[75.61556203100008,34.53853566200007],[75.59188970200006,34.54006470400003],[75.56462887100008,34.53875503200004],[75.55180390400005,34.53813621100005],[75.52120340800008,34.53958667400008],[75.51688476300006,34.53779242200005],[75.50609633700003,34.53733076300006],[75.47850808800007,34.539357481000025],[75.46494315600006,34.54336507900007],[75.41395433500008,34.54733666000004],[75.39497390800005,34.54881004200007],[75.37781392500005,34.55242146300003],[75.35054654500004,34.56224073200008],[75.33519718500008,34.57212548500007],[75.27915302800005,34.60175027400004],[75.26185553000005,34.61088196500003],[75.25808039900005,34.61760058500005],[75.26694360700003,34.63453792300004],[75.26605957800007,34.639550694000036],[75.25964218400003,34.64408543500008],[75.24971159300003,34.64731377700008],[75.24261805400005,34.647811424000054],[75.23575703300008,34.648292758000025],[75.20735408000007,34.646328519000065],[75.20735302200006,34.64632844600004],[75.20673469300004,34.646285685000066],[75.20508150900008,34.64691820400003],[75.17789570600007,34.65731967500005],[75.16466474100008,34.66044651800007],[75.14230208400005,34.662407752000036],[75.11121373600008,34.657990882000036],[75.10554612800007,34.65565966500003],[75.08472561100007,34.655381360000035],[75.05449837200007,34.64662292500003],[75.05079527300006,34.64392172600003],[75.04180109800006,34.64143334800008],[75.02991582100003,34.641469364000045],[75.01874431500005,34.641498832000025],[75.00365361500008,34.64676371500008],[74.99890277800006,34.65026708900007],[74.94671560700004,34.666346592000025],[74.92781048600006,34.67831044900004],[74.91050643900007,34.683224995000046],[74.89374590700004,34.68448555500004],[74.88981688900003,34.68387000900003],[74.86487877200005,34.679933009000024],[74.85676814600004,34.68862894100005],[74.82656271300004,34.72650190600007],[74.79949188200004,34.75261688200004],[74.79538726800007,34.75416183500005],[74.79141998300008,34.75592422500006],[74.78868103000008,34.75791168200004],[74.78553772000004,34.760665894000056],[74.78239440900006,34.76396942100007],[74.78007507300003,34.767608643000074],[74.77830505400004,34.770580292000034],[74.77639770500008,34.773994446000074],[74.77530670200008,34.77696991000005],[74.77271270800003,34.77928543100006],[74.77120971700003,34.78214645400004],[74.76957702600004,34.78633499100005],[74.76835632300003,34.79117965700004],[74.76658630400004,34.795364380000024],[74.76638793900008,34.79858017000004],[74.76633453400007,34.80241012600004],[74.76621246300004,34.80615615800008],[74.76539611800007,34.80957031200006],[74.76445007300003,34.812873840000066],[74.76184845000006,34.815959930000076],[74.75911712600004,34.817943573000036],[74.75556182900004,34.81992721600005],[74.75254821800007,34.82147216800007],[74.74995422400008,34.82400512700008],[74.74762725800008,34.82720184300007],[74.74730264600004,34.82752917500005],[74.74489593500005,34.829956055000025],[74.74257659900007,34.83259964000007],[74.73950195300006,34.83512496900005],[74.73730468700006,34.83707809400005],[74.73565673800005,34.83853912400008],[74.73266601600005,34.84024429300007],[74.72892761200006,34.84192657500006],[74.72588348400006,34.84329605100004],[74.72822570800008,34.84758758500004],[74.72821807900004,34.85012435900006],[74.72810363800005,34.852764130000025],[74.72623443600008,34.856178284000066],[74.72449493400006,34.85857391400003],[74.72277069100005,34.86093902600004],[74.72011566200007,34.86123657200005],[74.71740722700008,34.860904694000055],[74.71369934100005,34.857467651000036],[74.71094512900004,34.85650634800004],[74.70771789600008,34.85683441200007],[74.70566558800004,34.857570648000035],[74.70388793900008,34.859397888000046],[74.70251464800003,34.86379623400006],[74.70220947300004,34.865791321000074],[74.70183563200004,34.868198395000036],[74.70091247600004,34.870151520000036],[74.70006561300005,34.871944427000074],[74.69884491000005,34.875030518000074],[74.69561004600007,34.87535476700003],[74.69194030800008,34.87491607700008],[74.68743133500004,34.87357330300006],[74.68502807600004,34.874645233000024],[74.68174743700007,34.876865387000066],[74.68016052200005,34.87868499800004],[74.67739868200005,34.88008880600006],[74.67636108400006,34.88156509400005],[74.67506408700007,34.88462829600007],[74.67436981200007,34.88813781700003],[74.67336273200004,34.89245224000007],[74.67133331300005,34.896026611000025],[74.66916656500007,34.89772033700007],[74.66651916500007,34.89817047100007],[74.66624450700004,34.90213012700008],[74.66526794400005,34.90439224200003],[74.66416168200004,34.90744781500007],[74.66198730500008,34.90661239600007],[74.65916442900004,34.904708862000064],[74.65690612800006,34.90277481100003],[74.65353393600003,34.901210785000046],[74.64951324500004,34.90126037600004],[74.64514923100006,34.90180206300005],[74.64136505100004,34.90293502800006],[74.63917541500007,34.90384674100005],[74.63701629600007,34.90569686900005],[74.63493347200006,34.90734481800007],[74.63320159900007,34.908416748000036],[74.62962341300005,34.90923309300007],[74.62658691400003,34.91098785400004],[74.62445831300005,34.91186523400006],[74.61998748800005,34.913516998000034],[74.61700439500004,34.91461563100006],[74.61316680900006,34.91628265400004],[74.60979461700003,34.91724395800003],[74.60644531200006,34.91852188100006],[74.60324859600007,34.91931533800005],[74.59999084500004,34.91932678200004],[74.59442138700007,34.91661453200004],[74.59049224900008,34.91400146500007],[74.58566284200003,34.910934448000035],[74.58289337200006,34.90911102300004],[74.57921600300006,34.90668869000007],[74.57400512700008,34.903640747000054],[74.57188415500008,34.904678345000036],[74.57099340400003,34.90493814700005],[74.56794738800005,34.905826569000055],[74.56596374500003,34.90750503500004],[74.56575775100004,34.90988540600006],[74.56698608400006,34.91345214800003],[74.56955719000007,34.917106628000056],[74.57114410400004,34.92033767700008],[74.57176971400008,34.92362213100006],[74.57194519000006,34.92597961400003],[74.57054901100008,34.92778778100006],[74.56851196300005,34.928680420000035],[74.56643676800007,34.92910003700007],[74.56337738000008,34.92925643900003],[74.56481170700005,34.93044662500006],[74.56784820600006,34.932659149000074],[74.57032775900007,34.93505477900004],[74.57035064700005,34.937896729000045],[74.57041931200007,34.941364288000045],[74.57196807900004,34.943698883000025],[74.57354736300005,34.945789337000065],[74.57469940200008,34.94729995700004],[74.57269287100007,34.94866561900005],[74.56913757300003,34.949790955000026],[74.56569671600005,34.953361511000026],[74.56271362300004,34.956981659000064],[74.56275177000003,34.96013641400003],[74.56465911900005,34.96256256100003],[74.56598663300008,34.963397980000025],[74.56768035900006,34.96446228000008],[74.56726074200003,34.96653366100003],[74.56642150900007,34.96815490700004],[74.56487274200003,34.97044372600004],[74.56468963600008,34.97313690200008],[74.56757354700005,34.975826263000044],[74.57061767600004,34.97803878800005],[74.57277679400005,34.98124313400007],[74.57302093500005,34.98454284700006],[74.57185363800005,34.98859405500008],[74.57131958000008,34.99182510400004],[74.57218933100006,34.99389648400006],[74.57411956800007,34.99505233800005],[74.57668304400005,34.996299744000055],[74.57904052700007,34.997104645000036],[74.58058929400005,34.99859237700008],[74.58216095000006,35.00009918200004],[74.58349609400005,35.00164413500005],[74.58186049200003,35.00294157400003],[74.57987976100003,35.00451278700007],[74.57785034200003,35.00808715800002],[74.57633972200006,35.01100540200008],[74.57547760000006,35.01483535800003],[74.57543945300006,35.01688766500007],[74.57461547900004,35.01866531400003],[74.57254791300005,35.01924514800004],[74.57062530500008,35.01918411300005],[74.56787872300004,35.018379211000024],[74.56548309300007,35.01708221400003],[74.56362915000005,35.01544189500004],[74.56227111800007,35.01266861000005],[74.55803680400004,35.01241302500006],[74.55426025400004,35.01323318500005],[74.55103302000003,35.01623916600005],[74.54847717300004,35.01794815100004],[74.54664611800007,35.01914596600005],[74.54314422600004,35.02105712900004],[74.53986358600008,35.02327728300003],[74.53807830800008,35.025100708000025],[74.53786468500005,35.02732086200007],[74.53650665300006,35.029758453000056],[74.53413391100008,35.03129959100005],[74.53122711200007,35.033496857000046],[74.52853393600003,35.035999298000036],[74.52836608900003,35.03884887700008],[74.52903747600004,35.042758942000034],[74.52995300300006,35.047286987000064],[74.53118896500007,35.051010132000044],[74.53298187300004,35.05299377400007],[74.53520965600006,35.054615021000075],[74.53761291500007,35.05591201800007],[74.53776550300006,35.057956696000076],[74.53748321500007,35.06191253700007],[74.53698730500008,35.065567017000035],[74.53466033900008,35.06773757900004],[74.53239440900006,35.07085037200005],[74.52928924600008,35.07290267900004],[74.52508544900007,35.075794220000034],[74.51913452100007,35.07785415600006],[74.51534271200006,35.08104324300007],[74.51102447500006,35.08488845800008],[74.50859832800006,35.08848190300006],[74.50771331800007,35.09199905400004],[74.50797271700003,35.09545517000004],[74.50978088400007,35.099151611000025],[74.50681304900007,35.10056304900007],[74.50402832000003,35.10181045500008],[74.50114440900006,35.10432052600004],[74.49765777600004,35.10654830900006],[74.49434661900005,35.10845184300007],[74.49160766600005,35.109516144000054],[74.49079132100007,35.10973358200005],[74.48941040000005,35.11085891700003],[74.48713684100005,35.11128997800006],[74.48471832300004,35.11235809300007],[74.48188018800005,35.11297226000005],[74.47782897900004,35.11270141600005],[74.47451019300007,35.11192321800007],[74.46939849900008,35.11028671300005],[74.46634674100005,35.11059570300006],[74.46226501500007,35.11506271400003],[74.45931243900003,35.119312286000024],[74.45713806200007,35.12368011500007],[74.45521545400004,35.12815094000007],[74.45370483400006,35.131511688000046],[74.45194244400005,35.13376998900003],[74.44961547900004,35.134387970000034],[74.44641113300008,35.134468079000044],[74.44249725300006,35.134658813000044],[74.43946838400007,35.134109497000054],[74.43762921000007,35.131199819000074],[74.43598175000005,35.128593445000035],[74.43463134800004,35.125778198000035],[74.43171691900005,35.11954879800004],[74.43094635000006,35.117328644000054],[74.43019104000007,35.11393737800006],[74.42939758300008,35.11035919200003],[74.42491912800006,35.10683441200007],[74.41992950400004,35.104946136000024],[74.41358184800004,35.102024078000056],[74.40946960400004,35.09970855700004],[74.40495300300006,35.097774506000064],[74.40204620400004,35.093963623000036],[74.39870452900004,35.09017181400003],[74.39677429200003,35.087745667000036],[74.39081573500005,35.08361053500005],[74.38674926800007,35.07637023900003],[74.37965393100006,35.06875991800007],[74.37577056900005,35.06268692000003],[74.37507629400005,35.061256409000066],[74.36660766600005,35.05913162200005],[74.35766601600005,35.05927658100006],[74.35067749000007,35.058982849000074],[74.34151349800004,35.06040569400005],[74.33785247800006,35.06097412100007],[74.33126831100003,35.060321808000026],[74.32097625700004,35.063781738000046],[74.31579589800003,35.065727234000065],[74.30565643300008,35.066619873000036],[74.29949188200004,35.067394257000046],[74.29579162600004,35.06607437100007],[74.29125213600008,35.06178665200008],[74.28883361800007,35.05954361000005],[74.28574371300004,35.05400466900005],[74.28382110600006,35.04978942900004],[74.28163147000004,35.04691696200007],[74.27958679200003,35.045135498000036],[74.27426147500006,35.041725159000066],[74.27034759500003,35.040725708000025],[74.26624298100006,35.039875031000065],[74.26008606000005,35.03939437900004],[74.25391387900004,35.03902435300006],[74.24857330300006,35.03936004600007],[74.24501800500008,35.04222488400006],[74.24324035600006,35.04508972200006],[74.23927307100007,35.048763275000056],[74.23762512200005,35.05109405500008],[74.23709869400005,35.054454803000056],[74.23738861100003,35.05819702100007],[74.23808288600003,35.06293106100003],[74.23795318600008,35.066013336000026],[74.23604583700006,35.06998062100007],[74.23426818800004,35.06921386700003],[74.23114776600005,35.06666564900007],[74.22708129900008,35.065441132000046],[74.22225189200003,35.06553268400006],[74.21884918200004,35.06626510600006],[74.21578979500003,35.06698226900005],[74.21585845900006,35.07038879400005],[74.21565246600005,35.07480239900008],[74.21579742400007,35.07920074500004],[74.21623992900004,35.08301544200003],[74.21625518800005,35.085712433000026],[74.21618652300003,35.08713531500007],[74.21383667000003,35.088104248000036],[74.21112060500008,35.08880233800005],[74.20729193500006,35.090916424000056],[74.20619201700003,35.092449188000046],[74.20503997800006,35.09079742400007],[74.20503234900008,35.088241577000076],[74.20396423300008,35.08545303300008],[74.20182037400008,35.08441925000005],[74.19855499300007,35.084716797000056],[74.19512176500007,35.08502578700006],[74.18989563000008,35.08442306500007],[74.18672180200008,35.08358001700003],[74.18253326400003,35.08307266200006],[74.17954254200004,35.08222198500005],[74.17726135300006,35.08176040600006],[74.17544555700005,35.08057022100007],[74.17179107700008,35.08017730700004],[74.16818237300004,35.080490112000064],[74.16470336900005,35.08023071300005],[74.16074371300004,35.08042144800004],[74.15966796900005,35.082317352000075],[74.15756225600006,35.08426666300005],[74.15513610800008,35.08665466300005],[74.15248870800008,35.088344574000075],[74.14911651600005,35.089500427000075],[74.14620208700006,35.089923859000066],[74.14279174800004,35.090511322000054],[74.14289856000005,35.09448623700007],[74.14224243200005,35.09749984700005],[74.14139556900005,35.10023880000006],[74.13842773400006,35.10133361800007],[74.11591192200007,35.12305975800007],[74.12742587800005,35.12475189700007],[74.12442141600008,35.12748879500003],[74.11341409500005,35.134494793000044],[74.11219889800003,35.135268249000035],[74.09714910400004,35.14401413400003],[74.09498652800005,35.145270872000026],[74.08027563300004,35.151098914000045],[74.07443122000006,35.150823883000044],[74.06159730200005,35.146158566000054],[74.04998618400003,35.14193775500007],[74.04498323600006,35.141381145000025],[74.03166951000003,35.14332470700003],[74.02777086600008,35.14554590300003],[74.02276464300007,35.15277202000004],[74.01971310700003,35.155823557000076],[74.01832485400007,35.160269895000056],[74.01004425700006,35.16786948600003],[74.00821278600006,35.16950165600008],[73.99470491200003,35.17638541400004],[73.97123554500007,35.17901633200006],[73.96748337100007,35.17943695100007],[73.95973787900004,35.181901897000046],[73.95675748600007,35.18285038500005],[73.95526085300008,35.18332667800007],[73.94386342900003,35.19109958300004],[73.93026575600004,35.203047070000025],[73.91628759700006,35.209111421000046],[73.91554176300008,35.20943499700007],[73.90939129300006,35.21039213100005],[73.90304421500008,35.21137986100007],[73.89288396600006,35.21161931800003],[73.89109672800004,35.21166144000006],[73.87359623000003,35.20971657700005],[73.86781687800004,35.20856172800006],[73.86248693400006,35.207496682000055],[73.84971762800006,35.20777171300006],[73.84481519700006,35.20940371900008],[73.83970518300004,35.21110482900008],[73.83193882500007,35.21610123000005],[73.81663292300004,35.228810843000076],[73.81387189500003,35.23110352700007],[73.80462336200003,35.23612924100007],[73.79386992300005,35.239158012000075],[73.78109734300006,35.240546265000035],[73.76998804600004,35.23832637000004],[73.76637340500008,35.23718278000007],[73.76471006700007,35.236656538000034],[73.75694370900004,35.23276681100003],[73.75277567700005,35.22943042000003],[73.75108411600007,35.22850620000003],[73.74639836900008,35.22594604100004],[73.74108954200005,35.223045583000044],[73.73054398800008,35.219712651000066],[73.72665426100008,35.221375935000026],[73.72360272400005,35.224990631000026],[73.72327573100006,35.22564173500007],[73.72137300700007,35.22943042000003],[73.71998475400005,35.23832637000004],[73.71665818600007,35.24694074100006],[73.71249342800007,35.26360959600004],[73.70385164200007,35.285190030000024],[73.70349441200005,35.28608211300008],[73.70248425600005,35.28860469400007],[73.70220246900004,35.28964284500006],[73.69886628600005,35.30193388500004],[73.69775306500003,35.31193650800003],[73.69914131800004,35.332770122000056],[73.69720300200004,35.36277144200005],[73.69941634900005,35.37860210800005],[73.69941634900005,35.38388008700008],[73.70193419400005,35.39471435200005],[73.70255745700007,35.39658720800003],[73.70526076200008,35.404710427000055],[73.70942601300004,35.41360352000004],[73.71240373600006,35.41612313100006],[73.71310788500006,35.41679265700003],[73.71499490200006,35.42054764100004],[73.72010009900004,35.42566248800006],[73.72192306900007,35.42748890400003],[73.72766248900007,35.43026815300004],[73.73054398800008,35.43166348500006],[73.73986981000007,35.435052573000064],[73.74887017700007,35.438323558000036],[73.76081706500008,35.446099349000065],[73.76524311700007,35.45090840300003],[73.76721154100005,35.45304716100003],[73.76917173600003,35.45589152400004],[73.77276455200007,35.46110492100007],[73.77672210500003,35.468488415000024],[73.77693225000007,35.46888047600004],[73.78054728000006,35.472489248000045],[73.78482232700003,35.47938991500007],[73.78553713200006,35.48054373400004],[73.78879281700006,35.483525188000044],[73.79081838600007,35.48749482000005],[73.80304090400006,35.50305045400006],[73.80677643100006,35.50411150600007],[73.79204745500004,35.51432626400003],[73.78840026000006,35.51685564700006],[73.78364355500008,35.52015449100003],[73.78027224900006,35.52249254100008],[73.77331461400007,35.52249254100008],[73.77047595700003,35.52121213200007],[73.76864290300006,35.52038531200003],[73.76776160300005,35.51998779200005],[73.75813552100004,35.52051774000006],[73.74748132600007,35.52110428800006],[73.74165328400005,35.522217510000075],[73.73109406500004,35.52665729300003],[73.72637922900003,35.52971538400004],[73.71970972300005,35.53110363700006],[73.71388168000004,35.53221031000004],[73.70694041700006,35.53137866800006],[73.70167708600007,35.53180990200008],[73.69331327500004,35.53249516400007],[73.68225434400006,35.532643378000046],[73.67303627200005,35.532766921000075],[73.66636362800006,35.533640984000044],[73.66026369200006,35.53444002700007],[73.65443565000004,35.53582828000003],[73.64927148100008,35.538615814000025],[73.64615774900005,35.540296555000054],[73.64414817300008,35.54138129100005],[73.63247571800008,35.543882765000035],[73.61985702400005,35.54551658200006],[73.61233513600007,35.54642453900004],[73.60793442700003,35.546973871000034],[73.59637459800007,35.550545724000074],[73.59553878500003,35.550700222000046],[73.57980676200003,35.55360825400004],[73.57083267700006,35.55526709000003],[73.55224497400008,35.55349981100005],[73.54748452700005,35.55304719800006],[73.54190315100004,35.55316741200005],[73.53471522100006,35.55332222900006],[73.52859577700008,35.554710482000075],[73.52642251500004,35.555556153000055],[73.51859970200007,35.558600209000076],[73.51481962000008,35.56105463700004],[73.51388488100008,35.561661568000034],[73.50538512700007,35.564492149000046],[73.49304144500007,35.56860283200007],[73.48870300600004,35.56911494600007],[73.47886751500005,35.570275938000066],[73.47583216400005,35.56997007800004],[73.47331123000004,35.569716054000025],[73.44300512100006,35.57157479700004],[73.41442835900006,35.57332747500004],[73.40748709500008,35.57471572800006],[73.39528909400008,35.57776768100007],[73.39401017000006,35.57833873100003],[73.38108737400006,35.584158466000076],[73.37606571200007,35.58750821500007],[73.37275785700007,35.58971475100003],[73.36360324700007,35.59415454100008],[73.35872421100004,35.595752470000036],[73.34748772800003,35.59943252000005],[73.33308935500008,35.60106103600003],[73.32777388400007,35.601662238000074],[73.32678253200004,35.60197730700003],[73.32412786800006,35.60282100400008],[73.32165444000003,35.60360710100008],[73.29582115200003,35.60749682800008],[73.29359666500005,35.60908654900004],[73.29193142400004,35.61027660800005],[73.28581198000006,35.611664861000065],[73.28109716000006,35.61388475500007],[73.27720743200007,35.61666126100005],[73.25555527300008,35.628327168000055],[73.25109911300007,35.63166028400008],[73.24892174200005,35.63293789000005],[73.23026877300003,35.643882802000064],[73.22276397000007,35.649992946000054],[73.22053463300006,35.65304723500003],[73.21723040200004,35.655961079000065],[73.21360646600004,35.65915685600004],[73.20853463400005,35.66288551500003],[73.19886937700005,35.669991121000066],[73.19335658500006,35.673027267000066],[73.18525533300004,35.67748899600008],[73.17156742700007,35.68317174400005],[73.17052505400005,35.683605517000046],[73.16137673100008,35.68887987200003],[73.15721197200008,35.690268124000056],[73.14988651000004,35.69585239300005],[73.14893314300008,35.69663549200004],[73.14637770700006,35.69860091500004],[73.13610987600003,35.70888511800007],[73.12608433300005,35.72276437100004],[73.12469608100008,35.72637906700004],[73.12164454400005,35.73026879400004],[73.12104086000005,35.732077006000054],[73.12025301700004,35.734436826000035],[73.11720148000006,35.738326553000036],[73.11303672200006,35.75110568200006],[73.11303672200006,35.75499866500007],[73.11164851700005,35.759994911000035],[73.11172863300004,35.76315294900007],[73.11192350100004,35.77082934800006],[73.11499140800004,35.79221957300007],[73.11647806200006,35.79886152800003],[73.11747651200005,35.80332232100005],[73.11841160900008,35.80518702300003],[73.11970622900003,35.80776865900003],[73.12012114400005,35.81071604300007],[73.12052804800004,35.81360652300003],[73.12262455300004,35.82128931700004],[73.12469608100008,35.82888057800005],[73.12523930400005,35.83370010400006],[73.12497184900008,35.83509669700004],[73.12436051500003,35.837691273000075],[73.12435951200007,35.837695530000076],[73.12414601800003,35.838601621000066],[73.11804294500007,35.84526785400004],[73.10637049000007,35.85332561300004],[73.09248468800007,35.86027669900005],[73.08166352000006,35.863609816000064],[73.07470588500007,35.864441458000044],[73.06359986300004,35.86277162500005],[73.03637832200008,35.85054910800005],[73.03161275500008,35.848798300000055],[73.02804553100003,35.84748774800005],[73.02221748900007,35.84638107500007],[73.01753603700007,35.84390589900005],[73.00833165700004,35.840828058000056],[72.99803111400007,35.838601621000066],[72.99511750800008,35.837397735000025],[72.99331629300008,35.83665348300008],[72.98166020900004,35.83526523100005],[72.97637895500003,35.833876978000035],[72.96234726100005,35.834657793000076],[72.95637370900005,35.83499020000005],[72.94616302900005,35.83706277600004],[72.93858180900008,35.838601621000066],[72.91914299600006,35.838601621000066],[72.89804090000007,35.84137812700004],[72.89166279500006,35.84137812700004],[72.84776257600004,35.84971746600007],[72.84527286100007,35.85042425600005],[72.84164173800008,35.85145507400006],[72.82527222700008,35.85610211900007],[72.82216447400003,35.85634614500003],[72.81109502300006,35.85721534000004],[72.80697974000003,35.85607265500005],[72.796096,35.85305058200004],[72.78594028000003,35.84850623900007],[72.77549828000008,35.84383379500008],[72.76505628000007,35.83916135100003],[72.76443466900008,35.838883201000044],[72.75999488000008,35.838326590000065],[72.75677099200004,35.83679759100005],[72.75471362600007,35.83582184100004],[72.73304837000006,35.831938663000074],[72.73244885300005,35.831791750000036],[72.71832437800003,35.82833051500006],[72.68858499200007,35.81860292400006],[72.67692563300005,35.81749625000003],[72.67082256000003,35.81832789200007],[72.64630817300008,35.82750089800004],[72.62769306500007,35.834466460000044],[72.61886458100008,35.83776997900003],[72.59909968000005,35.841350082000076],[72.58665318800007,35.843604570000025],[72.58192323700007,35.843979396000066],[72.57971192500008,35.84415463200003],[72.57833745200003,35.84464142400003],[72.57499710400003,35.84582446400003],[72.57026591200008,35.848600970000064],[72.56569524000008,35.85462053500004],[72.56498793300005,35.85555205600008],[72.56359968000004,35.85999184600007],[72.56317202400004,35.86051453600004],[72.56109493100007,35.86305320500003],[72.55970667900004,35.86666135200005],[72.54914744500007,35.881103765000034],[72.53749136000005,35.88943328100004],[72.53345474300005,35.891391783000074],[72.52941812600005,35.893350284000064],[72.52832037900004,35.89388289300007],[72.52724730800003,35.894164345000036],[72.51666102100006,35.89694097900008],[72.51580235700004,35.89767532400003],[72.51447132500004,35.89881364800004],[72.51378536300007,35.89940029500008],[72.51277129400006,35.900267546000066],[72.51388451500003,35.91054520100005],[72.51582283000005,35.91499481300008],[72.52360555900003,35.926942299000075],[72.52499381100006,35.93082547800003],[72.52829459400004,35.93660427900005],[72.53498988600006,35.948325975000046],[72.53637813900008,35.952775587000076],[72.54095039000003,35.96123490600007],[72.54553274900007,35.96971292600006],[72.55720520400007,35.984718497000074],[72.56455901500004,35.999999100000025],[72.56693934400005,36.007506797000076],[72.56693934400005,36.01222161800007],[72.56636224200008,36.01611166500004],[72.56553799500006,36.021667630000024],[72.56385832600006,36.025832413000046],[72.55940218000006,36.03334008500008],[72.55431231000006,36.03801928400003],[72.54580778000008,36.045837634000065],[72.54186700500003,36.04864939500004],[72.53802505200008,36.051390645000026],[72.52664072500005,36.06471983600005],[72.52418358300008,36.06862165500007],[72.52191280700004,36.072227533000046],[72.51858623900006,36.09055312500004],[72.52114863100007,36.101354858000036],[72.52247596600006,36.10695022300007],[72.52691575600005,36.11583635000005],[72.52867069600006,36.11837605900007],[72.53996336700004,36.13471855200004],[72.54225258900004,36.14060154500004],[72.54385309400004,36.14471462700004],[72.54412092100006,36.14798586200004],[72.54469455900005,36.154992281000034],[72.54278083300005,36.16397935400005],[72.54191477900008,36.16804644100006],[72.54077388300004,36.17060674600003],[72.53968833600004,36.17304284100004],[72.53950846200007,36.17431480600004],[72.53913827300005,36.17693256800004],[72.53892824100006,36.180660647000025],[72.53857511400008,36.186928643000044],[72.53884345000006,36.19021575200003],[72.53931662300005,36.19601212400005],[72.53941330500004,36.197196474000066],[72.54025149500006,36.202477728000076],[72.54273987300007,36.20803073900004],[72.54357806300004,36.21303696200005],[72.54656390000008,36.22127841400004],[72.54719603300003,36.22302321400008],[72.55276541500007,36.23135273100007],[72.55679979700005,36.23646390000005],[72.56109493100007,36.241905416000066],[72.56721437600004,36.248299892000034],[72.58332721100004,36.25884955500004],[72.58420771000004,36.25922451200006],[72.58466972500008,36.25942126000007],[72.59637423200007,36.264405588000045],[72.60537070200007,36.26580584900006],[72.61414976100008,36.26717227100005],[72.63943626100007,36.263289092000036],[72.65026725100006,36.259124334000035],[72.66331486300004,36.259399365000036],[72.67690968400007,36.26439616300007],[72.68635527500004,36.27327861900005],[72.68940681100008,36.278275019000034],[72.69273337900006,36.28132655600007],[72.69319353900005,36.28224225100007],[72.69468806500004,36.28521628300007],[72.69709256000004,36.287622955000074],[72.69830276100004,36.28883425300006],[72.69968053400004,36.29156672000005],[72.70025730500004,36.29271060100007],[72.70273650100006,36.295656130000054],[72.70913702600006,36.30326029400004],[72.71803297600007,36.30825669500007],[72.72172635400005,36.309806845000026],[72.72663752400007,36.31186811600003],[72.73924472000004,36.31613052900008],[72.74635464200003,36.31853434900006],[72.75067587900008,36.32040253400004],[72.75470052900005,36.322142496000026],[72.75997876500003,36.322692704000076],[72.76230529500003,36.32400377000005],[72.77330115100006,36.33020025600007],[72.78565567000004,36.33933736700004],[72.78830017500007,36.341293181000026],[72.80024766100007,36.34850947600006],[72.80655487000007,36.35337152200003],[72.80746395600005,36.35407231000005],[72.80838767600005,36.35452752500004],[72.82885745500005,36.36461517200007],[72.83802843600006,36.36821677200004],[72.84663298400005,36.37265656100004],[72.85080101600005,36.375708098000075],[72.85269881900007,36.37802570300005],[72.85330249000003,36.378762909000045],[72.85580396500006,36.38376585700007],[72.86163200700008,36.41041441600004],[72.86297295100007,36.423435949000066],[72.86386172400006,36.43206657600007],[72.86691326100004,36.44234423000006],[72.86912660700006,36.44678401900006],[72.87220922500006,36.44986498700007],[72.87524277700004,36.45289691500005],[72.88386697000004,36.45788676700005],[72.88830643300008,36.45899990700008],[72.89083504100006,36.46009224200003],[72.90692047900006,36.467041377000044],[72.91119235500008,36.468050015000074],[72.91163529900007,36.46815459900006],[72.91695952300006,36.46882784500008],[72.92913907100007,36.47036794500008],[72.95497235900007,36.46925472400005],[72.95970027700008,36.47119303900007],[72.96231998700006,36.473155243000065],[72.96302707800004,36.47368521300007],[72.96414422800007,36.47619018800003],[72.96525656200004,36.47868436500005],[72.96553159300004,36.48896856700003],[72.96414334000008,36.49840475700006],[72.96928396200008,36.50221753500006],[72.97163466700005,36.50396104200007],[72.97966206000007,36.50633019700007],[72.99134851000008,36.50977926200005],[73.00061958700007,36.514404237000065],[73.00277713000008,36.51548055000006],[73.00859034800004,36.51838053500006],[73.02081286500004,36.52587186200003],[73.02445172600005,36.52875509000006],[73.03552376100004,36.53752794600007],[73.03822135500008,36.540502298000035],[73.04274005600007,36.55002549500006],[73.04747124700003,36.56474293900004],[73.05024775300006,36.568901149000055],[73.05297651900008,36.57759396800003],[73.05329928900005,36.57862219200007],[73.05635082600008,36.58278695000007],[73.05830223800007,36.58722674000006],[73.07087637300003,36.599875362000034],[73.07302950400003,36.60527730000007],[73.07025299900005,36.61831508800003],[73.06615016600006,36.625014890000045],[73.05885230000007,36.636932082000044],[73.05746404800004,36.641096840000046],[73.05197846500005,36.651576540000065],[73.05135953100006,36.65276219700007],[73.04801803500004,36.66664854900006],[73.04772066400005,36.66905957000006],[73.04747124700003,36.67108179000007],[73.04997263500007,36.68191567900004],[73.05274922700005,36.68579923300007],[73.05996552200008,36.69079563400004],[73.06127452200008,36.69115218700006],[73.06607187000003,36.69245891800006],[73.07191628300006,36.692183886000066],[73.08441055700007,36.693297108000024],[73.10580405600007,36.69662367600006],[73.11525006800008,36.70022527500004],[73.11968985800007,36.70272674900008],[73.14192154700004,36.718825897000045],[73.15719560100007,36.72298410700006],[73.16527758800004,36.72210567500008],[73.16996818200005,36.72159585400004],[73.17282327100008,36.72061973000007],[73.19190846900005,36.714094706000026],[73.19919365800007,36.71252980000003],[73.20358419800004,36.711586683000064],[73.21653750000007,36.71063736800005],[73.23025567700006,36.70963199700003],[73.24774307700005,36.71129528100005],[73.26575313200004,36.715785926000024],[73.26885895700008,36.71656023700007],[73.27413952500007,36.71711677500008],[73.28513637300006,36.72060706800005],[73.30384944300005,36.726546416000076],[73.31440867700007,36.72876631100007],[73.31655541200007,36.729650873000026],[73.31913659500003,36.73071444900006],[73.32414281700005,36.73127105900005],[73.32885763800004,36.73376598500005],[73.33082760000008,36.73422541600007],[73.33358883000005,36.734869384000035],[73.34551994500004,36.74292714400008],[73.35552911700006,36.74626026000004],[73.36739537400007,36.74855355300008],[73.37136960400005,36.74932161900006],[73.37487933800008,36.748855932000026],[73.37776080600008,36.74847360600006],[73.38447586200004,36.74917161400003],[73.40721206400008,36.751534966000065],[73.41276507500004,36.750984903000074],[73.41778335000004,36.74953214100003],[73.42526262400008,36.74736693300008],[73.43163299700007,36.74366300300005],[73.43386717200008,36.742363985000054],[73.43858199200008,36.74070070100004],[73.44044543600006,36.73975466400003],[73.45776214500006,36.730963286000076],[73.47165287100006,36.72852818000007],[73.48303227400004,36.726533319000055],[73.49592388300005,36.72502397100004],[73.50442577200005,36.724028571000076],[73.52386458500007,36.72319692900004],[73.55079799800006,36.72875976300003],[73.55180975800005,36.72878253500005],[73.56301787300004,36.72903460600003],[73.56858662400003,36.72737151000007],[73.57914585700007,36.713485708000064],[73.58209066200004,36.71089494700004],[73.58609039500004,36.70737608600007],[73.60314494800008,36.706090362000054],[73.61687075400005,36.70505558800005],[73.63386397100004,36.70377448700003],[73.64342796000005,36.70336975600003],[73.66024732100004,36.702657991000024],[73.66748690100007,36.70380510000007],[73.67080655500007,36.70433109800007],[73.67552137600006,36.70627596200006],[73.67599125200007,36.706477506000056],[73.67941437700006,36.70794579400007],[73.68302907300006,36.711828973000024],[73.68820469100007,36.71522810600004],[73.69107046100004,36.717110226000045],[73.70107963300006,36.72016176300008],[73.70266466100003,36.720314494000036],[73.70692404600004,36.720724922000045],[73.73663396400008,36.713233596000066],[73.74261733600008,36.71431856400005],[73.75665230700008,36.719611701000076],[73.76025700700006,36.72015670800005],[73.76776160300005,36.72129135600005],[73.78137237400006,36.72100977600007],[73.79414495400005,36.718514850000076],[73.81259220500004,36.71220846400007],[73.81526342100005,36.71129528100005],[73.81599934400003,36.71096836500004],[73.82527259300008,36.70684894300007],[73.83076475500008,36.70548239100003],[73.84304812200008,36.70574227000003],[73.84615453600003,36.707023666000055],[73.84792116100004,36.70782647100003],[73.85470420600006,36.713800029000026],[73.85804944300008,36.72140528800003],[73.86081055400007,36.72768255700004],[73.86216635500006,36.732186891000026],[73.86248693400006,36.73325193900007],[73.86303698400008,36.74825388900007],[73.86269514700007,36.749919600000055],[73.86109868200003,36.757696974000055],[73.85497923700007,36.76936288100006],[73.85359103400003,36.77381233500006],[73.85053953600004,36.776863942000034],[73.84957249600006,36.77822473100008],[73.84027161600005,36.79131299100004],[73.83952079800008,36.79189049100006],[73.83305204700008,36.79686600200006],[73.82834970800008,36.79914495700007],[73.82388434000006,36.801309066000044],[73.81748986500008,36.80269731800007],[73.79748461900004,36.80325392900005],[73.79054335500007,36.80908197100007],[73.78830054100007,36.81825295200008],[73.78636222600005,36.82241771100007],[73.78469894200003,36.82547907000003],[73.78196819700008,36.82781708400006],[73.78080609000006,36.82881205900003],[73.77468977000007,36.830200439000066],[73.74691816700005,36.83325197600004],[73.74107375400007,36.833245427000065],[73.73413249000004,36.834633680000024],[73.71895768500008,36.83856102900006],[73.71052564500008,36.84074330200008],[73.70661442100004,36.84243012400003],[73.69635171500005,36.84685619800007],[73.68794168600004,36.85342071300005],[73.68496738800008,36.85574232500005],[73.68273767100004,36.859635326000046],[73.67663459700003,36.86602652700003],[73.67241510000008,36.87305418700004],[73.66996836500005,36.87712927500007],[73.66857961700003,36.88130120100004],[73.66302382700007,36.88824512000008],[73.63954854200006,36.903254170000025],[73.66255234500005,36.91116111300005],[73.69347371000003,36.91345958800008],[73.70505448800003,36.912732720000065],[73.71385876100004,36.90537563500004],[73.72509902500008,36.90126653800007],[73.73352021800008,36.90073284600004],[73.73684023800007,36.90222259900003],[73.74024211200003,36.904557090000026],[73.74996315500005,36.90648558200007],[73.76330544300004,36.902242244000035],[73.77593068500005,36.90143679500005],[73.78460071600006,36.90343404600003],[73.79073980600003,36.90134184400006],[73.79436432400007,36.89516019000007],[73.80017927000006,36.88968903400007],[73.80796199800005,36.89344451900007],[73.82213592700003,36.897632197000064],[73.84658096300006,36.89861445100007],[73.87914269300006,36.88546534000005],[73.88381167500006,36.87921492900006],[73.89012102200007,36.878805656000054],[73.90833201700008,36.881028825000044],[73.91737203100007,36.87618958500008],[73.93554046100007,36.86735911900007],[73.96320401700007,36.837508411000044],[73.97968297000006,36.833029331000034],[73.99999926300006,36.834018134000075],[74.00607941700008,36.836768446000065],[74.01418301500007,36.83516737100007],[74.02525956900007,36.83297694400005],[74.03114492600008,36.82915004500006],[74.03392101400004,36.829094448000035],[74.04525469200007,36.828867467000066],[74.05275614200008,36.828717235000056],[74.07889720300005,36.84413535300007],[74.08500027600007,36.84630286100003],[74.09413851500005,36.84632905400008],[74.10973344000007,36.84095612300007],[74.11966730500006,36.84171573300006],[74.12742711400006,36.84810366100004],[74.13420794300004,36.87156644200007],[74.14119831900007,36.895713527000055],[74.14751421400007,36.90569977900003],[74.15203913200008,36.909848166000074],[74.16648154500007,36.911524547000056],[74.19061880700008,36.910041343000046],[74.21026716800003,36.907621723000034],[74.23637548700003,36.899570512000025],[74.25232074900003,36.90039888000007],[74.25481567500003,36.90126653800007],[74.26399320400003,36.90445231600006],[74.31083691200007,36.92985668600005],[74.33141186500006,36.944240164000064],[74.35408884300006,36.96470379500005],[74.37394675100006,36.97398609800007],[74.37985992200004,36.97538744800005],[74.40119121100008,36.980429686000036],[74.41345301900003,36.98817312400007],[74.42054816900003,36.99611628800005],[74.42787251200008,36.99763550800003],[74.49812988900004,36.99955745200003],[74.51735587900004,36.998909164000054],[74.52464420600006,36.993313589000024],[74.52832111200007,36.99049451900004],[74.53659169300005,36.96517200300008],[74.54148986800004,36.961053083000024],[74.55074925200006,36.959674653000036],[74.55842720600003,36.96028037600007],[74.56298159200003,36.964183200000036],[74.56890786000008,36.98744953000005],[74.57340985800005,37.02167127000007],[74.57161888100006,37.03386759500006],[74.57522375500008,37.03426377100004],[74.59900740600006,37.03945334800005],[74.61458595900007,37.04415179700004],[74.61813189700007,37.04809391100008],[74.62389773000007,37.05418716200006],[74.62608160800005,37.06312895100007],[74.63007610900007,37.06707106400006],[74.64514061600005,37.071615628000075],[74.65606655800008,37.074225150000075],[74.67170732100004,37.077656492000074],[74.68262671500008,37.08366461400004],[74.69019007300005,37.08833032200005],[74.69955095600005,37.089423898000064],[74.70625975300004,37.08479748000008],[74.70852548600004,37.076225675000046],[74.71256582600006,37.06873107400003],[74.71837422300007,37.065528925000024],[74.72062685900005,37.06017563900008],[74.71754258100003,37.04980630800003],[74.72113108300005,37.044096136000064],[74.72650401400006,37.03731858200007],[74.73187367100007,37.031971844000054],[74.73633310600007,37.02829166400005],[74.74148011800008,37.027273394000076],[74.75373210400005,37.02594407700008]]]}},{"type":"Feature","properties":{"Shape_Leng":1.74530957777,"Shape_Area":0.0876449344523,"ADM1_EN":"Islamabad","ADM1_PCODE":"PK4","ADM1_REF":null,"ADM1ALT1EN":null,"ADM1ALT2EN":null,"ADM0_EN":"Pakistan","ADM0_PCODE":"PK","date":"2022-09-02T00:00:00","validOn":"2022-09-09T00:00:00","validTo":null},"geometry":{"type":"Polygon","coordinates":[[[73.16414642300003,33.81037902800006],[73.16847229000007,33.80450820900006],[73.17058563200004,33.80493164100005],[73.17263793900008,33.80524063100006],[73.17473602300004,33.80532836900005],[73.17625427200005,33.80532074000007],[73.17781066900005,33.805187225000054],[73.17926025400004,33.805027008000025],[73.17999267600004,33.80484390300006],[73.18090820300006,33.80461883500004],[73.18179321300005,33.804271698000036],[73.18269348100006,33.80379104600007],[73.18445587200006,33.80303192100007],[73.18629455600006,33.80208206200007],[73.18756866500007,33.801403046000075],[73.18818664600008,33.801002502000074],[73.18872070300006,33.800636292000036],[73.18965148900008,33.80004882800006],[73.19063568100006,33.799289703000056],[73.19212341300005,33.79828643800005],[73.19272613500004,33.79801940900006],[73.19311523400006,33.797710419000055],[73.19360351600005,33.79753875700004],[73.19403076200007,33.79747009300007],[73.19498443600008,33.79724121100003],[73.19611358600008,33.79693985000006],[73.19928741500007,33.79621124300007],[73.20311737100008,33.79527664200003],[73.20600128200005,33.794609070000035],[73.20832824700005,33.79403305100004],[73.21012878400006,33.793445587000065],[73.21100616500007,33.79329299900007],[73.21365356400008,33.792823792000036],[73.21585845900006,33.79235076900005],[73.21733856200007,33.79191207900004],[73.21940612800006,33.791435242000034],[73.22034343100006,33.79120711500008],[73.22092106200006,33.79125932100004],[73.22204589800003,33.79080963100006],[73.22348785400004,33.79042816200007],[73.22510528600003,33.790050507000046],[73.22732025500005,33.78948159300006],[73.22799682600004,33.78932952900004],[73.22859954800003,33.78906631500007],[73.22942352300004,33.78873825100004],[73.23030853300008,33.78834152200005],[73.23117828400007,33.78806686400003],[73.23205566400003,33.787910461000024],[73.23278808600008,33.78781127900004],[73.23326873800005,33.78789520300006],[73.23374176000004,33.787944794000055],[73.23459625200007,33.78780746500007],[73.23514556900005,33.787681580000026],[73.23619079600007,33.787281036000024],[73.23705291700003,33.78684997600004],[73.23776245100004,33.78666687000003],[73.23887634300007,33.78649139400005],[73.24071502700008,33.786247253000056],[73.24174499500003,33.78589630100004],[73.24291229200003,33.78543472300004],[73.24388885500008,33.78495025600006],[73.24428558300008,33.78466033900003],[73.24485015900007,33.783775330000026],[73.24539184600008,33.78325653100006],[73.24639892600004,33.782546997000054],[73.24724578900003,33.78220367400007],[73.24830627400007,33.78205490100004],[73.24947357200006,33.781940460000044],[73.25025939900007,33.78171920800003],[73.25088501000005,33.78143692000003],[73.25169372600004,33.78083801300005],[73.25246429400005,33.77991104100005],[73.25362396200006,33.77882766700003],[73.25418090800008,33.778442383000026],[73.25467681900005,33.778442383000026],[73.25530242900004,33.77858734100005],[73.25666046100008,33.778961182000046],[73.25846862800006,33.77931594800003],[73.25970459000007,33.77926635700004],[73.26067352300004,33.77901840200008],[73.26137542700008,33.77871704100005],[73.26240539600008,33.777988434000065],[73.26360321000004,33.77737045300006],[73.26450347900004,33.77692413300008],[73.26590728800005,33.77629852300004],[73.26718902600004,33.775764465000066],[73.26804351800007,33.77523040800003],[73.26862335200008,33.77453994800004],[73.26992034900007,33.77332305900006],[73.27190399200003,33.77179718000008],[73.27364349400005,33.77026748700007],[73.27428436300005,33.769504547000054],[73.27493286100008,33.769065857000044],[73.27605098000004,33.76836021500003],[73.27743530300006,33.76748657200005],[73.28050231900005,33.764873505000025],[73.28231048600003,33.76345825200008],[73.28562927200005,33.760799408000025],[73.28990173300008,33.75741577100007],[73.29107666000004,33.75640869100005],[73.29251098600008,33.75490570100004],[73.29430389400005,33.75349426300005],[73.29594421400003,33.75244903600003],[73.29747772200005,33.75162887600004],[73.29899597200006,33.75086212200006],[73.29952240000006,33.75035858200005],[73.30023193400007,33.749423981000064],[73.30033111600005,33.74895858800005],[73.30026245100004,33.748188019000054],[73.30027771000005,33.747398376000035],[73.30058288600003,33.74695587200006],[73.30110931400003,33.74648666400003],[73.30241394000006,33.74559402500006],[73.30355835000006,33.744808197000054],[73.30397796600005,33.744224548000034],[73.30431366000005,33.74362564100005],[73.30484008800005,33.742797852000024],[73.30547332800006,33.74214172400008],[73.30628203800006,33.74150149400003],[73.30921173100006,33.739944458000025],[73.31341552700007,33.73806762700008],[73.31738281200006,33.73661804200003],[73.31883239700005,33.73618698100006],[73.32015228300008,33.73553085300006],[73.32269287100007,33.73437881500007],[73.32437896700003,33.733673096000075],[73.32607269300007,33.733001709000064],[73.32852935800008,33.73190689100005],[73.33499145500008,33.72884750400004],[73.33540344200003,33.72863769500003],[73.33691406200006,33.72807693500005],[73.33737182600004,33.72781753500004],[73.33779144300007,33.727317810000045],[73.33847808800004,33.72608947800006],[73.33908539800007,33.72436718400007],[73.34043121300004,33.720550537000065],[73.34055155300007,33.720085862000076],[73.34133911100008,33.71704483000008],[73.34188079800003,33.71516799900007],[73.34210968000008,33.71414566000004],[73.34235382100007,33.71372222900004],[73.34297180200008,33.71299743700007],[73.34551239000007,33.71050643900003],[73.34724426300005,33.70903396600005],[73.34855651900006,33.70827865600006],[73.35070037800006,33.70759964000007],[73.35284423800005,33.70710372900004],[73.35626983600008,33.70654678300008],[73.35815429700006,33.70626068100006],[73.35957336400008,33.70615005500008],[73.36094665500008,33.70610809300007],[73.36178588900003,33.70612335200008],[73.36273956300005,33.70622253400006],[73.36418151900006,33.70631790200002],[73.36569976800007,33.70625305200008],[73.36712646500007,33.70597076400003],[73.36792755100004,33.70568466200007],[73.36859893800005,33.70518875100004],[73.36919403100006,33.70446014400005],[73.37001800500008,33.70312118500004],[73.37056732200006,33.702541351000036],[73.37126541100008,33.702054977000046],[73.37203216600005,33.70244979900008],[73.37318420400004,33.70319366500007],[73.37513732900004,33.70418167100007],[73.37595367400007,33.70452499400005],[73.37664032000004,33.70466613800005],[73.37748718300008,33.704685211000026],[73.37949371300004,33.70449829100005],[73.38184356700003,33.704311371000074],[73.38391113300008,33.704208374000075],[73.38448333700006,33.70411682100007],[73.38574218700006,33.704006195000034],[73.38724517800006,33.704319],[73.38939666800007,33.70362854000007],[73.38933709400004,33.702658185000075],[73.38925933800004,33.702140808000024],[73.38925184700008,33.70212538800007],[73.38808441200007,33.69972229000007],[73.38624572800006,33.69762039200003],[73.38501739500003,33.694450378000056],[73.38366699200003,33.69140625000006],[73.38324737500005,33.691028595000034],[73.38067627000004,33.688686371000074],[73.37953186000004,33.68749618500004],[73.37808990500008,33.686389923000036],[73.37563324000007,33.68448257400007],[73.37248992900004,33.682285309000065],[73.37141418500005,33.68150711100003],[73.37023925800008,33.680713654000044],[73.36911773700007,33.68017959600007],[73.36780548100006,33.679565430000025],[73.36635589600007,33.678714752000076],[73.36441803000008,33.67730331400003],[73.36194610600006,33.67514038100006],[73.36031341600005,33.67362976100003],[73.35868072500006,33.67206573500005],[73.35800170900006,33.67126464900008],[73.35800120400006,33.67124554900005],[73.35797882100007,33.670398712000065],[73.35816955600006,33.66939163200004],[73.35822296100008,33.66791534400005],[73.35810852100008,33.66673660300006],[73.35809929200008,33.66671122300005],[73.35766601600005,33.66551971400003],[73.35694122300004,33.66436767600004],[73.35587310800008,33.66339874300007],[73.35454559300007,33.662490845000036],[73.35353851300005,33.66212081900005],[73.35235595700004,33.66155242900004],[73.35149383500004,33.66131210300006],[73.35069274900007,33.66133117700008],[73.34992981000005,33.661586761000024],[73.34931182900004,33.66193771400003],[73.34897774300003,33.662314809000065],[73.34834289600008,33.663539886000024],[73.34816741900005,33.66402816800007],[73.34783172600004,33.664333344000056],[73.34729003900003,33.66447830200008],[73.34658813500005,33.664443970000036],[73.34490966800007,33.66411590600006],[73.34378814700005,33.66402816800007],[73.34278869600007,33.663726807000046],[73.34101104700005,33.663539886000024],[73.33834838900003,33.663669586000026],[73.33587646500007,33.66395950300006],[73.33275604200003,33.66460037200005],[73.33210754400005,33.66476440400004],[73.33065033000008,33.66518783600003],[73.32986450200008,33.66539001500007],[73.32932281500007,33.66568756100003],[73.32888793900008,33.666221619000055],[73.32845306400003,33.66656494100005],[73.32769394000007,33.66674232500003],[73.32701873800005,33.66660690300006],[73.32621765100004,33.66626358000008],[73.32579803500005,33.66612625100004],[73.32534790000005,33.66616058300008],[73.32489013700007,33.66643905600006],[73.32424926800007,33.66665267900004],[73.32375335700004,33.666587830000026],[73.32315826400003,33.66632080100004],[73.32189941400003,33.665908813000044],[73.32019043000008,33.66548156700003],[73.31876373300008,33.665008545000035],[73.31814575200008,33.66462326000004],[73.31813997900008,33.664595777000045],[73.31805801400003,33.664205552000055],[73.31861114500003,33.66378021200006],[73.31895637500008,33.66335010600005],[73.31893508800005,33.66333466900005],[73.31824493400006,33.66283416700003],[73.31698608400006,33.662322998000036],[73.31585693400007,33.661651611000025],[73.31458282500006,33.66094589200003],[73.31360626200006,33.66043853800005],[73.31268310500008,33.66006469700005],[73.31140136700003,33.65954971300005],[73.31034088100006,33.65908050500008],[73.30944061300005,33.658432007000044],[73.30905151400003,33.65803527800006],[73.30841064500004,33.65728759800004],[73.30773925800008,33.65636444100005],[73.30686950700004,33.655895233000024],[73.30569458000008,33.65552902200005],[73.30294036900005,33.65518188500005],[73.30213165300006,33.65501022300003],[73.30167770400004,33.65448761000005],[73.30167969200005,33.65447111800006],[73.30178070100004,33.65363311800007],[73.30212402300003,33.65275955200008],[73.30248260500008,33.65190506000005],[73.30300140400004,33.65100860600006],[73.30355835000006,33.65031433100006],[73.30404663100006,33.64955520600006],[73.30414009100008,33.64902973200003],[73.30412704500003,33.649018804000036],[73.30340576200007,33.64841461200007],[73.30243682900004,33.64787674000007],[73.30117797900004,33.64731216400003],[73.30014038100006,33.64651107800006],[73.29944610600006,33.645580292000034],[73.29904174800004,33.64489364600007],[73.29850006100008,33.64379882800006],[73.29821014400005,33.64297103900003],[73.29820261400005,33.642947234000076],[73.29797363300008,33.642223358000024],[73.29799652100007,33.64113998400006],[73.29827880900007,33.64035797100007],[73.29873657200005,33.639652252000076],[73.29907226600005,33.639091492000034],[73.29965210000006,33.63851547200005],[73.30022430400004,33.63804626500007],[73.30112457300004,33.63727188100006],[73.30144882200005,33.63659858700004],[73.30164753500003,33.63579033900004],[73.30159759600008,33.635210037000036],[73.30126190200008,33.63409042400008],[73.30125894600008,33.634082903000035],[73.30075073200004,33.63278961200007],[73.30009460400004,33.63094711300005],[73.30009455500004,33.630944216000046],[73.30006408700007,33.629127502000074],[73.30028533900008,33.62697219800003],[73.30039215100004,33.62600708000008],[73.30056762700008,33.625396729000045],[73.30077362100008,33.62448120100004],[73.30094909700006,33.622520447000056],[73.30099487300004,33.62081909200003],[73.30121612500005,33.61974716200007],[73.30195999200004,33.61773109500007],[73.30192565900006,33.61707305900006],[73.30166626000005,33.61617660500008],[73.30163574200003,33.614597321000076],[73.30179595900006,33.613494873000036],[73.30211639400005,33.61265564000007],[73.30253601100003,33.611763],[73.30261612000004,33.61058425900006],[73.30260557600008,33.61056722600006],[73.30226898200004,33.61002349900008],[73.30142211900005,33.60944366500007],[73.30014801000004,33.60870742800006],[73.29886627200005,33.607833862000064],[73.29756164600008,33.60699462900004],[73.29664611800007,33.60605239900008],[73.29595947300004,33.60484695400004],[73.29546356200007,33.603767395000034],[73.29471588100006,33.601848602000075],[73.29418945300006,33.600994110000045],[73.29370880100004,33.60015487700008],[73.29370211600008,33.60013017500006],[73.29339599600007,33.59899902300003],[73.29309082000003,33.597679138000046],[73.29306793200004,33.59625625600006],[73.29306793200004,33.59553527800006],[73.29286193800004,33.594394684000065],[73.29288482700008,33.59308624300007],[73.29294586200007,33.59239959700005],[73.29330444300007,33.59183311500004],[73.29496765100004,33.59147262600004],[73.29660797100007,33.59140777600004],[73.29875183100006,33.59128379800006],[73.29872816300008,33.59125469600008],[73.29742782900007,33.58965576500003],[73.29656982400007,33.588748932000044],[73.29595184300007,33.58774185200008],[73.29508209200003,33.586853027000075],[73.29421234100005,33.58604812600004],[73.29341888400006,33.585479736000025],[73.29282379200004,33.58481597900004],[73.29027557400008,33.58178329500004],[73.28845977800006,33.580261230000076],[73.28661346400008,33.57844924900007],[73.28364563000008,33.57500457800006],[73.28204345700004,33.57355880700004],[73.28052945200005,33.57187777400003],[73.27999877900004,33.571651459000066],[73.27883148200004,33.57060241700003],[73.27585601800007,33.56727600100004],[73.27487945600006,33.56626892100007],[73.27351379400005,33.564674377000074],[73.26860809300007,33.559661865000066],[73.26616668700007,33.55716705300006],[73.25951385500008,33.55105590800002],[73.25851440400004,33.55008316000004],[73.25102233900003,33.54323577900004],[73.24677276600005,33.53886795000005],[73.24528503400006,33.53726196300005],[73.24218106400008,33.534069561000024],[73.23992919900007,33.53175354000007],[73.23635101300005,33.52810287500006],[73.23190307600004,33.523395538000045],[73.23085784900007,33.522319794000055],[73.22423689700008,33.51544073700006],[73.21791839600007,33.50882720900006],[73.21562194800003,33.50645065300006],[73.21018219000007,33.50076675400004],[73.20784759500003,33.49832153300002],[73.20419311500007,33.494544983000026],[73.20172119100005,33.49186325100004],[73.19972885400006,33.48971101600006],[73.19674682600004,33.49108886700003],[73.19131469700005,33.493629456000065],[73.18450164800004,33.49676513700007],[73.18146514900008,33.49812316900005],[73.17523193400007,33.50105667100007],[73.16955566400003,33.50382232700008],[73.16673278800005,33.50511932400008],[73.16028595000006,33.50817871100003],[73.15322876000005,33.511596680000025],[73.14773559600008,33.51415252700008],[73.14024353000008,33.517608643000074],[73.13651275600006,33.519424438000044],[73.13043212900004,33.52215576200007],[73.12380218500005,33.525318146000075],[73.12170410200008,33.52634811400003],[73.11489105200008,33.52952194200003],[73.10646057100007,33.53342056300005],[73.10441589400006,33.534309387000064],[73.10093689000007,33.535888672000056],[73.09735521300007,33.537556004000066],[73.09275054900007,33.53969955400004],[73.08920288100006,33.541435242000034],[73.08690271700004,33.542408099000056],[73.08687591600005,33.54241943400007],[73.08987225300007,33.543945664000034],[73.09137725800008,33.544696808000026],[73.09740448000008,33.547973633000026],[73.09994506800007,33.54935073900003],[73.10486602800006,33.551849365000066],[73.11198425300006,33.55556106600005],[73.11837005600006,33.558879852000075],[73.12365722700008,33.56175231900005],[73.12773132300003,33.563716888000044],[73.13159875300005,33.56575186400005],[73.13777923600003,33.56914901700003],[73.14302825900006,33.57205200200008],[73.14627075200008,33.573810577000074],[73.15160369900008,33.57665252700008],[73.15447653400008,33.57835578900006],[73.15449905400004,33.57836914100005],[73.15210723900003,33.58145141600005],[73.14842224100005,33.586334229000045],[73.14733123800005,33.58773422200005],[73.14246368400006,33.59400558500005],[73.13990783700007,33.59740448000008],[73.13539886500007,33.60334777800006],[73.13107299800004,33.60899353000008],[73.12757873500004,33.61352920500008],[73.12547627600003,33.616291905000026],[73.12432098400006,33.617809296000075],[73.12300109900008,33.619426727000075],[73.11837768600003,33.62563324000007],[73.11672392500003,33.62771167100004],[73.11528778100006,33.629516602000024],[73.11128997800006,33.634445190000065],[73.10968780500008,33.63661956800007],[73.10751500300006,33.639488192000044],[73.10463714600007,33.643287659000066],[73.09899085400008,33.65066335600005],[73.09402465800008,33.657196045000035],[73.09322357200006,33.65822219800003],[73.09196472200006,33.65995407100007],[73.09114074700005,33.660675049000076],[73.08980560300006,33.662170410000044],[73.08820092600007,33.66418929500003],[73.08771514900008,33.66396713300003],[73.08477020300006,33.66238784800004],[73.07719421400003,33.65848159800004],[73.07137298600003,33.65545272800006],[73.07090664300006,33.65520442600007],[73.06246948200004,33.650741577000076],[73.05745697000003,33.64817810100004],[73.05361804500006,33.64613225200003],[73.05010986300005,33.64426422100007],[73.04533386200006,33.64175796500007],[73.03714752200005,33.637481689000026],[73.03526840700005,33.636472455000046],[73.03321075400004,33.63536834700005],[73.03118001400003,33.63415312500007],[73.02494049100005,33.63104629500003],[73.02178192100007,33.629318237000064],[73.01329040500008,33.624935150000056],[73.00902557400008,33.62273025500008],[73.00453186000004,33.62033081100003],[73.00177764900008,33.61878967300004],[73.00087738000008,33.619873047000056],[72.99692535400004,33.624416351000036],[72.99372863800005,33.62821579000007],[72.99067688000008,33.63159942600004],[72.98963928200004,33.632858276000036],[72.98881530800008,33.63386917100007],[72.98841095000006,33.63402175900006],[72.98796081500006,33.63397216800007],[72.98691558800004,33.63334274300007],[72.98406982400007,33.63130950900006],[72.98225402800006,33.63038253800005],[72.97972869900008,33.62921142600004],[72.97632598900003,33.62755584700005],[72.97516632100007,33.627326965000066],[72.97463226300005,33.62741851800007],[72.97423553500005,33.62765502900004],[72.97313690200008,33.62866210900006],[72.97048187300004,33.63080596900005],[72.96924591100003,33.63152313200004],[72.96878051800007,33.631464005000055],[72.96778106700003,33.62984848000008],[72.96730311100004,33.628977528000064],[72.96690368700007,33.62820053100006],[72.96652797700006,33.62717012000007],[72.96652851200008,33.627168193000045],[72.96664428700007,33.62675094600007],[72.96764373800005,33.62628555300006],[72.96936035200008,33.62573623700007],[72.97161865200007,33.62488555900006],[72.97354126000005,33.624057770000036],[72.97460174600008,33.623554230000025],[72.97573089600007,33.62273788500005],[72.97746276900006,33.621330261000026],[72.97969055200008,33.61894226100003],[72.98162841800007,33.61647033700007],[72.98327636700003,33.61407089200003],[72.98612213100006,33.61058425900006],[72.98609832400007,33.610571669000024],[72.98572540300006,33.61037445100004],[72.98286438000008,33.60885620100004],[72.97192382800006,33.603179932000046],[72.96406555200008,33.598995209000066],[72.95735931400003,33.59553527800006],[72.95245361300005,33.59296035800003],[72.94667053200004,33.58989334100005],[72.94197845500008,33.58744812000003],[72.93769073500005,33.58520889300007],[72.93331909200003,33.582874298000036],[72.92874908400006,33.580459595000036],[72.92407226600005,33.577972412000065],[72.92133879200003,33.57630005000004],[72.92030334500004,33.57596969600007],[72.91709137000004,33.574241638000046],[72.91421508800005,33.57263183600003],[72.91382598900003,33.57307434100005],[72.91071319600007,33.57704162600004],[72.90802002000004,33.580619812000066],[72.89881134000007,33.59234237700008],[72.89839856300006,33.59291292800003],[72.89614868200005,33.59600067100007],[72.88740539600008,33.60720062300004],[72.88280487100008,33.61304473900003],[72.88192713500007,33.614178723000066],[72.87667083700006,33.62097549400005],[72.87440490700004,33.623867035000046],[72.86540222200006,33.635353088000045],[72.86254119900008,33.63899231000005],[72.85362243700007,33.650333405000026],[72.85040134200005,33.654495877000045],[72.84225463900003,33.66490936300005],[72.83696746800007,33.67169570900006],[72.83213806200007,33.67818069500004],[72.82926940900006,33.681789398000035],[72.82270050000005,33.69017791700003],[72.82144928000008,33.69169616700003],[72.81973266600005,33.69387435900006],[72.81828308100006,33.69593048100006],[72.81643676800007,33.69819259600007],[72.81491088900003,33.700141907000045],[72.81390225400008,33.701376768000046],[72.81388102200003,33.70140276200004],[72.814888,33.70153045700005],[72.81626129200004,33.70167541500007],[72.81846618700007,33.701927185000045],[72.82084655800008,33.702198029000044],[72.82415008500004,33.70256424000007],[72.82833099400005,33.70293426500007],[72.83189392100007,33.703578949000075],[72.83418273900008,33.704048157000045],[72.83600616500007,33.70456314100005],[72.83776855500008,33.705108643000074],[72.83930969200003,33.70538330100004],[72.84121320400004,33.70587552500007],[72.84178582700008,33.706288732000075],[72.84178924600008,33.70629119900008],[72.84196472200006,33.707061768000074],[72.84225463900003,33.708663940000065],[72.84284904100008,33.710616437000056],[72.84285736100003,33.71064376800007],[72.84356689500004,33.71200180100004],[72.84426879900008,33.713279724000074],[72.84610748300008,33.715240479000045],[72.84884643600003,33.717304230000025],[72.85063934300007,33.718460083000025],[72.85301971400008,33.71934509300007],[72.85557556200007,33.71980285600006],[72.85697937000003,33.71994781500007],[72.85797119100005,33.719856262000064],[72.86000061000004,33.719306946000074],[72.86285400400004,33.71852874800004],[72.86480712900004,33.718204498000034],[72.86641693100006,33.71792221100003],[72.86762237500005,33.71804428100006],[72.87017822300004,33.71844863900003],[72.87268829300007,33.71932601900005],[72.87436676000004,33.719650269000056],[72.87536621100008,33.719696045000035],[72.87715911900005,33.71957397500006],[72.87944030800008,33.71926498400006],[72.88152313200004,33.719100952000076],[72.88268280000005,33.719001770000034],[72.88465118400006,33.719066620000035],[72.88716125500008,33.71938705400004],[72.88962554900007,33.72004318200004],[72.89090728800005,33.720245361000025],[72.89302825900006,33.72066497800006],[72.89517974900008,33.72111129800004],[72.89602661100008,33.72138595600006],[72.89639957900005,33.721814108000046],[72.89640045200008,33.72181511000008],[72.89665985100004,33.72266769400005],[72.89674225600004,33.72328573100003],[72.89674377400007,33.72329711900005],[72.89716339100005,33.72425079300007],[72.89785766600005,33.725364685000045],[72.89907836900005,33.72642898600003],[72.90030670200008,33.72699356100003],[72.90142822300004,33.72731399500003],[72.90267944300007,33.72776794400005],[72.90449523900008,33.728057861000025],[72.90573883100006,33.728260040000066],[72.90693664600008,33.72818756100003],[72.90790557900004,33.728260040000066],[72.90943145800003,33.728260040000066],[72.91049957300004,33.728218079000044],[72.91172790500008,33.728225708000025],[72.91249847400007,33.72830963100006],[72.91350555400004,33.72843551600005],[72.91488647500006,33.72877121000005],[72.91578674300007,33.72906494100005],[72.91641998300008,33.72937011700003],[72.92234802200005,33.730609894000054],[72.92530822800006,33.730571747000056],[72.92752075200008,33.73046875000006],[72.93043953100005,33.72987111300006],[72.93402862500005,33.730178833000025],[72.94484710700004,33.729518890000065],[72.95147705100004,33.73062896700003],[72.95391082800006,33.730720520000034],[72.95670124800006,33.731077877000075],[72.95671081500006,33.731079102000024],[72.95671835700006,33.73320583100008],[72.95671844500004,33.73323059100005],[72.95883941700004,33.73437118500004],[72.96086883500004,33.73514175400004],[72.96376037600004,33.738700867000034],[72.96711731000005,33.73960113500004],[72.97083282500006,33.740058899000076],[72.97292327900004,33.74020004300007],[72.97863006600005,33.74158096300005],[72.98018646200006,33.743659973000035],[72.99055640100005,33.75041568300003],[72.99056243900003,33.750419617000034],[72.99154239700005,33.75743125500003],[72.99154663100006,33.75746154800004],[73.00042724600007,33.756839752000076],[73.00724792500006,33.76029968300003],[73.00993347200006,33.75822067300004],[73.01195838800004,33.75814051000003],[73.01196166800008,33.75814038000004],[73.01291656500007,33.76263046300005],[73.01140350300005,33.766956754000034],[73.01139831500006,33.76697158800005],[73.01370239300007,33.76930999800004],[73.01553344700005,33.77468109100005],[73.02739715600006,33.77988815300006],[73.03035386800008,33.78007684600004],[73.03440856900005,33.78028106700003],[73.03576766600008,33.78105114300007],[73.04192352300004,33.78443908700007],[73.04522705100004,33.785148621000076],[73.04762268100006,33.784931183000026],[73.05013275100004,33.78438186600005],[73.05581665000005,33.78408813500005],[73.05857849100005,33.78203964200003],[73.06368255600006,33.784389496000074],[73.06848907500006,33.784900665000066],[73.07087707500006,33.78694915800003],[73.07569122300004,33.78932952900004],[73.08146667500006,33.793548584000064],[73.08367157000004,33.792919159000064],[73.09223175000005,33.79127883900003],[73.09290313700006,33.788749695000035],[73.09339141800007,33.78644943200004],[73.09474945100004,33.78393936200007],[73.11547088600008,33.786460876000035],[73.11791229200003,33.78636932400008],[73.12180328400007,33.78742981000005],[73.12326812700007,33.78966903700007],[73.125,33.79301071200007],[73.12768932200004,33.79561525100007],[73.13105011000005,33.79887008700007],[73.13481903100006,33.80055999800004],[73.13843818200007,33.803115097000045],[73.14112854000007,33.80482101400003],[73.14566803000008,33.804710388000046],[73.15260314900007,33.810951233000026],[73.15866851800007,33.811931610000045],[73.16414642300003,33.81037902800006]]]}},{"type":"Feature","properties":{"Shape_Leng":27.3328183274,"Shape_Area":9.86488866179,"ADM1_EN":"Khyber Pakhtunkhwa","ADM1_PCODE":"PK5","ADM1_REF":null,"ADM1ALT1EN":null,"ADM1ALT2EN":null,"ADM0_EN":"Pakistan","ADM0_PCODE":"PK","date":"2022-09-02T00:00:00","validOn":"2022-09-09T00:00:00","validTo":null},"geometry":{"type":"Polygon","coordinates":[[[73.66302382700007,36.88824512000008],[73.66857961700003,36.88130120100004],[73.66996836500005,36.87712927500007],[73.67241510000008,36.87305418700004],[73.67663459700003,36.86602652700003],[73.68273767100004,36.859635326000046],[73.68496738800008,36.85574232500005],[73.68794168600004,36.85342071300005],[73.69635171500005,36.84685619800007],[73.70661442100004,36.84243012400003],[73.71052564500008,36.84074330200008],[73.71895768500008,36.83856102900006],[73.73413249000004,36.834633680000024],[73.74107375400007,36.833245427000065],[73.74691816700005,36.83325197600004],[73.77468977000007,36.830200439000066],[73.78080609000006,36.82881205900003],[73.78196819700008,36.82781708400006],[73.78469894200003,36.82547907000003],[73.78636222600005,36.82241771100007],[73.78830054100007,36.81825295200008],[73.79054335500007,36.80908197100007],[73.79748461900004,36.80325392900005],[73.81748986500008,36.80269731800007],[73.82388434000006,36.801309066000044],[73.82834970800008,36.79914495700007],[73.83305204700008,36.79686600200006],[73.83952079800008,36.79189049100006],[73.84027161600005,36.79131299100004],[73.84957249600006,36.77822473100008],[73.85053953600004,36.776863942000034],[73.85359103400003,36.77381233500006],[73.85497923700007,36.76936288100006],[73.86109868200003,36.757696974000055],[73.86269514700007,36.749919600000055],[73.86303698400008,36.74825388900007],[73.86248693400006,36.73325193900007],[73.86216635500006,36.732186891000026],[73.86081055400007,36.72768255700004],[73.85804944300008,36.72140528800003],[73.85470420600006,36.713800029000026],[73.84792116100004,36.70782647100003],[73.84615453600003,36.707023666000055],[73.84304812200008,36.70574227000003],[73.83076475500008,36.70548239100003],[73.82527259300008,36.70684894300007],[73.81599934400003,36.71096836500004],[73.81526342100005,36.71129528100005],[73.81259220500004,36.71220846400007],[73.79414495400005,36.718514850000076],[73.78137237400006,36.72100977600007],[73.76776160300005,36.72129135600005],[73.76025700700006,36.72015670800005],[73.75665230700008,36.719611701000076],[73.74261733600008,36.71431856400005],[73.73663396400008,36.713233596000066],[73.70692404600004,36.720724922000045],[73.70266466100003,36.720314494000036],[73.70107963300006,36.72016176300008],[73.69107046100004,36.717110226000045],[73.68820469100007,36.71522810600004],[73.68302907300006,36.711828973000024],[73.67941437700006,36.70794579400007],[73.67599125200007,36.706477506000056],[73.67552137600006,36.70627596200006],[73.67080655500007,36.70433109800007],[73.66748690100007,36.70380510000007],[73.66024732100004,36.702657991000024],[73.64342796000005,36.70336975600003],[73.63386397100004,36.70377448700003],[73.61687075400005,36.70505558800005],[73.60314494800008,36.706090362000054],[73.58609039500004,36.70737608600007],[73.58209066200004,36.71089494700004],[73.57914585700007,36.713485708000064],[73.56858662400003,36.72737151000007],[73.56301787300004,36.72903460600003],[73.55180975800005,36.72878253500005],[73.55079799800006,36.72875976300003],[73.52386458500007,36.72319692900004],[73.50442577200005,36.724028571000076],[73.49592388300005,36.72502397100004],[73.48303227400004,36.726533319000055],[73.47165287100006,36.72852818000007],[73.45776214500006,36.730963286000076],[73.44044543600006,36.73975466400003],[73.43858199200008,36.74070070100004],[73.43386717200008,36.742363985000054],[73.43163299700007,36.74366300300005],[73.42526262400008,36.74736693300008],[73.41778335000004,36.74953214100003],[73.41276507500004,36.750984903000074],[73.40721206400008,36.751534966000065],[73.38447586200004,36.74917161400003],[73.37776080600008,36.74847360600006],[73.37487933800008,36.748855932000026],[73.37136960400005,36.74932161900006],[73.36739537400007,36.74855355300008],[73.35552911700006,36.74626026000004],[73.34551994500004,36.74292714400008],[73.33358883000005,36.734869384000035],[73.33082760000008,36.73422541600007],[73.32885763800004,36.73376598500005],[73.32414281700005,36.73127105900005],[73.31913659500003,36.73071444900006],[73.31655541200007,36.729650873000026],[73.31440867700007,36.72876631100007],[73.30384944300005,36.726546416000076],[73.28513637300006,36.72060706800005],[73.27413952500007,36.71711677500008],[73.26885895700008,36.71656023700007],[73.26575313200004,36.715785926000024],[73.24774307700005,36.71129528100005],[73.23025567700006,36.70963199700003],[73.21653750000007,36.71063736800005],[73.20358419800004,36.711586683000064],[73.19919365800007,36.71252980000003],[73.19190846900005,36.714094706000026],[73.17282327100008,36.72061973000007],[73.16996818200005,36.72159585400004],[73.16527758800004,36.72210567500008],[73.15719560100007,36.72298410700006],[73.14192154700004,36.718825897000045],[73.11968985800007,36.70272674900008],[73.11525006800008,36.70022527500004],[73.10580405600007,36.69662367600006],[73.08441055700007,36.693297108000024],[73.07191628300006,36.692183886000066],[73.06607187000003,36.69245891800006],[73.06127452200008,36.69115218700006],[73.05996552200008,36.69079563400004],[73.05274922700005,36.68579923300007],[73.04997263500007,36.68191567900004],[73.04747124700003,36.67108179000007],[73.04772066400005,36.66905957000006],[73.04801803500004,36.66664854900006],[73.05135953100006,36.65276219700007],[73.05197846500005,36.651576540000065],[73.05746404800004,36.641096840000046],[73.05885230000007,36.636932082000044],[73.06615016600006,36.625014890000045],[73.07025299900005,36.61831508800003],[73.07302950400003,36.60527730000007],[73.07087637300003,36.599875362000034],[73.05830223800007,36.58722674000006],[73.05635082600008,36.58278695000007],[73.05329928900005,36.57862219200007],[73.05297651900008,36.57759396800003],[73.05024775300006,36.568901149000055],[73.04747124700003,36.56474293900004],[73.04274005600007,36.55002549500006],[73.03822135500008,36.540502298000035],[73.03552376100004,36.53752794600007],[73.02445172600005,36.52875509000006],[73.02081286500004,36.52587186200003],[73.00859034800004,36.51838053500006],[73.00277713000008,36.51548055000006],[73.00061958700007,36.514404237000065],[72.99134851000008,36.50977926200005],[72.97966206000007,36.50633019700007],[72.97163466700005,36.50396104200007],[72.96928396200008,36.50221753500006],[72.96414334000008,36.49840475700006],[72.96553159300004,36.48896856700003],[72.96525656200004,36.47868436500005],[72.96414422800007,36.47619018800003],[72.96302707800004,36.47368521300007],[72.96231998700006,36.473155243000065],[72.95970027700008,36.47119303900007],[72.95497235900007,36.46925472400005],[72.92913907100007,36.47036794500008],[72.91695952300006,36.46882784500008],[72.91163529900007,36.46815459900006],[72.91119235500008,36.468050015000074],[72.90692047900006,36.467041377000044],[72.89083504100006,36.46009224200003],[72.88830643300008,36.45899990700008],[72.88386697000004,36.45788676700005],[72.87524277700004,36.45289691500005],[72.87220922500006,36.44986498700007],[72.86912660700006,36.44678401900006],[72.86691326100004,36.44234423000006],[72.86386172400006,36.43206657600007],[72.86297295100007,36.423435949000066],[72.86163200700008,36.41041441600004],[72.85580396500006,36.38376585700007],[72.85330249000003,36.378762909000045],[72.85269881900007,36.37802570300005],[72.85080101600005,36.375708098000075],[72.84663298400005,36.37265656100004],[72.83802843600006,36.36821677200004],[72.82885745500005,36.36461517200007],[72.80838767600005,36.35452752500004],[72.80746395600005,36.35407231000005],[72.80655487000007,36.35337152200003],[72.80024766100007,36.34850947600006],[72.78830017500007,36.341293181000026],[72.78565567000004,36.33933736700004],[72.77330115100006,36.33020025600007],[72.76230529500003,36.32400377000005],[72.75997876500003,36.322692704000076],[72.75470052900005,36.322142496000026],[72.75067587900008,36.32040253400004],[72.74635464200003,36.31853434900006],[72.73924472000004,36.31613052900008],[72.72663752400007,36.31186811600003],[72.72172635400005,36.309806845000026],[72.71803297600007,36.30825669500007],[72.70913702600006,36.30326029400004],[72.70273650100006,36.295656130000054],[72.70025730500004,36.29271060100007],[72.69968053400004,36.29156672000005],[72.69830276100004,36.28883425300006],[72.69709256000004,36.287622955000074],[72.69468806500004,36.28521628300007],[72.69319353900005,36.28224225100007],[72.69273337900006,36.28132655600007],[72.68940681100008,36.278275019000034],[72.68635527500004,36.27327861900005],[72.67690968400007,36.26439616300007],[72.66331486300004,36.259399365000036],[72.65026725100006,36.259124334000035],[72.63943626100007,36.263289092000036],[72.61414976100008,36.26717227100005],[72.60537070200007,36.26580584900006],[72.59637423200007,36.264405588000045],[72.58466972500008,36.25942126000007],[72.58420771000004,36.25922451200006],[72.58332721100004,36.25884955500004],[72.56721437600004,36.248299892000034],[72.56109493100007,36.241905416000066],[72.55679979700005,36.23646390000005],[72.55276541500007,36.23135273100007],[72.54719603300003,36.22302321400008],[72.54656390000008,36.22127841400004],[72.54357806300004,36.21303696200005],[72.54273987300007,36.20803073900004],[72.54025149500006,36.202477728000076],[72.53941330500004,36.197196474000066],[72.53931662300005,36.19601212400005],[72.53884345000006,36.19021575200003],[72.53857511400008,36.186928643000044],[72.53892824100006,36.180660647000025],[72.53913827300005,36.17693256800004],[72.53950846200007,36.17431480600004],[72.53968833600004,36.17304284100004],[72.54077388300004,36.17060674600003],[72.54191477900008,36.16804644100006],[72.54278083300005,36.16397935400005],[72.54469455900005,36.154992281000034],[72.54412092100006,36.14798586200004],[72.54385309400004,36.14471462700004],[72.54225258900004,36.14060154500004],[72.53996336700004,36.13471855200004],[72.52867069600006,36.11837605900007],[72.52691575600005,36.11583635000005],[72.52247596600006,36.10695022300007],[72.52114863100007,36.101354858000036],[72.51858623900006,36.09055312500004],[72.52191280700004,36.072227533000046],[72.52418358300008,36.06862165500007],[72.52664072500005,36.06471983600005],[72.53802505200008,36.051390645000026],[72.54186700500003,36.04864939500004],[72.54580778000008,36.045837634000065],[72.55431231000006,36.03801928400003],[72.55940218000006,36.03334008500008],[72.56385832600006,36.025832413000046],[72.56553799500006,36.021667630000024],[72.56636224200008,36.01611166500004],[72.56693934400005,36.01222161800007],[72.56693934400005,36.007506797000076],[72.56455901500004,35.999999100000025],[72.55720520400007,35.984718497000074],[72.54553274900007,35.96971292600006],[72.54095039000003,35.96123490600007],[72.53637813900008,35.952775587000076],[72.53498988600006,35.948325975000046],[72.52829459400004,35.93660427900005],[72.52499381100006,35.93082547800003],[72.52360555900003,35.926942299000075],[72.51582283000005,35.91499481300008],[72.51388451500003,35.91054520100005],[72.51277129400006,35.900267546000066],[72.51378536300007,35.89940029500008],[72.51447132500004,35.89881364800004],[72.51580235700004,35.89767532400003],[72.51666102100006,35.89694097900008],[72.52724730800003,35.894164345000036],[72.52832037900004,35.89388289300007],[72.52941812600005,35.893350284000064],[72.53345474300005,35.891391783000074],[72.53749136000005,35.88943328100004],[72.54914744500007,35.881103765000034],[72.55970667900004,35.86666135200005],[72.56109493100007,35.86305320500003],[72.56317202400004,35.86051453600004],[72.56359968000004,35.85999184600007],[72.56498793300005,35.85555205600008],[72.56569524000008,35.85462053500004],[72.57026591200008,35.848600970000064],[72.57499710400003,35.84582446400003],[72.57833745200003,35.84464142400003],[72.57971192500008,35.84415463200003],[72.58192323700007,35.843979396000066],[72.58665318800007,35.843604570000025],[72.59909968000005,35.841350082000076],[72.61886458100008,35.83776997900003],[72.62769306500007,35.834466460000044],[72.64630817300008,35.82750089800004],[72.67082256000003,35.81832789200007],[72.67692563300005,35.81749625000003],[72.68858499200007,35.81860292400006],[72.71832437800003,35.82833051500006],[72.73244885300005,35.831791750000036],[72.73304837000006,35.831938663000074],[72.75471362600007,35.83582184100004],[72.75677099200004,35.83679759100005],[72.75999488000008,35.838326590000065],[72.76443466900008,35.838883201000044],[72.76505628000007,35.83916135100003],[72.77549828000008,35.84383379500008],[72.78594028000003,35.84850623900007],[72.796096,35.85305058200004],[72.80697974000003,35.85607265500005],[72.81109502300006,35.85721534000004],[72.82216447400003,35.85634614500003],[72.82527222700008,35.85610211900007],[72.84164173800008,35.85145507400006],[72.84527286100007,35.85042425600005],[72.84776257600004,35.84971746600007],[72.89166279500006,35.84137812700004],[72.89804090000007,35.84137812700004],[72.91914299600006,35.838601621000066],[72.93858180900008,35.838601621000066],[72.94616302900005,35.83706277600004],[72.95637370900005,35.83499020000005],[72.96234726100005,35.834657793000076],[72.97637895500003,35.833876978000035],[72.98166020900004,35.83526523100005],[72.99331629300008,35.83665348300008],[72.99511750800008,35.837397735000025],[72.99803111400007,35.838601621000066],[73.00833165700004,35.840828058000056],[73.01753603700007,35.84390589900005],[73.02221748900007,35.84638107500007],[73.02804553100003,35.84748774800005],[73.03161275500008,35.848798300000055],[73.03637832200008,35.85054910800005],[73.06359986300004,35.86277162500005],[73.07470588500007,35.864441458000044],[73.08166352000006,35.863609816000064],[73.09248468800007,35.86027669900005],[73.10637049000007,35.85332561300004],[73.11804294500007,35.84526785400004],[73.12414601800003,35.838601621000066],[73.12435951200007,35.837695530000076],[73.12436051500003,35.837691273000075],[73.12497184900008,35.83509669700004],[73.12523930400005,35.83370010400006],[73.12469608100008,35.82888057800005],[73.12262455300004,35.82128931700004],[73.12052804800004,35.81360652300003],[73.12012114400005,35.81071604300007],[73.11970622900003,35.80776865900003],[73.11841160900008,35.80518702300003],[73.11747651200005,35.80332232100005],[73.11647806200006,35.79886152800003],[73.11499140800004,35.79221957300007],[73.11192350100004,35.77082934800006],[73.11172863300004,35.76315294900007],[73.11164851700005,35.759994911000035],[73.11303672200006,35.75499866500007],[73.11303672200006,35.75110568200006],[73.11720148000006,35.738326553000036],[73.12025301700004,35.734436826000035],[73.12104086000005,35.732077006000054],[73.12164454400005,35.73026879400004],[73.12469608100008,35.72637906700004],[73.12608433300005,35.72276437100004],[73.13610987600003,35.70888511800007],[73.14637770700006,35.69860091500004],[73.14893314300008,35.69663549200004],[73.14988651000004,35.69585239300005],[73.15721197200008,35.690268124000056],[73.16137673100008,35.68887987200003],[73.17052505400005,35.683605517000046],[73.17156742700007,35.68317174400005],[73.18525533300004,35.67748899600008],[73.19335658500006,35.673027267000066],[73.19886937700005,35.669991121000066],[73.20853463400005,35.66288551500003],[73.21360646600004,35.65915685600004],[73.21723040200004,35.655961079000065],[73.22053463300006,35.65304723500003],[73.22276397000007,35.649992946000054],[73.23026877300003,35.643882802000064],[73.24892174200005,35.63293789000005],[73.25109911300007,35.63166028400008],[73.25555527300008,35.628327168000055],[73.27720743200007,35.61666126100005],[73.28109716000006,35.61388475500007],[73.28581198000006,35.611664861000065],[73.29193142400004,35.61027660800005],[73.29359666500005,35.60908654900004],[73.29582115200003,35.60749682800008],[73.32165444000003,35.60360710100008],[73.32412786800006,35.60282100400008],[73.32678253200004,35.60197730700003],[73.32777388400007,35.601662238000074],[73.33308935500008,35.60106103600003],[73.34748772800003,35.59943252000005],[73.35872421100004,35.595752470000036],[73.36360324700007,35.59415454100008],[73.37275785700007,35.58971475100003],[73.37606571200007,35.58750821500007],[73.38108737400006,35.584158466000076],[73.39401017000006,35.57833873100003],[73.39528909400008,35.57776768100007],[73.40748709500008,35.57471572800006],[73.41442835900006,35.57332747500004],[73.44300512100006,35.57157479700004],[73.47331123000004,35.569716054000025],[73.47583216400005,35.56997007800004],[73.47886751500005,35.570275938000066],[73.48870300600004,35.56911494600007],[73.49304144500007,35.56860283200007],[73.50538512700007,35.564492149000046],[73.51388488100008,35.561661568000034],[73.51481962000008,35.56105463700004],[73.51859970200007,35.558600209000076],[73.52642251500004,35.555556153000055],[73.52859577700008,35.554710482000075],[73.53471522100006,35.55332222900006],[73.54190315100004,35.55316741200005],[73.54748452700005,35.55304719800006],[73.55224497400008,35.55349981100005],[73.57083267700006,35.55526709000003],[73.57980676200003,35.55360825400004],[73.59553878500003,35.550700222000046],[73.59637459800007,35.550545724000074],[73.60793442700003,35.546973871000034],[73.61233513600007,35.54642453900004],[73.61985702400005,35.54551658200006],[73.63247571800008,35.543882765000035],[73.64414817300008,35.54138129100005],[73.64615774900005,35.540296555000054],[73.64927148100008,35.538615814000025],[73.65443565000004,35.53582828000003],[73.66026369200006,35.53444002700007],[73.66636362800006,35.533640984000044],[73.67303627200005,35.532766921000075],[73.68225434400006,35.532643378000046],[73.69331327500004,35.53249516400007],[73.70167708600007,35.53180990200008],[73.70694041700006,35.53137866800006],[73.71388168000004,35.53221031000004],[73.71970972300005,35.53110363700006],[73.72637922900003,35.52971538400004],[73.73109406500004,35.52665729300003],[73.74165328400005,35.522217510000075],[73.74748132600007,35.52110428800006],[73.75813552100004,35.52051774000006],[73.76776160300005,35.51998779200005],[73.76864290300006,35.52038531200003],[73.77047595700003,35.52121213200007],[73.77331461400007,35.52249254100008],[73.78027224900006,35.52249254100008],[73.78364355500008,35.52015449100003],[73.78840026000006,35.51685564700006],[73.79204745500004,35.51432626400003],[73.80677643100006,35.50411150600007],[73.80304090400006,35.50305045400006],[73.79081838600007,35.48749482000005],[73.78879281700006,35.483525188000044],[73.78553713200006,35.48054373400004],[73.78482232700003,35.47938991500007],[73.78054728000006,35.472489248000045],[73.77693225000007,35.46888047600004],[73.77672210500003,35.468488415000024],[73.77276455200007,35.46110492100007],[73.76917173600003,35.45589152400004],[73.76721154100005,35.45304716100003],[73.76524311700007,35.45090840300003],[73.76081706500008,35.446099349000065],[73.74887017700007,35.438323558000036],[73.73986981000007,35.435052573000064],[73.73054398800008,35.43166348500006],[73.72766248900007,35.43026815300004],[73.72192306900007,35.42748890400003],[73.72010009900004,35.42566248800006],[73.71499490200006,35.42054764100004],[73.71310788500006,35.41679265700003],[73.71240373600006,35.41612313100006],[73.70942601300004,35.41360352000004],[73.70526076200008,35.404710427000055],[73.70255745700007,35.39658720800003],[73.70193419400005,35.39471435200005],[73.69941634900005,35.38388008700008],[73.69941634900005,35.37860210800005],[73.69720300200004,35.36277144200005],[73.69914131800004,35.332770122000056],[73.69775306500003,35.31193650800003],[73.69886628600005,35.30193388500004],[73.70220246900004,35.28964284500006],[73.70248425600005,35.28860469400007],[73.70349441200005,35.28608211300008],[73.70385164200007,35.285190030000024],[73.71249342800007,35.26360959600004],[73.71665818600007,35.24694074100006],[73.71998475400005,35.23832637000004],[73.72137300700007,35.22943042000003],[73.72327573100006,35.22564173500007],[73.72360272400005,35.224990631000026],[73.72665426100008,35.221375935000026],[73.73054398800008,35.219712651000066],[73.74108954200005,35.223045583000044],[73.74639836900008,35.22594604100004],[73.75108411600007,35.22850620000003],[73.75277567700005,35.22943042000003],[73.75694370900004,35.23276681100003],[73.76471006700007,35.236656538000034],[73.76637340500008,35.23718278000007],[73.76998804600004,35.23832637000004],[73.78109734300006,35.240546265000035],[73.79386992300005,35.239158012000075],[73.80462336200003,35.23612924100007],[73.81387189500003,35.23110352700007],[73.81663292300004,35.228810843000076],[73.83193882500007,35.21610123000005],[73.83970518300004,35.21110482900008],[73.84481519700006,35.20940371900008],[73.84971762800006,35.20777171300006],[73.86248693400006,35.207496682000055],[73.86781687800004,35.20856172800006],[73.87359623000003,35.20971657700005],[73.89109672800004,35.21166144000006],[73.89288396600006,35.21161931800003],[73.90304421500008,35.21137986100007],[73.90939129300006,35.21039213100005],[73.91554176300008,35.20943499700007],[73.91628759700006,35.209111421000046],[73.93026575600004,35.203047070000025],[73.94386342900003,35.19109958300004],[73.95526085300008,35.18332667800007],[73.95675748600007,35.18285038500005],[73.95973787900004,35.181901897000046],[73.96748337100007,35.17943695100007],[73.97123554500007,35.17901633200006],[73.99470491200003,35.17638541400004],[74.00821278600006,35.16950165600008],[74.01004425700006,35.16786948600003],[74.01832485400007,35.160269895000056],[74.01971310700003,35.155823557000076],[74.02276464300007,35.15277202000004],[74.02777086600008,35.14554590300003],[74.03166951000003,35.14332470700003],[74.04498323600006,35.141381145000025],[74.04998618400003,35.14193775500007],[74.06159730200005,35.146158566000054],[74.07443122000006,35.150823883000044],[74.08027563300004,35.151098914000045],[74.09498652800005,35.145270872000026],[74.09714910400004,35.14401413400003],[74.11219889800003,35.135268249000035],[74.11341409500005,35.134494793000044],[74.12442141600008,35.12748879500003],[74.12742587800005,35.12475189700007],[74.11591192200007,35.12305975800007],[74.10778116200004,35.11993091700003],[74.10220282300008,35.11776775100003],[74.09332324400003,35.11305293000004],[74.08998030600003,35.10971981400007],[74.08424076200004,35.10663952800007],[74.08221394800006,35.10555178200008],[74.07192974600008,35.09665583200007],[74.07012190500006,35.09468645700008],[74.06581030100006,35.089989599000035],[74.06180497000008,35.08147384000006],[74.06137063400007,35.080550394000056],[74.06084781900006,35.07781060800005],[74.06025729000004,35.07471554500006],[74.06025729000004,35.06944411300003],[74.06219560500006,35.06054816400007],[74.07026646200006,35.05027050900003],[74.077211,35.04415761300004],[74.08442729400008,35.03360820200004],[74.08521903300004,35.03202589000006],[74.08665373800005,35.029158590000065],[74.08734892300004,35.024936515000036],[74.08837268300005,35.02453217200008],[74.08901103900007,35.02427934000008],[74.08953829100005,35.02407051300003],[74.08907731000005,35.02345312400007],[74.08276401100005,35.01499775700006],[74.07843654200008,35.01119056400006],[74.07581947300008,35.00888813600005],[74.07137968300003,35.00694327200006],[74.06887386500006,35.004637229000025],[74.06805311500005,35.00388191300004],[74.06330882700007,35.002218629000026],[74.05725832500008,34.997278796000046],[74.05581742000004,34.99610220100004],[74.05442924800008,34.99166266900005],[74.05415421700008,34.98638141500004],[74.05464059900004,34.97985228500005],[74.05525106700003,34.97165742300007],[74.05164946800005,34.955551727000056],[74.03387394000003,34.93443325900006],[74.02840980400003,34.93009200400007],[74.02303967500006,34.92582543700007],[74.01544838400008,34.91839181200004],[74.01027036900007,34.91332134000004],[74.00735966100007,34.90930093600008],[74.00443905200007,34.905266855000036],[73.99859463900003,34.89138105300003],[73.99124279700004,34.87823963400007],[73.98942693200007,34.87499377700004],[73.98637539600003,34.87054416500007],[73.97774010800003,34.86368604000006],[73.97554113100006,34.861939617000075],[73.97187335800004,34.86044844400004],[73.96665827800007,34.85832819600006],[73.95165925400005,34.85360682700008],[73.94906411300008,34.853282672000034],[73.94720309400003,34.85305021600004],[73.93719392300005,34.84943552000004],[73.93386783400007,34.84582461800005],[73.92970264500008,34.84332265300003],[73.92387455400007,34.836937971000054],[73.91249022700003,34.82888021200006],[73.90775903500008,34.82666031700006],[73.89832939400003,34.82471545300007],[73.88610687600004,34.824440422000066],[73.87342370900006,34.82515615300008],[73.86637993600004,34.825553644000024],[73.84553649900005,34.82860518000007],[73.83387714100007,34.82694189600005],[73.83174923200005,34.826141577000044],[73.82943735100008,34.825272064000046],[73.82783132700007,34.82408348000007],[73.82192965400003,34.819715779000035],[73.81803295200007,34.81582042800005],[73.81248364200007,34.81027304100007],[73.80260805200004,34.80523002800004],[73.79942293400006,34.80360353400005],[73.79407250200006,34.802799314000026],[73.78831363800003,34.80193370200004],[73.77053810900003,34.80165867100004],[73.76027019900005,34.79943873000008],[73.73970187200007,34.78721625800006],[73.72926080000008,34.77785290800006],[73.72637922900003,34.77526877200006],[73.72271736000005,34.77022011100007],[73.72053497600007,34.76721123300007],[73.71581999600005,34.751936958000044],[73.71499490200006,34.74638394700003],[73.71345768100008,34.74387282500004],[73.71193026900005,34.741377724000074],[73.71165537800005,34.739621474000046],[73.71113319100004,34.73628527900007],[73.70915376300007,34.73220674300006],[73.70485152800006,34.72640113400007],[73.70359747800006,34.72470886800005],[73.69999587900008,34.72110072100003],[73.69842843100008,34.71844310200004],[73.69802809600003,34.71776433000008],[73.69331327500004,34.71554443600007],[73.68873333000005,34.71245334400004],[73.68220397900006,34.70804656100006],[73.67870789400007,34.70629730600007],[73.67276124100005,34.70332191800003],[73.66756090400008,34.698275899000066],[73.66360335700006,34.694435791000046],[73.66110188200008,34.684158136000065],[73.66252254900007,34.680904043000055],[73.66304019800003,34.67971834700006],[73.66609173400008,34.67666026200004],[73.67137298800003,34.668884082000034],[73.67414949400006,34.66110135400004],[73.67442452500006,34.645827299000075],[73.67248621000005,34.63499303400005],[73.66804642000005,34.62555029600003],[73.65443565000004,34.58693788000005],[73.65254351400006,34.58291517400005],[73.64999258600005,34.57749186700005],[73.64451165900005,34.57099020100003],[73.64109695200005,34.56693955600008],[73.63720690900004,34.56499431800006],[73.63342336000005,34.564273642000046],[73.63136249600007,34.563881097000035],[73.62498439200004,34.563881097000035],[73.61442515800007,34.568055678000064],[73.60904252700004,34.572667882000076],[73.60081438700007,34.57971831000003],[73.59725324200008,34.581855838000024],[73.59487001600007,34.58328633600007],[73.59248487100007,34.584717985000054],[73.58720361700006,34.58693788000005],[73.58166370300006,34.58776952200003],[73.57121172300003,34.58618130700006],[73.55970704500004,34.584433131000026],[73.55442906500008,34.58193820500003],[73.54942284200007,34.58138159400005],[73.54525808400007,34.578880120000065],[73.53911274400008,34.57718999400004],[73.52609102800005,34.573608689000025],[73.51939812500007,34.57251155900008],[73.47637913800008,34.57277049800007],[73.46470668300003,34.57193885600003],[73.46104379900004,34.57049387700005],[73.45555207200005,34.56832743500007],[73.44831940700004,34.563049455000055],[73.44275002500007,34.55499169500007],[73.44136177200005,34.54999529500003],[73.44063068000008,34.54602399200007],[73.43831023500007,34.52804518600004],[73.43809718700004,34.52008379600005],[73.43803520400007,34.51776753100006],[73.43483101500004,34.49655080100007],[73.43474716500003,34.495995581000045],[73.43220388800006,34.479155115000026],[73.43081563500004,34.474158714000055],[73.42785463200005,34.46876092100007],[73.42736218300007,34.46743135600008],[73.42469946500006,34.45971630200006],[73.42420558700007,34.45874390200004],[73.42004982200007,34.45048777200003],[73.40693703300008,34.42443700200005],[73.40374050200006,34.414310612000065],[73.40348906200006,34.41332195500007],[73.40081758800005,34.40471006100006],[73.40056915800005,34.40338930000007],[73.39972073800004,34.39887874400006],[73.39868836500006,34.38248958200006],[73.39837020000004,34.37743862600007],[73.39815751800006,34.37406224400007],[73.39804108300007,34.37221381400008],[73.39854077500007,34.36560906300008],[73.39915446400005,34.357499164000046],[73.39940598300007,34.35674282900004],[73.40054255700005,34.353325064000046],[73.40193081000007,34.344154083000035],[73.40294806300005,34.34225401600003],[73.40416052700004,34.33998932500003],[73.40461137300008,34.33805342900007],[73.40609884200006,34.331666357000074],[73.40971353800006,34.32305198600005],[73.41032678600004,34.32209186500006],[73.41415332800005,34.31610090000004],[73.43054060400004,34.29943859300005],[73.43537399700006,34.29575401900007],[73.44497646800005,34.288604328000076],[73.45332235500007,34.28360792800004],[73.45630765400006,34.280347162000055],[73.46470668300003,34.27526858900006],[73.46411765100004,34.27091717400003],[73.46394132000006,34.26961454900004],[73.46226458500007,34.25722484600004],[73.46499489700005,34.25888764100006],[73.47026643800007,34.245392544000026],[73.47943067500006,34.22193218000007],[73.48000045300006,34.219981322000024],[73.48332367600005,34.20860298900004],[73.48776346500006,34.18498959500005],[73.48797585600005,34.18035134400003],[73.48831025400006,34.17304865700004],[73.48805814300005,34.17071960200008],[73.48719703200004,34.16276445500006],[73.48705718900004,34.15626923000008],[73.48664697000004,34.13721602000004],[73.48731252600004,34.131501627000034],[73.48803849600006,34.12526853400004],[73.49359150700008,34.11138273200004],[73.49376537600006,34.110449725000024],[73.49430855700007,34.107534918000056],[73.49440549500008,34.107014734000074],[73.49581795100005,34.09943524500005],[73.49698114800003,34.09665136700005],[73.50138733200004,34.08610605500007],[73.50610215300003,34.06166101900004],[73.50669733400008,34.04952002400006],[73.50681449900003,34.04712999900005],[73.50721864900004,34.03888581600006],[73.50823448100004,34.033009037000056],[73.50942872100006,34.02610013900005],[73.51200752900007,34.017673063000075],[73.51129150400004,34.01758956900005],[73.50670623800005,34.01747894300007],[73.50430297900004,34.01747894300007],[73.50321960400004,34.01725006100003],[73.50229644800004,34.01699066200007],[73.50089263900003,34.01715087900004],[73.50019073500005,34.01741027800006],[73.49877929700006,34.01762008700007],[73.49758911100008,34.017681122000056],[73.49655914300007,34.01789093000008],[73.49553680400004,34.01805114700005],[73.49429321300005,34.01828002900004],[73.49268341100003,34.01828002900004],[73.49057006800007,34.01824188200004],[73.48838043200004,34.01816940300006],[73.48696136500007,34.01816940300006],[73.48560333300003,34.01808166500007],[73.48288726800007,34.017391205000024],[73.48002624500003,34.01636123700007],[73.47860717800006,34.015560150000056],[73.47672271700003,34.01514816300005],[73.47541809100005,34.015560150000056],[73.47456359900008,34.015911102000075],[73.47319793700007,34.016269684000065],[73.47190316500007,34.016655625000055],[73.47176361100003,34.015861511000026],[73.47144317600004,34.014259338000045],[73.47147369400005,34.01287841800007],[73.47154235800008,34.01176071200007],[73.47006988500004,34.01034164400005],[73.46956634500003,34.00868988000008],[73.46869659400005,34.00772857700008],[73.46836853000008,34.007110596000075],[73.46508026100008,34.004390717000035],[73.46399688700006,34.003879547000054],[73.46520996100008,34.00217056300005],[73.46470642100007,34.001640320000035],[73.46391296400003,34.001068115000066],[73.46321106000005,34.00035858200005],[73.46197128300008,33.99961471600005],[73.46076965300006,33.99824905400004],[73.46032714800003,33.997200012000064],[73.45982360800008,33.99645996100003],[73.45877838100006,33.995548248000034],[73.45765686000004,33.99483871500007],[73.45667266800007,33.99430084200003],[73.45588684100005,33.99370956400003],[73.45487213100006,33.99269104000007],[73.45433430300005,33.99171224300005],[73.45384979200003,33.99100112900004],[73.45300293000008,33.99018859900008],[73.45211792000003,33.98952865600006],[73.45094299300007,33.98871994000007],[73.45010376000005,33.98791885400004],[73.44901275600006,33.986740112000064],[73.44785308800004,33.98566818200004],[73.44680023200004,33.98503112800006],[73.44523620600006,33.98424911500007],[73.44373321500007,33.98353958100006],[73.44333648700007,33.982929230000025],[73.44239807100007,33.98181915300006],[73.44209289600008,33.980819702000076],[73.44158935500008,33.979518890000065],[73.44069671600005,33.978260040000066],[73.44052887000004,33.97642135600006],[73.44066619900008,33.97552871700003],[73.44029998800005,33.97470855700004],[73.43948364300007,33.974098206000065],[73.43855285600006,33.97354888900003],[73.43743896500007,33.972240448000036],[73.43657684300007,33.97092056300005],[73.43538665800008,33.96989059400005],[73.43396759000007,33.968921661000024],[73.43247985800008,33.96784973100006],[73.43182373000008,33.96707916300005],[73.43129730200008,33.96628952000003],[73.43031311000004,33.96530914300007],[73.42884826700003,33.964611053000056],[73.42720031700003,33.964019775000054],[73.42549896200006,33.96348190300006],[73.42443084700005,33.96298980700004],[73.42362976100003,33.96244049100005],[73.42308044400005,33.96155166600005],[73.42276763900003,33.95998001100003],[73.42359924300007,33.95785903900003],[73.42414093000008,33.956279755000025],[73.42357635500008,33.95560073900003],[73.42259979200003,33.955299377000074],[73.42088317900004,33.955219269000054],[73.41940307600004,33.955158234000066],[73.41767120400004,33.95555114700005],[73.41618347200006,33.95656967200006],[73.41620636000005,33.95827102700002],[73.41747283900008,33.95904922500006],[73.41816711400008,33.95988082900004],[73.41782379200004,33.96097946200007],[73.41481781000005,33.96290969800003],[73.41446685800008,33.964420319000055],[73.41474914600008,33.96541976900005],[73.41488647500006,33.96617126500007],[73.41422271700003,33.967201233000026],[73.41317749000007,33.96813964800003],[73.41123962400007,33.969089508000025],[73.40937042200005,33.97103118900003],[73.40836334200003,33.971561432000044],[73.40696716300005,33.97222900400004],[73.40601348900003,33.97320938100006],[73.40541839600007,33.97449111900005],[73.40466308600008,33.97549819900007],[73.40411377000004,33.975780487000065],[73.40263366700003,33.97599029500003],[73.40135192900004,33.97583007800006],[73.39803314200003,33.97520828200004],[73.39679718000008,33.97489929200003],[73.39341906800007,33.973450315000036],[73.39256286600005,33.972240448000036],[73.39219665500008,33.97142028800005],[73.39177703900003,33.97032928500005],[73.39082336400008,33.96871948200004],[73.38970947300004,33.96656036400003],[73.38848877000004,33.96501159700006],[73.38733673100006,33.96397018400006],[73.38543701200007,33.96242141700003],[73.38371276900006,33.96205902100007],[73.38192749000007,33.96207046500007],[73.37998962400007,33.96239852900004],[73.37870025600006,33.96234130900007],[73.37819671600005,33.96097183200004],[73.37816619900008,33.960170746000074],[73.37815856900005,33.95909881600005],[73.37640380900007,33.957370758000025],[73.37428283700007,33.95582962000003],[73.37437693300006,33.95501963300006],[73.37626647900004,33.95457077000003],[73.37753295900006,33.95465087900004],[73.37950134300007,33.95476150500008],[73.38218689000007,33.955299377000074],[73.38404846200007,33.95563125600006],[73.38549804700006,33.95539093000008],[73.38574218700006,33.955028534000064],[73.38581848100006,33.95343017600004],[73.38548278800005,33.95114898700007],[73.38510131800007,33.94871902500006],[73.38466644300007,33.94654846200007],[73.38215637200005,33.941810608000026],[73.38096618700007,33.94044876100003],[73.37935638400006,33.938381195000034],[73.37840271000005,33.93685913100006],[73.37715911900005,33.93568038900003],[73.37506866500007,33.934341431000064],[73.37364196800007,33.93313980100004],[73.37149047900004,33.931758881000064],[73.36950683600008,33.93037033100006],[73.36839294400005,33.92898941000004],[73.36785888700007,33.928218842000035],[73.36664981600006,33.92754951100005],[73.36613235000004,33.92724962900007],[73.36419677700007,33.926879883000026],[73.36295318600008,33.926769257000046],[73.35999298100006,33.92618942300004],[73.35817718500005,33.92536163300008],[73.35677337600004,33.923858643000074],[73.35593736500005,33.923042929000076],[73.35301971400008,33.920040131000064],[73.35205841100003,33.91954040500008],[73.34915161100008,33.918849945000034],[73.34767150900007,33.91886138900003],[73.34662628200005,33.918701172000056],[73.34662628200005,33.91796875000006],[73.34764099100005,33.91447830200008],[73.34828949000007,33.912651062000066],[73.34828186000004,33.911350250000055],[73.34808349600007,33.90966033900003],[73.34800720200008,33.907680511000024],[73.34754180900006,33.90690994300007],[73.34681701700003,33.90610885600006],[73.34478759800004,33.904750824000075],[73.34245300300006,33.903480530000024],[73.34127044700006,33.903099060000045],[73.34028625500008,33.90275955200008],[73.33924102800006,33.902191162000065],[73.33820343000008,33.90087890600006],[73.33735656700003,33.89921951300005],[73.33618927000003,33.89616012600004],[73.33532714800003,33.89434051500007],[73.33471679700006,33.893501282000045],[73.33383054100005,33.89266481800007],[73.33302307100007,33.89186859100005],[73.33199310300006,33.89097976700003],[73.33029174800004,33.889419556000064],[73.32797241200007,33.88742065400004],[73.32752990700004,33.885681152000075],[73.32830810500008,33.88433837900004],[73.32955932600004,33.88277816800007],[73.33068084700005,33.88185882600004],[73.33116149900007,33.880561829000044],[73.33101654100005,33.878650665000066],[73.33053803800004,33.87637631000007],[73.32975769000006,33.874710083000025],[73.32884216300005,33.873229980000076],[73.32787323000008,33.872039795000035],[73.32663726800007,33.871109009000065],[73.32306671100008,33.869171143000074],[73.32083129900008,33.86703109700005],[73.31890869100005,33.865440369000055],[73.31735992400007,33.86371994000007],[73.31778717000003,33.86285018900003],[73.31920623800005,33.86244964600007],[73.31958770800003,33.860290527000075],[73.31897735600006,33.85980987500005],[73.31823730500008,33.859020233000024],[73.31735229500003,33.85776901200006],[73.31671905500008,33.856899261000024],[73.31566619900008,33.85643005400004],[73.31477356000005,33.856449127000076],[73.31143188500005,33.85688018800005],[73.30995178200004,33.856399536000026],[73.30802917500006,33.85531997700008],[73.30690002400007,33.85440826400003],[73.30416107200006,33.850318909000066],[73.30209350600006,33.84804916400003],[73.29997253400006,33.845630646000075],[73.29821014400005,33.84489059400005],[73.29653930700005,33.84466934200003],[73.29588830300008,33.84461885300004],[73.29508972200006,33.84497070300006],[73.29342651400003,33.84571075400004],[73.29129791300005,33.846378326000035],[73.28962707500006,33.84693908700007],[73.28774261500007,33.847080231000064],[73.28558349600007,33.846771240000066],[73.28235626200006,33.84576034500003],[73.27543557100006,33.84266248100005],[73.26731109600007,33.83774948100006],[73.26596832300004,33.83790969800003],[73.26512908900008,33.83908081100003],[73.26358795200008,33.84214019800004],[73.26271820100004,33.84344101000005],[73.26122283900008,33.84495925900006],[73.25939940600006,33.84591395000007],[73.25739288300008,33.84552002000004],[73.25686645500008,33.84532165500008],[73.25523376500007,33.84495925900006],[73.25388336200007,33.844688416000054],[73.25229644800004,33.844020844000056],[73.25086212200006,33.84312820400004],[73.24735260000006,33.84207916300005],[73.24581146200006,33.84149169900007],[73.24461364700005,33.84029007000004],[73.24336242700008,33.838829041000054],[73.24260711700003,33.83777999900008],[73.24157714800003,33.83520889300007],[73.24102783200004,33.833480835000046],[73.23885345500008,33.827899933000026],[73.23805236800007,33.82632827800006],[73.23703976700006,33.82496147300003],[73.23670196500007,33.82466888400006],[73.23594665500008,33.82384872400007],[73.23268890400004,33.822448730000076],[73.23104200800003,33.821512916000074],[73.23007965100004,33.82102966300005],[73.22801971400008,33.82009887700008],[73.22595977800006,33.819259644000056],[73.22403717000003,33.81845092800006],[73.22118377700008,33.81777954100005],[73.21978759800004,33.81718826300005],[73.21840667700008,33.816970825000055],[73.21649169900007,33.816429138000046],[73.21317291300005,33.81568908700007],[73.21161651600005,33.815879822000056],[73.21029663100006,33.81641006500007],[73.209337,33.81610030500008],[73.20110321000004,33.813438416000054],[73.19049835200008,33.81016159100005],[73.18477630600006,33.809780121000074],[73.17923736600005,33.81058883700007],[73.17163085900006,33.808048248000034],[73.16847229000007,33.80450820900006],[73.16414642300003,33.81037902800006],[73.15866851800007,33.811931610000045],[73.15260314900007,33.810951233000026],[73.14566803000008,33.804710388000046],[73.14112854000007,33.80482101400003],[73.13843818200007,33.803115097000045],[73.13481903100006,33.80055999800004],[73.13105011000005,33.79887008700007],[73.12768932200004,33.79561525100007],[73.125,33.79301071200007],[73.12326812700007,33.78966903700007],[73.12180328400007,33.78742981000005],[73.11791229200003,33.78636932400008],[73.11547088600008,33.786460876000035],[73.09474945100004,33.78393936200007],[73.09339141800007,33.78644943200004],[73.09290313700006,33.788749695000035],[73.09223175000005,33.79127883900003],[73.08367157000004,33.792919159000064],[73.08146667500006,33.793548584000064],[73.07569122300004,33.78932952900004],[73.07087707500006,33.78694915800003],[73.06848907500006,33.784900665000066],[73.06368255600006,33.784389496000074],[73.05857849100005,33.78203964200003],[73.05581665000005,33.78408813500005],[73.05013275100004,33.78438186600005],[73.04762268100006,33.784931183000026],[73.04522705100004,33.785148621000076],[73.04192352300004,33.78443908700007],[73.03576766600008,33.78105114300007],[73.03440856900005,33.78028106700003],[73.03035386800008,33.78007684600004],[73.02739715600006,33.77988815300006],[73.01553344700005,33.77468109100005],[73.01370239300007,33.76930999800004],[73.01139831500006,33.76697158800005],[73.01140350300005,33.766956754000034],[73.01291656500007,33.76263046300005],[73.01196166800008,33.75814038000004],[73.01195838800004,33.75814051000003],[73.00993347200006,33.75822067300004],[73.00724792500006,33.76029968300003],[73.00042724600007,33.756839752000076],[72.99154663100006,33.75746154800004],[72.99154239700005,33.75743125500003],[72.99056243900003,33.750419617000034],[72.99055640100005,33.75041568300003],[72.98018646200006,33.743659973000035],[72.97863006600005,33.74158096300005],[72.97292327900004,33.74020004300007],[72.97083282500006,33.740058899000076],[72.96711731000005,33.73960113500004],[72.96376037600004,33.738700867000034],[72.96086883500004,33.73514175400004],[72.95883941700004,33.73437118500004],[72.95671844500004,33.73323059100005],[72.95671835700006,33.73320583100008],[72.95671081500006,33.731079102000024],[72.95670124800006,33.731077877000075],[72.95391082800006,33.730720520000034],[72.95147705100004,33.73062896700003],[72.94484710700004,33.729518890000065],[72.93402862500005,33.730178833000025],[72.93043953100005,33.72987111300006],[72.92752075200008,33.73046875000006],[72.92530822800006,33.730571747000056],[72.92234802200005,33.730609894000054],[72.91641998300008,33.72937011700003],[72.92053985600006,33.73447036700003],[72.92606353800005,33.73715972900004],[72.92386627200005,33.74560165400004],[72.92080688500005,33.74626922600004],[72.91681671100008,33.74671936000004],[72.91479151400006,33.74803547000005],[72.91198730500008,33.74776840200008],[72.89228057900004,33.750461578000056],[72.88873291000004,33.751251221000075],[72.88667297400008,33.75286102300004],[72.88073730500008,33.757499695000035],[72.88289642300003,33.75851821900005],[72.88629150400004,33.75963974000007],[72.88829773700007,33.761815564000074],[72.88841247600004,33.761940002000074],[72.88970947300004,33.76393890400004],[72.88873291000004,33.76644897500006],[72.88067627000004,33.76399993900003],[72.87590789800004,33.76158142100007],[72.87072753900003,33.760799408000025],[72.86753082300004,33.76208114600007],[72.86499786400003,33.76773834200003],[72.86216735800008,33.769760132000044],[72.85758209200003,33.77022934000007],[72.85540771500007,33.76942062400008],[72.85202026400003,33.76934051500007],[72.85270690900006,33.766571045000035],[72.85124969500004,33.76436996500007],[72.84707641600005,33.762180328000056],[72.84496307400008,33.76255035400004],[72.84435272200005,33.76462173500005],[72.84149932900004,33.764930725000056],[72.83818817100007,33.76388931300005],[72.83538818400007,33.763168335000046],[72.83217620800008,33.762531281000065],[72.82940673800005,33.763328552000075],[72.82734680200008,33.77040100100004],[72.82166290300006,33.77830886800007],[72.82224232000004,33.77905227400004],[72.82652282700008,33.78284072900004],[72.82727050800008,33.78554153400006],[72.82875061000004,33.78852081300005],[72.83016204800003,33.790908813000044],[72.83307647700008,33.79372024500003],[72.83593750000006,33.796649933000026],[72.83838653600003,33.798770905000026],[72.83966827400008,33.80052948000008],[72.84174346900005,33.80281066900005],[72.84532928500005,33.801471710000044],[72.84706115700004,33.80023956300005],[72.85234832800006,33.79730987500005],[72.85537719700005,33.79710006700003],[72.85695648200004,33.79843139600007],[72.85906219500004,33.80091095000006],[72.86093902600004,33.803050995000035],[72.86324310300006,33.80538177500006],[72.86621856700003,33.809238434000065],[72.86763000500008,33.81230926500007],[72.86961071000007,33.81490479900003],[72.87013244600007,33.817440033000025],[72.87118013700007,33.822654998000075],[72.87183380100004,33.82590866100003],[72.85961914100005,33.824600220000036],[72.85753631600005,33.82369995100004],[72.85388183600008,33.82394027700008],[72.85082244900008,33.82455062900004],[72.84966278100006,33.826290131000064],[72.84979248000008,33.83166885400004],[72.84687805200008,33.833480835000046],[72.84239959700005,33.83319854700005],[72.83319854700005,33.82580184900007],[72.83078002900004,33.82614135700004],[72.82788085900006,33.82619094800003],[72.82256317100007,33.82757186900005],[72.82232666000004,33.82816696200007],[72.82190004800003,33.829082877000076],[72.82111358600008,33.831279755000025],[72.82022094700005,33.83470153800005],[72.81844329800003,33.83742141700003],[72.81796264600007,33.84450912500006],[72.82093048100006,33.84466171300005],[72.82498931900005,33.845199585000046],[72.82911682100007,33.84580993700007],[72.83162689200003,33.84289932300004],[72.83178710900006,33.83985137900004],[72.83506774900007,33.84193038900003],[72.83614349400005,33.84526825000006],[72.83528137200005,33.851879120000035],[72.83328247100008,33.85363006600005],[72.83155059800004,33.858829498000034],[72.83139038100006,33.86151886000005],[72.83158313500007,33.86283956200003],[72.83136749300007,33.864379883000026],[72.83162689200003,33.869808197000054],[72.83204650900007,33.87269973800005],[72.83261871300004,33.87493133500004],[72.83376297100006,33.87894767800003],[72.83376312300004,33.87894821200007],[72.83329010000006,33.881439209000064],[72.83274078400007,33.887290955000026],[72.82964689300007,33.88747710700005],[72.81691964400005,33.888242873000024],[72.80883789100005,33.88872909500003],[72.80721729000004,33.88689745800008],[72.80573272700008,33.885219574000075],[72.80296325700004,33.88486099200003],[72.79422760000006,33.887058258000025],[72.79324340800008,33.88948822000003],[72.79139709500004,33.89157867400007],[72.78965759300007,33.89355087300004],[72.78894805900006,33.89804077100007],[72.78555297900004,33.899280548000036],[72.78288269000006,33.90118026700003],[72.78009033200004,33.902381897000055],[72.77725982700008,33.90322113000008],[72.77014923100006,33.91527175900006],[72.77665710400004,33.91495895400004],[72.77951812700007,33.91482925400004],[72.78366851800007,33.915470123000034],[72.78636932400008,33.917121887000064],[72.78903961200007,33.920150757000044],[72.78923797600004,33.923999786000024],[72.78735351600005,33.92692184400005],[72.78607940700005,33.93154907200005],[72.78381347700008,33.939769745000035],[72.78235626200006,33.94179153400006],[72.78113818600008,33.942339709000066],[72.77851104700005,33.94345855700004],[72.77533721900005,33.94615173300008],[72.77211761500007,33.94808960000006],[72.76865019000007,33.94951848300008],[72.76864624000007,33.94952011100003],[72.76525116000005,33.95220184300007],[72.76226806600005,33.95365905800003],[72.75894165000005,33.94887161300005],[72.75650787400008,33.94647979700005],[72.74958038300008,33.93849945100004],[72.74651336700003,33.936828613000046],[72.74388885500008,33.93738174400005],[72.74330139200003,33.93455886800007],[72.73773193400007,33.93095016500007],[72.73509216300005,33.928760529000044],[72.73301696800007,33.92673111000005],[72.72878265400004,33.923419952000074],[72.72596740700004,33.92144012500006],[72.72389221200007,33.919689178000056],[72.72305297900004,33.91643905600006],[72.72471618700007,33.914569855000025],[72.72740173300008,33.91352081300005],[72.73124694800003,33.91184997600004],[72.73413085900006,33.91035842900004],[72.73573303200004,33.908489227000075],[72.73451995800008,33.906288147000055],[72.73105621300004,33.90616989100005],[72.71883345000003,33.90547066900007],[72.71565246600005,33.90528869600007],[72.71308898900008,33.904708862000064],[72.70928192100007,33.90515899700006],[72.70511627200005,33.90568924000007],[72.70433807400008,33.902549744000055],[72.70810699500004,33.89989090000006],[72.70733599300007,33.89659931600005],[72.70691680900006,33.89480972300004],[72.70858001700003,33.891929626000035],[72.70938873300008,33.88908004800004],[72.70889282200005,33.88232040400004],[72.70677948000008,33.88050842300004],[72.69996643100006,33.876091003000056],[72.69881468600005,33.875302883000074],[72.69334905500006,33.87156284400004],[72.69296264600007,33.871379852000075],[72.68723297100007,33.87112045300006],[72.68582153300008,33.869178772000055],[72.67752838100006,33.866729736000025],[72.67395782500006,33.866180420000035],[72.66985321000004,33.86445999100005],[72.66641235400004,33.86285018900003],[72.66179657000004,33.861869812000066],[72.65574646000005,33.86447143600003],[72.64414215100004,33.85750961300005],[72.64335632300003,33.86204910300006],[72.64090728800005,33.865528107000046],[72.64270782500006,33.870479584000066],[72.63820648200004,33.873149872000056],[72.63377380400004,33.880210876000035],[72.62962341300005,33.87714004500003],[72.62286377000004,33.874759674000074],[72.61755371100008,33.875419617000034],[72.61464691200007,33.87565994300007],[72.61348492200005,33.875540545000035],[72.60948944100005,33.87512970000006],[72.60601043700007,33.87712097200006],[72.60578155500008,33.88209152200005],[72.61010742200006,33.88573074300007],[72.60804748500004,33.89152908300008],[72.61663055400004,33.89690017700008],[72.61933136000005,33.896610260000045],[72.62655639600007,33.902828217000035],[72.63014984100005,33.90760040300006],[72.62921142600004,33.909690857000044],[72.62972259500003,33.91267013500004],[72.62802887000004,33.91540908800005],[72.63063049300007,33.916118622000056],[72.63310241700003,33.91654968300003],[72.64473724400005,33.919528961000026],[72.64707946800007,33.920860291000054],[72.64971923800005,33.92280960100004],[72.65297699000007,33.92512130700004],[72.65332794200003,33.92861175500008],[72.65288201800007,33.93067939500003],[72.65255737300004,33.93109893800005],[72.64878845200008,33.93349075300006],[72.64228057900004,33.93692016600005],[72.64048767100007,33.938781738000046],[72.63878631600005,33.94110107400007],[72.63395690900006,33.94430923500005],[72.63204193100006,33.94503021200006],[72.62933349600007,33.946060181000064],[72.62724304200003,33.94686889600007],[72.62494659400005,33.948268890000065],[72.62132263200004,33.94879913300008],[72.61489105200008,33.95021820100004],[72.61225691200008,33.95107123200006],[72.60685730000006,33.95281982400007],[72.60402047500008,33.95334339900006],[72.60344696000004,33.95344924900007],[72.59829711900005,33.95127868700007],[72.59394073500005,33.95032119800004],[72.58999633800005,33.951560974000074],[72.58821868900003,33.95323944100005],[72.58267974900008,33.95331955000006],[72.57800293000008,33.95557022100007],[72.55883026100008,33.95956039400005],[72.55375671400003,33.95547103900003],[72.55008697500006,33.97500991800007],[72.55068206800007,33.97800064100005],[72.55091095000006,33.98276901200006],[72.54867079300004,33.98898744400003],[72.54876709000007,33.99332046500007],[72.54945373500004,33.99332046500007],[72.54917846200004,33.993830854000066],[72.54911041300005,33.99501037600004],[72.54953765900007,33.997009277000075],[72.54956817600004,33.99824905400004],[72.54887632100008,33.99794750900003],[72.54808044400005,33.99753952000003],[72.54624176100003,33.996641159000035],[72.54434204100005,33.99533081100003],[72.54295349100005,33.99514007600004],[72.54174804700006,33.99570846600005],[72.54062652600004,33.99642944300007],[72.53948974600007,33.99694061300005],[72.53556823700006,33.999160767000035],[72.53407287600004,34.00016021700003],[72.53282165500008,34.00072097800006],[72.53157806400003,34.00096130400004],[72.53011322000003,34.00075149500003],[72.52895355200008,34.00027847300004],[72.52793121300004,33.99961090100004],[72.52658844000007,33.998619080000026],[72.52577209500004,33.997749329000044],[72.52456665000005,33.99679184000007],[72.52295684800004,33.99663925200008],[72.52115631100008,33.996681213000045],[72.51963806200007,33.99689102200006],[72.51658630400004,33.99700164800004],[72.51432037400008,33.997039795000035],[72.51228332500006,33.99702835100004],[72.51017761200006,33.99713897700008],[72.50846862800006,33.99734115600006],[72.50711822500006,33.99731826800007],[72.50488281200006,33.99716949500004],[72.50312042200005,33.997600555000076],[72.50161743200005,33.998458862000064],[72.49762725800008,34.00017929100005],[72.48966217000003,34.001449585000046],[72.48548889200003,34.00024032600004],[72.48319244400005,33.99972915600006],[72.47844696000004,33.99832916300005],[72.47267150900007,33.99721908600003],[72.47091246000008,33.99673563600004],[72.46459198000008,33.994991302000074],[72.45767974900008,33.99330520700005],[72.45330810500008,33.99254989600007],[72.44876861600005,33.99147033700007],[72.44782257100007,33.99267959600007],[72.44721984900008,33.993900299000074],[72.44590759300007,33.99541854900008],[72.44402313200004,33.99816131600005],[72.44313812300004,34.00017929100005],[72.44161224400005,34.00064086900005],[72.43904876700003,34.00067901600005],[72.43679046600005,34.00048828100006],[72.43406677200005,34.00046920800003],[72.43267059300007,34.000381470000036],[72.43119812000003,34.00043869000007],[72.42925262500006,34.000518799000076],[72.42808360700008,34.00053007400004],[72.42720794700006,34.000801086000024],[72.42642211900005,34.000930786000026],[72.42469024700006,34.00141143800005],[72.42353057900004,34.00185012800006],[72.42135620100004,34.00254821800007],[72.41954803500005,34.00292968700006],[72.41706848100006,34.00352096600005],[72.41493988000008,34.003849030000026],[72.41346740700004,34.004360199000075],[72.41217804000007,34.00479126000005],[72.41043853800005,34.00524139400005],[72.40866088900003,34.00579071000004],[72.40686035200008,34.00645065300006],[72.40518188500005,34.00656127900004],[72.40384674100005,34.006000519000054],[72.40232576700004,34.00515674300004],[72.40232849100005,34.00386810300006],[72.40258789100005,34.00201034500003],[72.40244293200004,34.00072860700004],[72.40248870800008,34.000171661000024],[72.40312957800006,33.99800872800006],[72.40319061300005,33.99663925200008],[72.40326690700005,33.99460983300003],[72.40323638900003,33.99341964700005],[72.40323638900003,33.991851807000046],[72.40322113000008,33.98984909100005],[72.40313720700004,33.98765182500006],[72.40297699000007,33.98577880900007],[72.40278625500008,33.983718872000054],[72.40267944300007,33.98234176600005],[72.40270233200005,33.98096084600007],[72.40252685500008,33.97932052600004],[72.40249633800005,33.977748871000074],[72.40135192900004,33.97628021200006],[72.39993286100008,33.97595977800006],[72.39775848400006,33.975429535000046],[72.39647674600008,33.97520828200004],[72.39508819600007,33.97480011000005],[72.39333343500005,33.97434997600004],[72.39102172900004,33.97378921500007],[72.38937377900004,33.973388672000056],[72.38791656500007,33.973098755000024],[72.38655090300006,33.972839355000076],[72.38495636000005,33.972400665000066],[72.38356781000005,33.972110748000034],[72.38242340100004,33.971809387000064],[72.38198254700006,33.97155240500007],[72.38091729500007,33.97150170500004],[72.37975311300005,33.971210480000025],[72.37866973900003,33.97079086300005],[72.37848663300008,33.96833038300008],[72.37841796900005,33.96685028100006],[72.37840271000005,33.96509933500005],[72.37863159200003,33.963668823000035],[72.37853241000005,33.96086883500004],[72.37830352800006,33.95967102100008],[72.37502288800005,33.95740890500008],[72.37335968000008,33.95687103300003],[72.37138366700003,33.95632171600005],[72.36881256100008,33.955520630000024],[72.36837845700006,33.955353667000054],[72.36663055400004,33.95468139600007],[72.36293029800004,33.953338623000036],[72.35800933800004,33.95145034800004],[72.35482025100004,33.95029830900006],[72.35169982900004,33.94918060300006],[72.34654235800008,33.947078705000024],[72.34068298300008,33.94498825100004],[72.33879089400006,33.944171906000065],[72.33442688000008,33.94517898600003],[72.33359383900006,33.94530610800007],[72.33132171600005,33.94604110700004],[72.32849884000007,33.94659042400008],[72.32546234100005,33.94749069200003],[72.32301330600006,33.94815063500005],[72.32187652600004,33.94787979100005],[72.31973266600005,33.94675827000003],[72.31594848600008,33.944171906000065],[72.30931854200003,33.940208435000045],[72.30536651600005,33.93732070900006],[72.29929351800007,33.93441009500003],[72.29134368900003,33.930141449000075],[72.287925,33.92824697700007],[72.28711700400004,33.92779922500006],[72.28639221200007,33.92742919900007],[72.28179168700007,33.92512893700007],[72.27994539400004,33.92418227100006],[72.27580261200006,33.922058105000076],[72.26811981200007,33.917839050000055],[72.26229095500008,33.915000916000054],[72.25508117700008,33.91172027600004],[72.25106048600003,33.90896987900004],[72.24899292000003,33.90774917600004],[72.24349975600006,33.90504074100005],[72.24004364000007,33.90327072100007],[72.23705291700003,33.90150833100006],[72.23573303200004,33.90108871500007],[72.23452714100006,33.90053499900006],[72.23375701900005,33.89976882900004],[72.23275756800007,33.89451980600006],[72.23153686500007,33.891929626000035],[72.23078918500005,33.88848114000007],[72.23224639900008,33.88164901700003],[72.23465728800005,33.87722015400004],[72.23703002900004,33.873451233000026],[72.23914337200006,33.86960983300003],[72.23990631100008,33.866348267000035],[72.23943328900003,33.862339020000036],[72.23905632100008,33.86160348000004],[72.23805999800004,33.85678100600006],[72.23693084700005,33.85446929900007],[72.23594665500008,33.85055923500005],[72.23683929400005,33.845718384000065],[72.23808288600003,33.840518951000035],[72.23832615500004,33.83878045700004],[72.23834991500007,33.83105087300004],[72.23795318600008,33.82756042500006],[72.23751068100006,33.82397079500004],[72.23735809300007,33.81975936900005],[72.23709869400005,33.81536102300004],[72.23683929400005,33.81066894500003],[72.23631286600005,33.80570983900003],[72.23603820800008,33.802509308000026],[72.23586273200004,33.79981994600007],[72.23549652100007,33.79747009300007],[72.23474884000007,33.79261016800007],[72.23459625200007,33.79100036600005],[72.23429870600006,33.78630828900003],[72.23494720500008,33.784061432000044],[72.23795318600008,33.77835083000008],[72.24073028600003,33.77248001100003],[72.24160766600005,33.77098846400003],[72.24352264400005,33.76791000400004],[72.24478912400008,33.76483154300007],[72.24491882300003,33.76391983000008],[72.24478912400008,33.76295089700005],[72.24404970100005,33.76212469600006],[72.24371190300008,33.76174945100007],[72.23889160200008,33.76216888400006],[72.23317718500005,33.76420974700005],[72.22627258300008,33.76784133900003],[72.22171020500008,33.77035903900003],[72.21511840800008,33.77331161500007],[72.21222686800007,33.77354812600004],[72.21008300800008,33.773220062000064],[72.20916748000008,33.77182006800007],[72.20987701400003,33.76961898800005],[72.21090698200004,33.767761230000076],[72.21058654800004,33.766189575000055],[72.20690918000008,33.76530075100004],[72.20404052700007,33.76448822000003],[72.20284020500003,33.764338372000054],[72.20182037400008,33.76420974700005],[72.19992828400007,33.76361084000007],[72.19300079300007,33.762058258000025],[72.18273925800008,33.76285934400005],[72.18003845200008,33.76411056500007],[72.17289733900003,33.76729965200008],[72.16448974600007,33.76889038100006],[72.15804290800008,33.769870758000025],[72.14922332800006,33.77108001700003],[72.14359283400006,33.77148819000007],[72.14241343800006,33.77152048200003],[72.14040374800004,33.77183151200006],[72.12798309300007,33.77476882900004],[72.11440277100007,33.779079437000064],[72.10498809800004,33.782070160000046],[72.09612274200003,33.78535080000006],[72.08612823500005,33.787570953000056],[72.07911682100007,33.787090302000024],[72.07412719700005,33.784931183000026],[72.07176146100005,33.78266934800007],[72.07376861600005,33.780139923000036],[72.07675933800004,33.775909424000076],[72.07929229700005,33.77257156400003],[72.08000183100006,33.77069091800007],[72.07926940900006,33.768020630000024],[72.07627105700004,33.764659882000046],[72.07209014900008,33.762130737000064],[72.06887817400008,33.75994110100004],[72.05683898900008,33.757850647000055],[72.05449676500007,33.75708007800006],[72.05232238800005,33.755939484000066],[72.04885101300005,33.755451202000074],[72.04363250700004,33.75457000700004],[72.03978729200003,33.75355911300005],[72.03800201400003,33.75283050500008],[72.03655242900004,33.75177002000004],[72.03571319600007,33.75045013400006],[72.03610992400007,33.75001144400005],[72.03547668500005,33.74829101600005],[72.03481292700008,33.74542999300007],[72.03488159200003,33.74375152600004],[72.03497314500004,33.74140930200008],[72.03469085700004,33.73958969100005],[72.03397369400005,33.73770141600005],[72.03217315700005,33.73598861700003],[72.02957153300008,33.732978821000074],[72.02822113000008,33.73130035400004],[72.02697753900003,33.72879028300002],[72.02519989000007,33.72628021200006],[72.02324676500007,33.72365188600003],[72.02021789600008,33.72023010300006],[72.01754973100003,33.71751373700005],[72.01611328100006,33.71636962900004],[72.01338958700006,33.71453857400007],[72.01210784900007,33.71379852300004],[72.01076568700006,33.71355415000005],[72.01025642800005,33.714293793000024],[72.00999259100007,33.71464393300005],[72.00932312000003,33.71533966100003],[72.00800323500005,33.71527481100003],[72.00685882600004,33.71444702100007],[72.00498962400007,33.71226501500007],[72.00280761700003,33.70811843900003],[72.00083923300008,33.70054626500007],[71.99897003200005,33.69297409100005],[71.99762725800008,33.676849365000066],[71.99548339800003,33.67615890500008],[71.99389648400006,33.675270081000065],[71.99217224100005,33.67419815100004],[71.98986816400003,33.67221832300004],[71.98869323700006,33.670440674000076],[71.98664093000008,33.66836929300007],[71.98426818800004,33.66606903100006],[71.98216247600004,33.663040161000026],[71.98121643100006,33.65937042200005],[71.98150634800004,33.65605163600003],[71.98164367700008,33.653839111000025],[71.98200225800008,33.65102005000006],[71.98372650100004,33.64706039400005],[71.98512268100006,33.64434051500007],[71.98578643800005,33.64226913500005],[71.98577117900004,33.63904953000008],[71.98419952400008,33.63708114600007],[71.98065948500005,33.63341903700007],[71.97953033400006,33.631671906000065],[71.97949981700003,33.629119873000036],[71.97899627700008,33.625461578000056],[71.97876739500003,33.622711182000046],[71.97952270500008,33.619201660000044],[71.97952270500008,33.61637878400006],[71.97905731200007,33.61188888500004],[71.97940826400003,33.60860061600005],[71.97972106900005,33.60493850700004],[71.98005676300005,33.603099823000036],[71.98043823200004,33.59825897200005],[71.97998046900005,33.59415817300004],[71.97937011700003,33.58995819100005],[71.97837066700004,33.58679962200006],[71.97660827600004,33.58478164700006],[71.97499084500004,33.583000183000024],[71.97026825000006,33.580459595000036],[71.96540832500006,33.57936096200007],[71.96066284200003,33.57828140300006],[71.95732116700003,33.57649993900003],[71.95424652100007,33.57434845000006],[71.95198822000003,33.57049942000003],[71.95394897500006,33.56480026200006],[71.95503234900008,33.56188964800003],[71.95668029800004,33.559101105000025],[71.95777130100004,33.555068970000036],[71.95948028600003,33.55273819000007],[71.96066284200003,33.55162811300005],[71.96187055200005,33.55048057800008],[71.96240997300004,33.54996871900005],[71.96367645300006,33.54875183100006],[71.96515655500008,33.54465103100006],[71.96645355200008,33.54116821300005],[71.96708679200003,33.53659057600004],[71.96565246600005,33.53326034500003],[71.96349334700005,33.53018188500005],[71.96186828600008,33.52709960900006],[71.95993804900007,33.52399826000004],[71.95767211900005,33.51988983200005],[71.95556640600006,33.516841888000044],[71.95346069300007,33.513980865000065],[71.95179748500004,33.51208114600007],[71.94967651400003,33.50994110100004],[71.94738006600005,33.50740051300005],[71.94351196300005,33.50450134300007],[71.94116973900003,33.502941132000046],[71.93878936800007,33.50059890700004],[71.93781280500008,33.49964141800007],[71.93125915500008,33.49620056200007],[71.92855072000003,33.49320983900003],[71.92711639400005,33.492000580000024],[71.92527008100006,33.49081039400005],[71.92285919200003,33.48958969100005],[71.92005920400004,33.48873901400003],[71.91760253900003,33.48809814500004],[71.91448211700003,33.48751068100006],[71.91150665300006,33.48662948600003],[71.90981292700008,33.48614883400006],[71.90776062000003,33.485591888000044],[71.90599060100004,33.48492050200008],[71.90519714400006,33.481719971000075],[71.90491447000005,33.48010315800008],[71.90469360400004,33.47883987400007],[71.90441894500003,33.47602844200003],[71.90260314900007,33.47317123400006],[71.90036010700004,33.469329834000064],[71.89618682900004,33.46451950100004],[71.89482879600007,33.463199615000065],[71.89289856000005,33.46189117400007],[71.88658142100007,33.45972824100005],[71.88095092800006,33.45819091800007],[71.87638855000006,33.456439972000055],[71.87410736100003,33.45515060400004],[71.86942291300005,33.449981689000026],[71.86837005600006,33.447200775000056],[71.86741638200004,33.44501876800007],[71.86685943600008,33.44242095900006],[71.86657714800003,33.43939971900005],[71.86670684800004,33.43618011500007],[71.86802808900006,33.43199431000005],[71.86849975600006,33.430500031000065],[71.86966705300006,33.427120209000066],[71.87061309800004,33.423851013000046],[71.87046814000007,33.41910934400005],[71.87008667000003,33.41651916500007],[71.86692810100004,33.41175079300007],[71.86505889900008,33.41025161700003],[71.86264801000004,33.40847015400004],[71.85903167700008,33.40594101000005],[71.85720062300004,33.404479980000076],[71.85386657700008,33.40348815900006],[71.85192871100008,33.40324020400004],[71.84809112500005,33.403919220000034],[71.84150695800008,33.40594101000005],[71.83740997300004,33.408161163000045],[71.83500671400003,33.40890121500007],[71.83235168500005,33.409141541000054],[71.82872009300007,33.40747070300006],[71.82412719700005,33.40531921400003],[71.81997680700005,33.40369033800005],[71.81533813500005,33.40205001800007],[71.81033325200008,33.39958953900003],[71.80758633600004,33.39789359700006],[71.80581665000005,33.396800995000035],[71.80052948000008,33.39410018900003],[71.79592132600004,33.39160156200006],[71.79210662800006,33.389778137000064],[71.78777313200004,33.38840866100003],[71.78617165700007,33.38782383700004],[71.78350067100007,33.38684845000006],[71.77658844000007,33.384109497000054],[71.77374267600004,33.382740021000075],[71.76634216300005,33.37870025600006],[71.76232910200008,33.37646865800008],[71.76133728000008,33.375968933000024],[71.75936889600007,33.37496185300006],[71.75459289600008,33.372501373000034],[71.75028991700003,33.370399475000056],[71.74707794200003,33.369411469000056],[71.74389648400006,33.36774063100006],[71.73564910900006,33.36545181300005],[71.73271942100007,33.362411499000075],[71.72978210400004,33.359420776000036],[71.72708129900008,33.35681915300006],[71.72476959200003,33.35466003400006],[71.72064209000007,33.35110855100004],[71.71985626200006,33.34862136800007],[71.71925354000007,33.346851349000076],[71.71775485900008,33.34471352300005],[71.71652221700003,33.34318924000007],[71.71531677200005,33.340831757000046],[71.71465301500007,33.338989258000026],[71.71621704100005,33.33771133400006],[71.71823883100006,33.33744812000003],[71.72116088900003,33.33769989000007],[71.72322082500006,33.33731079100005],[71.72377592800007,33.336844521000046],[71.72608947800006,33.335300446000076],[71.72724151600005,33.33398056000004],[71.72881317100007,33.32957077000003],[71.73000335700004,33.32619094800003],[71.73042297400008,33.324359894000054],[71.73037719700005,33.31813049300007],[71.73036193800004,33.31592178300008],[71.72907257100007,33.31010818500005],[71.72624969500004,33.304859161000024],[71.72431945800008,33.30199050900006],[71.72232818600008,33.29922103900003],[71.72039794900007,33.297000885000045],[71.71819305400004,33.296020508000026],[71.71568298300008,33.294521332000045],[71.71276855500008,33.29235076900005],[71.71016693100006,33.29087829600007],[71.70786285400004,33.28944015500008],[71.70659637500006,33.288238525000054],[71.70509338400007,33.28490829500004],[71.70535278300008,33.282218933000024],[71.70574188200004,33.28002166700003],[71.70620727500005,33.277389526000036],[71.70723724400005,33.27505111700003],[71.70812225300006,33.27070999100005],[71.70892334000007,33.265838623000036],[71.70948028600003,33.262161255000024],[71.70883941700004,33.25904083300003],[71.70847320600006,33.255371094000054],[71.70983123800005,33.25244903600003],[71.71179962200006,33.25012970000006],[71.71190643300008,33.248340607000046],[71.71282959000007,33.246650696000074],[71.71385955800008,33.24486923200004],[71.71655273400006,33.24124145500008],[71.71920776400003,33.23855972300004],[71.72221374500003,33.235870361000025],[71.72514343300003,33.233409882000046],[71.72834777800006,33.231040955000026],[71.73088073700006,33.22929000900007],[71.73372650100004,33.22689056400003],[71.73690795900006,33.224590302000024],[71.73960113500004,33.22182083100006],[71.74156951900005,33.22034072900004],[71.74315643300008,33.218811035000044],[71.74600219700005,33.21623992900004],[71.74854278600003,33.213939667000034],[71.74996948200004,33.21274185200008],[71.75198364300007,33.210720062000064],[71.75305938700006,33.208831787000065],[71.75420379600007,33.206901550000055],[71.75512695300006,33.20468139600007],[71.75583648700007,33.20204162600004],[71.75671784100007,33.199679192000076],[71.75695800800008,33.199031830000024],[71.75856018100006,33.19607162500006],[71.75937652600004,33.193420410000044],[71.76027679400005,33.19042968700006],[71.76103973400006,33.18790054300007],[71.76141357400007,33.18547058100006],[71.76129913300008,33.18267059300007],[71.76110839800003,33.18027877800006],[71.76093292200005,33.177211761000024],[71.76069641100008,33.173179626000035],[71.76011657700008,33.170440674000076],[71.75914764400005,33.167129517000035],[71.75826263400006,33.164188385000045],[71.75733184800004,33.16078949000007],[71.75581359900008,33.157100677000074],[71.75379180900006,33.153850555000076],[71.75272369400005,33.15213012700008],[71.75193786600005,33.150508881000064],[71.75013732900004,33.147838593000074],[71.74939727800006,33.147129059000065],[71.74891662600004,33.14598846400003],[71.74788665800008,33.14410018900003],[71.74623870800008,33.141929626000035],[71.74186706500006,33.13830947900004],[71.73558807400008,33.13373184200003],[71.73117065400004,33.130649567000034],[71.72454071000004,33.12583923300008],[71.71900177000003,33.11978149400005],[71.71385955800008,33.112018585000044],[71.71154785200008,33.10226059000007],[71.71215820300006,33.093509674000074],[71.71246337900004,33.09062957800006],[71.71286773700007,33.087848663000045],[71.71336364700005,33.08306884800004],[71.71405792200005,33.077030182000044],[71.71420288100006,33.07518005400004],[71.71485900900007,33.07162094100005],[71.71602630600006,33.06723022500006],[71.71737670900006,33.06298828100006],[71.71808624300007,33.060760498000036],[71.71848297100007,33.05982971200007],[71.71669769300007,33.05998992900004],[71.71372985800008,33.06024169900007],[71.70966339100005,33.06090927100007],[71.70358276400003,33.06118011500007],[71.69735717800006,33.06193924000007],[71.69264984100005,33.062641144000054],[71.68874359100005,33.06433868400006],[71.68570709200003,33.06612014800004],[71.68401336700003,33.06692886400003],[71.68192291300005,33.06824874900008],[71.67775726300005,33.069919586000026],[71.67429351800007,33.07091903700007],[71.67003631600005,33.071281433000024],[71.66397857700008,33.072078705000024],[71.65820312500006,33.07349014300007],[71.65381622300004,33.07617187500006],[71.65068054200003,33.078250885000045],[71.64720153800005,33.07971954300007],[71.64447784400005,33.08140182500006],[71.64100647000004,33.08330154400005],[71.63726043700007,33.085491180000076],[71.63382720900006,33.08806991600005],[71.63182830800008,33.09257888800005],[71.63218689000007,33.095111847000055],[71.63207244900008,33.09832000700004],[71.62973785400004,33.103099823000036],[71.62812805200008,33.10543060300006],[71.62687157800008,33.10698307700005],[71.62638092000003,33.107818604000045],[71.62277221700003,33.111938477000024],[71.62155151400003,33.113231659000064],[71.61947631800007,33.116348267000035],[71.61669158900008,33.11988067600004],[71.61582946800007,33.12162017800006],[71.61338043200004,33.12364959700005],[71.61180877700008,33.12583160400004],[71.60884094200003,33.129989624000075],[71.60723114000007,33.13130950900006],[71.60492706300005,33.131240845000036],[71.60301208500005,33.13325882000004],[71.60272979700005,33.136230469000054],[71.60214996300004,33.14076995800008],[71.60176086400008,33.14435958900003],[71.60092926000004,33.14960098300003],[71.60043335000006,33.15438842800006],[71.59963226300005,33.15908813500005],[71.59918975800008,33.16254043600003],[71.59841918900008,33.16487884500003],[71.59839630100004,33.16727066000004],[71.59957122800006,33.169960022000055],[71.60070037800006,33.17391967800006],[71.60162353500004,33.178379059000065],[71.60201263400006,33.18196106000005],[71.60253143300008,33.18421936000004],[71.59980011000005,33.18741989100005],[71.59600830100004,33.18952941900005],[71.59098815900006,33.192329407000045],[71.58669281000005,33.195350647000055],[71.58262634300007,33.198101044000055],[71.57747650100004,33.20299911500007],[71.57617187500006,33.20495986900005],[71.57498168900008,33.20648956300005],[71.57259368900003,33.20914077800006],[71.56799316400003,33.213691711000024],[71.56424713100006,33.21706008900003],[71.55980682400008,33.22040176400003],[71.55771637000004,33.22103881800007],[71.55610656700003,33.22399139400005],[71.55597686800007,33.227340698000035],[71.55290222200006,33.22851944000007],[71.54662323000008,33.227710724000076],[71.54149627700008,33.22645950300006],[71.53608703600008,33.224639893000074],[71.53270721400008,33.22307968100006],[71.52710723900003,33.220180511000024],[71.52317810100004,33.218238831000065],[71.51905059800004,33.21675109900008],[71.51614379900008,33.21722030600006],[71.51506042500006,33.21535873400006],[71.51560974100005,33.21355056800007],[71.51625061000004,33.21171951300005],[71.51811218300003,33.20845031700003],[71.51896667500006,33.20653152500006],[71.52039337200006,33.20465087900004],[71.52239227300004,33.20503997800006],[71.52377319300007,33.20389175400004],[71.52468872100008,33.20206069900007],[71.52382659900007,33.200229645000036],[71.52127075200008,33.19773101800007],[71.51782226600005,33.19713974000007],[71.51344299300007,33.19828033400006],[71.51107788100006,33.199241638000046],[71.50788116500007,33.19974136400003],[71.50541687000003,33.19860076900005],[71.50209045400004,33.19910049400005],[71.49997711200007,33.19961166400003],[71.49978637700008,33.203990936000025],[71.50134277300003,33.20550918600003],[71.50089263900003,33.20758056600005],[71.49904632600004,33.20719909700006],[71.49665069600007,33.20748901400003],[71.49407959000007,33.20693969700005],[71.49120330800008,33.206550598000035],[71.49011993400006,33.20846939100005],[71.49120330800008,33.21051025400004],[71.49269104000007,33.213581085000044],[71.49191284200003,33.215869904000044],[71.48848724400005,33.21596145600006],[71.48430633500004,33.21490097000003],[71.48238372800006,33.214611053000056],[71.48062133800005,33.21456909200003],[71.47852325400004,33.21566009500003],[71.47704315200008,33.21685028100006],[71.47286987300004,33.21781921400003],[71.46991729700005,33.21844863900003],[71.46433258100006,33.21891021700003],[71.46157836900005,33.21937942500006],[71.45758056600005,33.21961975100004],[71.45465087900004,33.219528198000035],[71.45236969000007,33.21977996800007],[71.44937133800005,33.22097015400004],[71.44914245600006,33.223770142000035],[71.44821167000003,33.22536087000003],[71.44480133100006,33.22618866000005],[71.44283294700006,33.22724151600005],[71.44391632100007,33.22967910800003],[71.44528961200007,33.23089981100003],[71.44711303700007,33.23181152300003],[71.44631195100004,33.23360061600005],[71.44417572000003,33.23593139600007],[71.44578552200005,33.238399506000064],[71.44493866000005,33.24014282200005],[71.44458007800006,33.24042892500006],[71.44270324700005,33.23915100100004],[71.44024658200004,33.238361359000066],[71.43717193600008,33.239891052000075],[71.43493652300003,33.23868942300004],[71.43353271500007,33.236679077000076],[71.43282318100006,33.23495101900005],[71.43102264400005,33.23157882700008],[71.43084716800007,33.22920990000006],[71.42672729500003,33.22666931200007],[71.42408752400007,33.22745895400004],[71.42165374800004,33.22615051300005],[71.41928863500004,33.22568130500002],[71.41776275600006,33.226791382000044],[71.41599273700007,33.225490570000034],[71.41448974600007,33.22328186000004],[71.41348266600005,33.221641541000054],[71.41177368200005,33.21907043500005],[71.41291809100005,33.215831757000046],[71.41416931200007,33.21446991000005],[71.41245269800004,33.21068954500004],[71.41104126000005,33.209190369000055],[71.40924072300004,33.20700073200004],[71.41100311300005,33.20409011800007],[71.41040039100005,33.20190811200007],[71.40894317600004,33.19977951000004],[71.40850830100004,33.19609832800006],[71.40704345700004,33.19380950900006],[71.40962982200006,33.19029998800005],[71.41087341300005,33.18888092000003],[71.41325378400006,33.187728882000044],[71.41541290300006,33.18751907300003],[71.41747283900008,33.187099457000045],[71.41902160600006,33.18540954600007],[71.42099762000004,33.18349838300003],[71.42253875700004,33.182609558000024],[71.42489624000007,33.18278121900005],[71.42765045200008,33.18404007000004],[71.42993927000003,33.18421173100006],[71.43260192900004,33.18384933500005],[71.43434143100006,33.18288040200002],[71.43599700900006,33.18101882900004],[71.43576049800004,33.17908096300005],[71.43460845900006,33.17723846400003],[71.43163299600008,33.17522811900005],[71.43049621600005,33.173011780000024],[71.43122863800005,33.17063903800005],[71.43150329600007,33.16868972800006],[71.43206787100007,33.165550232000044],[71.43302154500003,33.16405868500004],[71.43280792200005,33.160720825000055],[71.43311309800004,33.15882110600006],[71.43546295200008,33.15528869600007],[71.43675994900008,33.153961182000046],[71.43913269000006,33.152301788000045],[71.44180297900004,33.15074920700005],[71.44180297900004,33.14648819000007],[71.44100952100007,33.14225006100003],[71.44125366200007,33.139419556000064],[71.44307708700006,33.13811874400005],[71.44547271700003,33.136901855000076],[71.44721221900005,33.13594055200008],[71.44873809800004,33.13455963100006],[71.44857025100004,33.13267898600003],[71.45017242400007,33.13142013500004],[71.45229339600007,33.13019943200004],[71.44956060000004,33.125973061000025],[71.44824981700003,33.12234878500004],[71.44721984900008,33.12049102800006],[71.44547271700003,33.11938095100004],[71.44315338100006,33.119850159000066],[71.44059753400006,33.120079041000054],[71.43826293900008,33.11766815200008],[71.43767051100008,33.11678409000007],[71.43678283700007,33.11545944200003],[71.43443298300008,33.11312103300003],[71.43329620400004,33.111679077000076],[71.43337249800004,33.10866928100006],[71.43300628700007,33.106899261000024],[71.43190765400004,33.10485076900005],[71.42965698200004,33.10226059000007],[71.42817688000008,33.10044860800008],[71.42591095000006,33.09798049900007],[71.42397215900007,33.095009195000046],[71.42349243200005,33.09383773800005],[71.42326355000006,33.093261719000054],[71.42489624000007,33.09188842800006],[71.42617034900007,33.09014129600007],[71.42613220200008,33.08826065100004],[71.42721557600004,33.08561515800005],[71.42787170400004,33.08279037500006],[71.42957305900006,33.07973098800005],[71.43213653600003,33.078689575000055],[71.43324279800004,33.07680892900004],[71.43608856200007,33.073978424000074],[71.43821716300005,33.07254028300002],[71.43835332000003,33.072541597000054],[71.44019317600004,33.072559357000046],[71.44132995600006,33.07429122900004],[71.44177246100008,33.07155990600006],[71.44138336200007,33.06909942600004],[71.44432067900004,33.06698989900008],[71.44673919700006,33.06660080000006],[71.44886016800007,33.06729888900003],[71.45126342800006,33.06819915800003],[71.45365905800003,33.06922912600004],[71.45604705800008,33.06990051300005],[71.45968627900004,33.06986999500003],[71.46108245800008,33.068820953000056],[71.46079254200004,33.067050934000065],[71.46035003700007,33.06515884400005],[71.46029663100006,33.06282043500005],[71.46096038800005,33.061111450000055],[71.46334075900006,33.05963134800004],[71.46662902800006,33.05567169200003],[71.46803283700007,33.05347061200007],[71.46962738000008,33.051528931000064],[71.47221004200003,33.05044611300008],[71.47473907500006,33.04949951200007],[71.47609710700004,33.048149109000065],[71.47466278100006,33.04619979900008],[71.47238159200003,33.04553985600006],[71.46894073500005,33.044689178000056],[71.46708679200003,33.04430007900004],[71.46513366700003,33.04167938200004],[71.46396637000004,33.03900909400005],[71.46318054200003,33.034690857000044],[71.46307373000008,33.032619476000036],[71.46296691900005,33.03020095800008],[71.46119689900007,33.027549744000055],[71.45958709700005,33.02320861800007],[71.45923018200006,33.022619392000024],[71.45829772900004,33.02108001700003],[71.45626831100003,33.01876068100006],[71.45398712200006,33.01649856600005],[71.45137786900005,33.014801025000054],[71.44835662800006,33.01329040500008],[71.44627380400004,33.012329102000024],[71.44435882600004,33.01116180400004],[71.44207763700007,33.00946044900007],[71.43860626200006,33.00753021200006],[71.43835332000003,33.00740326600004],[71.43657684300007,33.006511688000046],[71.43476104700005,33.005210876000035],[71.43221283000008,33.00400161700003],[71.42829895000006,33.00320053100006],[71.42636871300004,33.00307083100006],[71.42283630400004,33.003570557000046],[71.42112731900005,33.00460815400004],[71.41941833500005,33.006031036000024],[71.41649627700008,33.00762939500004],[71.41364288300008,33.008289337000065],[71.41005706800007,33.00865936300005],[71.40751647900004,33.00938034100005],[71.40550231900005,33.01036071800007],[71.40428161600005,33.007141113000046],[71.40100860600006,33.005378723000035],[71.39842987100008,33.003459930000076],[71.39602661100008,33.00202941900005],[71.39290618900003,33.000900269000056],[71.39067840600006,33.000339508000025],[71.38905334500004,32.99958038300008],[71.38786315900006,32.99934005700004],[71.38658142100007,32.999080658000025],[71.38507843000008,32.99908828700006],[71.38211822500006,33.001430511000024],[71.37975311300005,33.00283050500008],[71.37763977100008,33.003929138000046],[71.37592315700005,33.00579071000004],[71.37436676000004,33.004718781000065],[71.37127685500008,33.00252914400005],[71.36979675300006,33.00131988500004],[71.36834716800007,33.00003624000004],[71.36673736600005,32.998859406000065],[71.36483764600007,32.99721908600003],[71.36348724400005,32.99605941800007],[71.36170196500007,32.994720459000064],[71.35938262900004,32.99282074000007],[71.35825347900004,32.99206161500007],[71.35723114000007,32.99140930200008],[71.35530090300006,32.990798950000055],[71.35189056400003,32.99085998500004],[71.34368133500004,32.991348267000035],[71.34058380100004,32.99158096300005],[71.33783721900005,32.99242019700006],[71.33547210700004,32.99359130900007],[71.33167266800007,32.99494934100005],[71.32943725600006,32.995780945000035],[71.32684326200007,32.99697876000005],[71.32504272500006,32.997959137000066],[71.32373809800004,32.99866104100005],[71.32301330600006,32.999080658000025],[71.32250976600005,32.999488831000065],[71.32171630900007,33.000141144000054],[71.32010650600006,33.001148224000076],[71.31754303000008,33.00231933600003],[71.31675720200008,33.00680923500005],[71.31719970700004,33.00917816200007],[71.31743621800007,33.01118850700004],[71.31804657000004,33.01330947900004],[71.31823730500008,33.01670074500004],[71.31548309300007,33.01613998400006],[71.31382751500007,33.01551055900006],[71.31002807600004,33.01422119100005],[71.30612182600004,33.013149261000024],[71.30284881600005,33.012409210000044],[71.30063629200004,33.011631012000066],[71.29763031000005,33.010768890000065],[71.29371643100006,33.00933837900004],[71.28872680700005,33.007930756000064],[71.28471374500003,33.00677108800005],[71.28061676000004,33.005851746000076],[71.27607727100008,33.004638672000056],[71.27237701400003,33.003650665000066],[71.26957702600004,33.00294876100003],[71.26566314700005,33.001808167000036],[71.26293945300006,33.00104141200006],[71.26033020000006,33.00017929100005],[71.25991821300005,32.99988937400008],[71.25897216800007,32.99945068400007],[71.25746917700008,32.998699188000046],[71.25630950900006,32.99827957200006],[71.25486755400004,32.99821090700004],[71.25321960400004,32.99879074100005],[71.25193786600005,32.999401093000074],[71.25106811500007,32.99969863900003],[71.25047302200005,33.000030518000074],[71.25003051800007,33.00028991700003],[71.24430847200006,32.998889923000036],[71.24376678500005,32.99702835100004],[71.24305725100004,32.99589920000005],[71.24253845200008,32.99533081100003],[71.24205780000005,32.99477005000006],[71.24138641400003,32.99468994100005],[71.23947143600003,32.99618148800005],[71.23773956300005,32.99702072100007],[71.23597717300004,32.995288849000076],[71.23513793900008,32.99377059900007],[71.23384857200006,32.99285888700007],[71.23242950400004,32.991539001000035],[71.23043823200004,32.98994064300007],[71.22765350300006,32.98825073200004],[71.22502136200006,32.98772811900005],[71.22290039100005,32.98488998400006],[71.22200012200005,32.98318862900004],[71.21955108600008,32.98109817500006],[71.21820068400007,32.98054122900004],[71.21582031200006,32.97988891600005],[71.21125030500008,32.97893905600006],[71.20606231700003,32.977748871000074],[71.20163726800007,32.97739028900003],[71.19740295400004,32.97760009800004],[71.19557952900004,32.977230072000054],[71.19329834000007,32.97692108200005],[71.19180297900004,32.97672462500003],[71.18995666500007,32.97599029500003],[71.18863678000008,32.97552871700003],[71.18731689500004,32.97436142000004],[71.18663229500004,32.97407743500003],[71.18491363500004,32.972480774000076],[71.18076324500004,32.969650269000056],[71.17687988300008,32.96728897100007],[71.17472076400003,32.965869904000044],[71.17192840600006,32.96429061900005],[71.16887664800004,32.96335983300003],[71.16548919700006,32.960201263000044],[71.16361236600005,32.95669937100007],[71.16030120800008,32.95048904400005],[71.15911865200007,32.94792175300006],[71.15911102300004,32.944999695000035],[71.15995025600006,32.94372940100004],[71.15956115700004,32.94171142600004],[71.15859222400007,32.94041824300007],[71.15532684300007,32.93751907300003],[71.15167236300005,32.93503952000003],[71.14826965300006,32.93172836300005],[71.14559936500007,32.92855072000003],[71.14391326900005,32.92559051500007],[71.14277648900008,32.92137908900003],[71.14235687300004,32.917999268000074],[71.14227294900007,32.91740989700003],[71.14129638700007,32.911510468000074],[71.14203643800005,32.905960083000025],[71.14179229700005,32.901371002000076],[71.14111328100006,32.897159576000035],[71.14158630400004,32.89406967200006],[71.143013,32.890640259000065],[71.14389801000004,32.88983154300007],[71.14492797900004,32.88805007900004],[71.14407348600008,32.88354110700004],[71.14363098100006,32.88000106800007],[71.14334869400005,32.87472152700008],[71.14317321800007,32.87096023600003],[71.14275360100004,32.868389130000025],[71.14141082800006,32.865470886000026],[71.13874816900005,32.86283111600005],[71.13804626500007,32.85998153700007],[71.13745880100004,32.85615158100006],[71.13725280800003,32.85181045500008],[71.13716888400006,32.84820938100006],[71.13702853600006,32.841819790000045],[71.13694000200007,32.84054946900005],[71.13646698000008,32.837680817000034],[71.13571929900007,32.836109161000024],[71.13375091600005,32.83295059200003],[71.13301849400005,32.82738113400006],[71.13329315200008,32.825141907000045],[71.13361358600008,32.82231903100006],[71.13334655800003,32.81993103000008],[71.13281250000006,32.816509247000056],[71.13368988000008,32.811000824000075],[71.13211822500006,32.808799744000055],[71.12988281200006,32.80733871500007],[71.12557220500008,32.80649185200008],[71.12213897700008,32.80622863800005],[71.11830902100007,32.807689667000034],[71.11466217000003,32.80955886800007],[71.11029052700007,32.81003189100005],[71.10650634800004,32.80963134800004],[71.10559845000006,32.80952835100004],[71.10674285900006,32.80849075300006],[71.10738372800006,32.807651520000036],[71.10793304400005,32.80670929000007],[71.10851287800006,32.80559158300008],[71.10845947300004,32.80418014500003],[71.10871887200005,32.79502105700004],[71.10896301300005,32.79426956200007],[71.10990905800003,32.793590546000075],[71.11067199700005,32.79317092900004],[71.11112976100003,32.79301071200007],[71.11145782500006,32.792678833000025],[71.11168670700005,32.792129517000035],[71.11341095000006,32.790378571000076],[71.11372375500008,32.789920807000044],[71.11430358900003,32.78863143900003],[71.11450195300006,32.78699111900005],[71.11457824700005,32.78503036500007],[71.11476135300006,32.784221649000074],[71.11546325700004,32.78248977700002],[71.11601257300003,32.781600952000076],[71.11765289300007,32.779518127000074],[71.11903381300004,32.77814865100004],[71.12014007600004,32.777111053000056],[71.12111663800005,32.77505111700003],[71.12104797400008,32.773849487000064],[71.12056732200006,32.77283096300005],[71.12069702100007,32.77074050900006],[71.12103271500007,32.76969909700006],[71.12226104700005,32.764801025000054],[71.12272644000006,32.76385116600005],[71.12323761000005,32.76306915300006],[71.12412262000004,32.761661530000026],[71.12448120100004,32.76015090900006],[71.12460327100007,32.75968933100006],[71.12470245400004,32.75807189900007],[71.12465667700008,32.75714874300007],[71.12435150100004,32.75642013500004],[71.12364959700005,32.75468826300005],[71.12296295200008,32.75394821200007],[71.12167358400006,32.75220871000005],[71.12325286900005,32.74985885600006],[71.13005065900006,32.742439270000034],[71.13139343300003,32.74081039400005],[71.13188171400003,32.739711761000024],[71.13211756100003,32.73916516400004],[71.13260650600006,32.73802948000008],[71.13453674300007,32.73656082200006],[71.13593292200005,32.73566818200004],[71.13693237300004,32.734939575000055],[71.13873291000004,32.73337173500005],[71.13955688500005,32.73236084000007],[71.14125061000004,32.73007965100004],[71.14205169700006,32.728599548000034],[71.14218902600004,32.72735977200006],[71.14243316700004,32.72595977800006],[71.14330291700003,32.72380828900003],[71.14396667500006,32.72241973900003],[71.14293581500004,32.71346523400007],[71.14261627200005,32.71068954500004],[71.14124298100006,32.71031951900005],[71.13988535500005,32.70883014100008],[71.13954925500008,32.70748901400003],[71.13791656500007,32.70759964000007],[71.13765716600005,32.705699921000075],[71.13697052000003,32.704128265000065],[71.13633728000008,32.70235061600005],[71.13449096700003,32.69750976600005],[71.13401794400005,32.69483947800006],[71.13536834700005,32.69247818000002],[71.13607788100006,32.69104003900003],[71.13655090300006,32.68936920200008],[71.13765716600005,32.68774032600004],[71.13881683300008,32.68622970600006],[71.14000701900005,32.68302154500003],[71.13993835400004,32.681598663000045],[71.14095306400003,32.67972946200007],[71.14269256600005,32.67853927600004],[71.14467620800008,32.67742919900007],[71.14669799800004,32.67567062400008],[71.14766693100006,32.67465972900004],[71.14967346200007,32.673610687000064],[71.15088653600003,32.67343902600004],[71.15223693800004,32.67364883400006],[71.15444946300005,32.674369812000066],[71.15724182100007,32.675109863000046],[71.15573883100006,32.67311096200007],[71.14816284200003,32.65929031400003],[71.14787292500006,32.657859802000075],[71.14791870100004,32.656009674000074],[71.14782714800003,32.65449142500006],[71.14840698200004,32.65201187100007],[71.14972686800007,32.651538849000076],[71.15196228000008,32.65111923200004],[71.15387725800008,32.65198135400004],[71.15572357200006,32.652278900000056],[71.15770721400008,32.65185928300008],[71.15666198700006,32.64974975600006],[71.15505981400008,32.64794158900003],[71.15515899700006,32.64664840700004],[71.15545654300007,32.64533996600005],[71.15595245400004,32.642799377000074],[71.15628814700005,32.64075851400003],[71.15656280500008,32.637889862000065],[71.15705871600005,32.63621139500003],[71.15783691400003,32.63306045500008],[71.15908050500008,32.63090133700007],[71.15976715100004,32.62942886400003],[71.16055297900004,32.627700806000064],[71.16139221200007,32.62662124600007],[71.16208648700007,32.62524032600004],[71.16378021200006,32.62387085000006],[71.16500854500003,32.62279892000004],[71.16639709500004,32.62131118800005],[71.16760253900003,32.61880111700003],[71.16793060300006,32.61711883500004],[71.16813659700006,32.61595916700003],[71.16837310800008,32.613231659000064],[71.16895294200003,32.60900878900003],[71.16811370800008,32.607810974000074],[71.16702270500008,32.60728073100006],[71.16475677500006,32.60697937000003],[71.16333770800003,32.60504150400004],[71.16253662100007,32.60251998900003],[71.16274261500007,32.601139069000055],[71.16320800800008,32.60033035300006],[71.16393280000005,32.59907913200004],[71.16557312000003,32.59753036500007],[71.16665649400005,32.59663009600007],[71.16866302500006,32.59489059400005],[71.17111969000007,32.59336090100004],[71.17359161400003,32.59202957200006],[71.17476654100005,32.591621399000076],[71.17623138400006,32.59159088100006],[71.17867279100005,32.591690063000044],[71.17960017900003,32.59106703500004],[71.24890136700003,32.54450988800005],[71.24886322000003,32.54135894800004],[71.24794769300007,32.53944015500008],[71.24693298300008,32.536651611000025],[71.23679351800007,32.51892852800006],[71.23552712800006,32.516718844000025],[71.23402461500007,32.51450465000005],[71.23226967300008,32.51245314200003],[71.23196256400007,32.512040924000075],[71.23277282700008,32.51106643700007],[71.23821258500004,32.50753402700008],[71.24319458000008,32.503616333000025],[71.24724578900003,32.49815750100004],[71.25268554700006,32.494625092000035],[71.25675964400006,32.49187851000005],[71.26222229000007,32.49028396600005],[71.26541900600006,32.49026107800006],[71.26908111600005,32.49100494400005],[71.27005004900008,32.495647430000076],[71.27198028600003,32.50454711900005],[71.27294158900008,32.508800507000046],[71.27480316200007,32.51188659700006],[71.27664947500006,32.51342010500008],[71.28031158400006,32.51416778600003],[71.28533172600004,32.514125824000075],[71.28990173300008,32.51408767700008],[71.29399871800007,32.51327514600007],[71.29674530000005,32.51364135700004],[71.29998016400003,32.516716003000056],[71.30002594000007,32.52097702000003],[71.30007171600005,32.52446746800007],[71.29782104500003,32.52758407600004],[71.29783630400004,32.52874755900007],[71.29785919200003,32.53068542500006],[71.29878997800006,32.53222656200006],[71.30565643300008,32.53333282500006],[71.31297302200005,32.533657074000075],[71.31800079300007,32.534389496000074],[71.32347869900008,32.53395462000003],[71.32528686500007,32.532386780000024],[71.32841491700003,32.52654647800006],[71.33684539800004,32.50593185400004],[71.33837890600006,32.50205230700004],[71.34233856200007,32.50019836400003],[71.34753418000008,32.49963378900003],[71.35059356700003,32.499607086000026],[71.35211944600007,32.499591827000074],[71.35302734400005,32.498546600000054],[71.35269928000008,32.49699020400004],[71.35138702400008,32.489730835000046],[71.34973907500006,32.48013687100007],[71.34749603300008,32.47184753400006],[71.34675478700007,32.46965049900007],[71.34400177000003,32.46149063100006],[71.34367370600006,32.459674835000044],[71.34362030000005,32.459102631000064],[71.34341430700005,32.45699691800007],[71.34197998000008,32.449256897000055],[71.33947753900003,32.443485260000045],[71.33608245800008,32.43448257400007],[71.33531951900005,32.42974090600006],[71.33451843300003,32.426490784000066],[71.33455658000008,32.42499542200005],[71.33604431200007,32.42427825900006],[71.33962249800004,32.42185211200007],[71.34438324000007,32.41969299300007],[71.34533691400003,32.416477203000056],[71.34303283700007,32.41469192500006],[71.33979797400008,32.414882660000046],[71.33566284200003,32.415805817000034],[71.33331298800005,32.41576385500008],[71.33100128200005,32.41423034700006],[71.32991027800006,32.41097259500003],[71.32712554900007,32.404701233000026],[71.32725524900007,32.39947509800004],[71.32852935800008,32.39551544200003],[71.33036041300005,32.392807007000044],[71.33455658000008,32.389148712000065],[71.33667107600007,32.38722821600004],[71.33756256100008,32.386463165000066],[71.33878326400003,32.38449478100006],[71.34004974400005,32.38078308100006],[71.34021759000007,32.374065399000074],[71.33910369900008,32.371555328000056],[71.33768463100006,32.369537354000045],[71.33567810100004,32.367759705000026],[71.33248138400006,32.36645889300007],[71.32900238000008,32.36440658600003],[71.32255554200003,32.36404037500006],[71.32108306900005,32.364261627000076],[71.31549072300004,32.36491012600004],[71.31137085000006,32.36508560200008],[71.30196380600006,32.36566162100007],[71.29784393300008,32.366085052000074],[71.29459381100008,32.36702346800007],[71.29047393800005,32.36744689900007],[71.28784179700006,32.36690139800004],[71.28580474900008,32.366115570000034],[71.28437042200005,32.36484527600004],[71.28266906700003,32.36257171600005],[71.28096008300008,32.36054992700008],[71.27609252900004,32.355484009000065],[71.27176666300005,32.35241699200003],[71.26736450200008,32.34838485700004],[71.26092108200004,32.34321035200003],[71.23976135300006,32.326217651000036],[71.22914886500007,32.31655883800005],[71.22311401400003,32.311717987000065],[71.21823883100006,32.30739212000003],[71.21598053000008,32.30411529500003],[71.21373748800005,32.300086975000056],[71.21150207500006,32.295566559000065],[71.20989227300004,32.29005813600003],[71.20825958300003,32.285049438000044],[71.20656585700004,32.28252792400008],[71.20456695600006,32.280498505000025],[71.20080566400003,32.278434753000056],[71.19791412400008,32.276885986000025],[71.19439697300004,32.27537918100006],[71.18976593000008,32.27305221600005],[71.18461608900003,32.268222809000065],[71.18121337900004,32.26367569000007],[71.17899322500006,32.258903503000056],[71.17615509000007,32.25536346400003],[71.17302703900003,32.25157165500008],[71.17077636700003,32.24804306000004],[71.16913604700005,32.24353027300003],[71.16652679400005,32.23152923600003],[71.16667938200004,32.22555923500005],[71.16715240500008,32.21884536700003],[71.16816711400008,32.213638306000064],[71.17182922400008,32.20822906500007],[71.17333984400005,32.20651626600005],[71.17430786200003,32.204967639000074],[71.17548370400004,32.20307159400005],[71.17639160200008,32.202095032000045],[71.17641449000007,32.201099396000075],[71.17644500700004,32.20010376000005],[71.17646789600008,32.19910812400008],[71.17531204300008,32.19693565400007],[71.17298126200006,32.19093704200003],[71.16983032200005,32.18743896500007],[71.16748809800004,32.18429565400004],[71.16148376500007,32.17803573600003],[71.15935552400003,32.174600705000046],[71.15566253700007,32.16864013700007],[71.15172576900005,32.164436340000066],[71.14657592800006,32.16020965600006],[71.14295959500004,32.15945053100006],[71.13080596900005,32.159900665000066],[71.12428283700007,32.161495209000066],[71.11653900100004,32.163749695000035],[71.11450958300003,32.16371154800004],[71.11295318600008,32.16161727900004],[71.11215972900004,32.16091537500006],[71.11143493700007,32.157802582000045],[71.10955047600004,32.15260696400003],[71.10762786900005,32.14913177500006],[71.10620117200006,32.14188003500004],[71.10239410400004,32.13320541400003],[71.10247039800004,32.13045501700003],[71.10256195100004,32.12701797500006],[71.10382843000008,32.12497711200007],[71.10588836700003,32.12364196800007],[71.10794830300006,32.12230682400008],[71.11083221400008,32.12030029300007],[71.11252594000007,32.117584229000045],[71.11339569100005,32.115192413000045],[71.11359405500008,32.10797500600006],[71.11203002900004,32.105880737000064],[71.10971069300007,32.10205078100006],[71.10700225800008,32.097526550000055],[71.10442525700006,32.09327809400003],[71.10235595700004,32.089866638000046],[71.10171508800005,32.083663940000065],[71.09989166300005,32.07640457200006],[71.09835815400004,32.07328033400006],[71.09652710000006,32.066364288000045],[71.09587097200006,32.062324524000076],[71.09394073500005,32.058845520000034],[71.09161377000004,32.055362701000035],[71.09048461900005,32.05224227900004],[71.09056091300005,32.04949188200004],[71.09058380100004,32.04846191400003],[71.09065246600005,32.04605484000007],[71.09040710300008,32.04533502600003],[71.08840942400008,32.039474487000064],[71.08483886700003,32.03699874900008],[71.08088684100005,32.03382110600006],[71.07565307600004,32.03303146400003],[71.06919097900004,32.03290176400003],[71.06791244500005,32.03246493200004],[71.06598663300008,32.031806946000074],[71.06320953400007,32.030029297000056],[71.06324768100006,32.02865600600006],[71.06332397500006,32.02590560900006],[71.06501007100007,32.02318573000008],[71.06629943800004,32.020462036000026],[71.06878662100007,32.01810455300006],[71.06986999500003,32.008152008000025],[71.07214355500008,31.998908997000058],[71.07044982900004,31.987180710000075],[71.06977081300005,31.98235130300003],[71.06668090800008,31.97058677700005],[71.06747436500007,31.969068527000047],[71.06800553400006,31.96661096400004],[71.06914520300006,31.96133804300007],[71.07101440400004,31.950223923000067],[71.06880310400004,31.944157549000067],[71.06814575200008,31.942354202000047],[71.06722259500003,31.938869476000036],[71.06617736800007,31.93492126500007],[71.06519317600004,31.930902481000032],[71.06468200700004,31.92728233300005],[71.06604766800007,31.922039032000043],[71.06719207800006,31.918809891000024],[71.06882476800007,31.91638374300004],[71.06832885700004,31.914373398000066],[71.06546020500008,31.911376953000058],[71.06302642800006,31.908584595000036],[71.06134796100008,31.90678596500004],[71.05990600600006,31.90418052700005],[71.05940246600005,31.900762558000054],[71.06053924600008,31.89652633700007],[71.06212616000005,31.889873505000025],[71.06256866500007,31.887252808000028],[71.06254577600004,31.884635925000055],[71.06228637700008,31.883028030000048],[71.06062316900005,31.881832123000038],[71.05612182600004,31.88025665300006],[71.04545593300003,31.876108170000066],[71.04118347200006,31.87412643400006],[71.03784942600004,31.87092971800007],[71.03546142600004,31.867927551000037],[71.03398895300006,31.862705231000064],[71.03275299100005,31.856473923000067],[71.03176116900005,31.852254868000045],[71.02955627400007,31.844017029000042],[71.02738189700005,31.838397980000025],[71.02392578100006,31.82618141200004],[71.02052307100007,31.81574058500007],[71.01885762400008,31.811685991000047],[71.01714325000006,31.80751228300005],[71.01259613000008,31.801506042000028],[71.00833850500004,31.79515606900003],[71.00324249300007,31.787555695000037],[71.00265502900004,31.786348343000043],[71.00148010300006,31.782413483000028],[71.00073242200006,31.779909134000036],[70.99900054900007,31.77857208300003],[70.99673461900005,31.776969910000048],[70.99300384500003,31.776449203000027],[70.99137244100007,31.776444910000066],[70.98937988300008,31.776439667000034],[70.98608398400006,31.776432037000063],[70.98392486600005,31.77594947800003],[70.98235321000004,31.775148392000062],[70.98103332500006,31.773721695000063],[70.98001861600005,31.77032280000003],[70.97789001500007,31.763927460000048],[70.97624969500004,31.76142692600007],[70.97404480000006,31.760004044000027],[70.97035980200008,31.75737571700006],[70.96578216600005,31.755514145000063],[70.96383667000003,31.754222870000035],[70.96236419700006,31.753019333000054],[70.96104431200007,31.751592636000055],[70.95945739700005,31.747747421000042],[70.95763397200005,31.740142822000053],[70.95717620800008,31.737232208000023],[70.95590210000006,31.734460831000035],[70.95468902600004,31.732629776000067],[70.95206451400003,31.731296539000027],[70.94706726100003,31.728763580000077],[70.94543078900006,31.72767017900003],[70.94233703600008,31.725603104000072],[70.94117736800007,31.72394943200004],[70.93864440900006,31.72068977400005],[70.93621063200004,31.716266632000043],[70.93466186500007,31.709556580000026],[70.93280029300007,31.702531815000043],[70.93193054200003,31.696624756000062],[70.93260192900004,31.694383621000043],[70.93317413300008,31.69330596900005],[70.93542480500008,31.692626953000058],[70.94149780300006,31.69130516100006],[70.94248962400007,31.690137863000075],[70.94363403300008,31.687984467000035],[70.94289398200004,31.686241150000058],[70.94131469700005,31.685440063000044],[70.93529510500008,31.68618011500007],[70.92440033000008,31.688547134000032],[70.92115783700007,31.68887329100005],[70.91774749800004,31.68790054300007],[70.91011810300006,31.683473587000037],[70.90770721400008,31.682092667000063],[70.90422821000004,31.67789650000003],[70.90255994700004,31.675675024000043],[70.89906311000004,31.671018600000025],[70.89437866200007,31.664228439000055],[70.89052581800007,31.657255173000067],[70.88719940200008,31.65055084200003],[70.88413238500004,31.64321708700004],[70.88291168200004,31.639101028000027],[70.88253784200003,31.637849808000055],[70.88300323500005,31.637176514000032],[70.88488769500003,31.636005402000023],[70.88781738300008,31.635368347000053],[70.88970184300007,31.634199142000057],[70.89136505100004,31.63231277500006],[70.89167022700008,31.629579544000023],[70.89071655300006,31.62635803200004],[70.88935089100005,31.62551307700005],[70.88671112100008,31.621730804000038],[70.88483899300007,31.618759084000033],[70.88417816200007,31.617710114000033],[70.88354492200006,31.61556243900003],[70.88327026400003,31.61238479600007],[70.88571929900007,31.610137939000026],[70.88828277600004,31.60900878900003],[70.89120483400006,31.60684967000003],[70.89202880900007,31.603624344000025],[70.89233398400006,31.600891113000046],[70.89467620800008,31.597524643000042],[70.89597320600006,31.59514808700004],[70.89868927000003,31.592271805000053],[70.89946746800007,31.59038925200008],[70.89940643300008,31.587926865000043],[70.89881897000004,31.585958481000034],[70.89745330800008,31.58511161800004],[70.89384460400004,31.584945679000043],[70.89279174800004,31.584411621000072],[70.89184570300006,31.582714081000063],[70.89161682100007,31.578952789000027],[70.89087677000003,31.576448441000025],[70.88993072500006,31.57474899300007],[70.88709259000007,31.57269859300004],[70.88484191900005,31.571855545000062],[70.88290405300006,31.572086334000062],[70.88127899200003,31.571866989000057],[70.88033294700006,31.57093048100006],[70.87985992400007,31.569320679000043],[70.88005360600005,31.56630185800003],[70.88104248000008,31.56413650500008],[70.88087463400007,31.561315536000052],[70.88013458300003,31.559572220000064],[70.87908172600004,31.55827713000008],[70.87760925300006,31.55707168600003],[70.87546539300007,31.55658721900005],[70.87409973100006,31.55650138900006],[70.87294769300007,31.555610657000045],[70.87226867700008,31.554805756000064],[70.87115478500004,31.55257034300007],[70.87031555200008,31.550468445000035],[70.86936187700007,31.547248840000066],[70.87003326400003,31.54576873800005],[70.87165069600007,31.54522514300004],[70.87358856200007,31.54499626200004],[70.87635803200004,31.544584274000044],[70.87949371300004,31.54390144300004],[70.88069915800008,31.542688370000064],[70.88230896000005,31.540624619000027],[70.88401794400005,31.53663253800005],[70.88642120400004,31.534206390000065],[70.89028167700008,31.531463623000036],[70.89356231700003,31.529033661000028],[70.89962005600006,31.525430679000067],[70.90118408200004,31.523946762000037],[70.90201568600008,31.52224350000006],[70.90220642100007,31.518392563000077],[70.90162658700007,31.51642417900007],[70.90093231200007,31.51409721400006],[70.90009307900004,31.513519287000065],[70.89831543000008,31.512763977000077],[70.89643096900005,31.512411118000045],[70.88722229000007,31.512889862000065],[70.88168335000006,31.512954712000067],[70.87781524700006,31.514175415000068],[70.87587738000008,31.514406204000068],[70.87211608900003,31.51446342500003],[70.87004089400006,31.51424026500007],[70.86941528300008,31.513614655000026],[70.86930084200003,31.512496948000035],[70.87149810800008,31.511638641000047],[70.87342834500004,31.510646820000034],[70.87629699700005,31.509071350000056],[70.87686920200008,31.50723266600005],[70.87670135500008,31.504411697000023],[70.87689209000007,31.50056076000004],[70.87693786600005,31.497695923000038],[70.87702941900005,31.49424743700007],[70.87869262700008,31.492361069000026],[70.87989044200003,31.49038696300005],[70.88150787400008,31.48984527600004],[70.88317871100003,31.489480972000024],[70.88997650100004,31.488382339000054],[70.89248657200005,31.487836838000078],[70.89504241900005,31.486709595000036],[70.89671325700004,31.485584259000063],[70.89738464400006,31.484104156000058],[70.89711761500007,31.48244857800006],[70.89532470700004,31.47941017200003],[70.89270019500003,31.47579193100006],[70.89080047600004,31.471633911000026],[70.89046618300006,31.47050876800006],[70.88915252700008,31.466087341000048],[70.88840484600007,31.462059021000073],[70.88733673100006,31.45773506200004],[70.88575744600007,31.453887939000026],[70.88496398900008,31.45120430000003],[70.88437652600004,31.448474884000063],[70.88468170200008,31.446504593000043],[70.88729095500008,31.444793701000037],[70.88979339600007,31.44424819900007],[70.89240264900008,31.442537308000055],[70.89354705800008,31.440383911000026],[70.89306640600006,31.438774109000065],[70.89264679000007,31.43734359700005],[70.88992309600008,31.435651779000068],[70.88641357400007,31.434318542000028],[70.88546752900004,31.433382034000033],[70.88400268600003,31.432178497000052],[70.88269043000008,31.43074989300004],[70.87960052500006,31.429327011000055],[70.87577819800003,31.427682877000052],[70.87169647200005,31.426666260000047],[70.85988616900005,31.426568985000074],[70.85141754200004,31.42574501000007],[70.84927368200005,31.425258636000024],[70.84712982200006,31.425533295000037],[70.84504699700005,31.425989151000067],[70.84363555900006,31.425724030000026],[70.84248352100008,31.424831390000065],[70.84226226800007,31.42259407000006],[70.84214019800004,31.417669296000042],[70.84207153300008,31.412921906000065],[70.84305572500006,31.40947151200004],[70.84320068400007,31.406202316000076],[70.84262085000006,31.404294968000045],[70.84193420400004,31.401968002000046],[70.84271240200007,31.40084648100003],[70.84296417200005,31.398696899000072],[70.84207153300008,31.397176743000045],[70.83992767300003,31.396690369000055],[70.83569335900006,31.396659851000038],[70.83329010000006,31.396800995000035],[70.83021545400004,31.396898270000065],[70.82833099400005,31.39578437800003],[70.82733154300007,31.393907547000026],[70.82701110800008,31.392833710000048],[70.82920074500004,31.391977310000073],[70.83296203600008,31.39039802600007],[70.83473205600006,31.38963127100004],[70.83613586400008,31.388374329000044],[70.83618164100005,31.386268616000052],[70.83540580400006,31.38301335400007],[70.83486175500008,31.381795883000052],[70.82928466800007,31.377861023000037],[70.82303619400005,31.37799263000005],[70.81705474900008,31.377525330000026],[70.81388092000003,31.375543594000078],[70.81318664600008,31.37305069000007],[70.81372070300006,31.36977386500007],[70.81298065200008,31.366466522000053],[70.81078338600008,31.361829758000056],[70.81058502200005,31.361413956000035],[70.80812072800006,31.358552933000055],[70.80522155800003,31.35604667700005],[70.80269622800006,31.354421616000025],[70.80001831100003,31.35386848400003],[70.79563903800005,31.353153229000043],[70.78985595700004,31.351795197000058],[70.78789520300006,31.351016998000034],[70.78650665300006,31.35013008100003],[70.78556823700006,31.348402023000062],[70.78504943800004,31.34680557300004],[70.78484344500004,31.344606400000032],[70.78533935500008,31.342304230000025],[70.78660583500005,31.338438034000035],[70.78754425000005,31.33578109700005],[70.78792572000003,31.332866669000055],[70.78710174600008,31.327852249000046],[70.78511810300006,31.319032669000023],[70.78356170700005,31.31448745700004],[70.78176879900008,31.311443329000042],[70.77890014600007,31.30820655800005],[70.77474212700008,31.305744934000074],[70.77087402300003,31.30815696700006],[70.76602935800008,31.309617996000043],[70.76110839800003,31.310667038000076],[70.75347900400004,31.312576294000053],[70.74895345300007,31.314877872000068],[70.74502563500005,31.316875458000027],[70.74344635000006,31.31968498200007],[70.74231720000006,31.32458114600007],[70.74119567900004,31.32982635500008],[70.74044036900005,31.332973480000078],[70.73843383800005,31.33474350000006],[70.73520660400004,31.335832596000046],[70.73399353000008,31.336196899000072],[70.73236846900005,31.336566925000056],[70.72547912600004,31.337705612000036],[70.71775817900004,31.337806702000023],[70.71084594700005,31.337898254000038],[70.70475006100008,31.337978363000047],[70.69860839800003,31.335617065000065],[70.69123840300006,31.332574844000078],[70.68503570600006,31.326728821000074],[70.68083190900006,31.318765640000038],[70.67877197300004,31.31739616400006],[70.67509460400004,31.31604957600007],[70.67266082800006,31.316429138000046],[70.66616821300005,31.317209244000026],[70.65479278600003,31.317354202000047],[70.64827722800004,31.317606369000032],[70.64138793900008,31.317873001000066],[70.63447570800008,31.31761169400005],[70.62881469700005,31.31977462800006],[70.62359619100005,31.323324203000027],[70.61995697000003,31.32476425200008],[70.61631012000004,31.325159073000066],[70.61427307100007,31.32483482400005],[70.61344146700003,31.32379913300008],[70.61139679000007,31.323127747000058],[70.61014556900005,31.32139968900003],[70.60768890400004,31.320035934000032],[70.60566711400008,31.321105957000043],[70.60447692900004,31.32286453200004],[70.60291290300006,31.326370239000028],[70.60131073000008,31.327783585000077],[70.59767150900007,31.328874588000076],[70.58995819100005,31.32966613800005],[70.58267211900005,31.33149719200003],[70.57460784900007,31.335777283000027],[70.56897735600006,31.339332581000065],[70.56574249300007,31.340415955000026],[70.56208038300008,31.34045982400005],[70.55841827400008,31.340154648000066],[70.55472564700005,31.33810806300005],[70.55081176800007,31.335531235000076],[70.54552459700005,31.335594177000075],[70.54492775900007,31.335665006000056],[70.54509735100004,31.333139420000066],[70.54274749800004,31.32925987200008],[70.54061126700003,31.326019287000065],[70.54106903100006,31.32431030300006],[70.53971862800006,31.322790146000045],[70.53809356700003,31.32093048100006],[70.53486633300008,31.318979263000074],[70.53159332300004,31.31735038800008],[70.52909851100003,31.313800812000068],[70.52893829300007,31.311660767000035],[70.52821350100004,31.309160233000057],[70.52481079100005,31.306089401000065],[70.52039337200006,31.304750443000046],[70.51394653300008,31.30434036300005],[70.51045990000006,31.30410003700007],[70.50628662100007,31.303289413000073],[70.50144195600006,31.302230835000046],[70.49981689500004,31.302310944000055],[70.49482727100008,31.301130295000064],[70.49006652800006,31.300069809000036],[70.48079681400003,31.299840927000048],[70.47075653100006,31.298540115000037],[70.46736145000006,31.29784965500005],[70.46485137900004,31.297430038000073],[70.46031951900005,31.296800613000073],[70.45761108400006,31.29600906400003],[70.45514679000007,31.295129776000067],[70.45197296100008,31.294750214000032],[70.45021820100004,31.294050217000063],[70.44883728000008,31.290519714000027],[70.44671630900007,31.286109924000073],[70.44013214100005,31.27819061300005],[70.43897247300004,31.27610969500006],[70.43663024900007,31.272489548000067],[70.43251037600004,31.268560410000077],[70.43054962200006,31.26577949500006],[70.43003082300004,31.263629913000045],[70.42922210700004,31.259790421000048],[70.42874908400006,31.25629997300007],[70.42771911600005,31.25381088300003],[70.42465972900004,31.251220703000058],[70.42379760700004,31.250019073000033],[70.42296600300006,31.24847221400006],[70.42415618900003,31.24654960600003],[70.42272949200003,31.244941711000024],[70.41847229000007,31.23593330400007],[70.41353607200006,31.225387573000035],[70.40962982200006,31.218605042000036],[70.40499877900004,31.212610245000064],[70.40399169900007,31.205961227000046],[70.40454101600005,31.19983482400005],[70.39403533900008,31.196363449000046],[70.38071441700004,31.193214417000036],[70.37338339900003,31.191601261000073],[70.37222430500003,31.191346208000027],[70.37094921400006,31.191065630000026],[70.36974961500005,31.19080166400005],[70.36898878800008,31.19063403900003],[70.36602364800007,31.189895705000026],[70.36476784100006,31.189582237000025],[70.36155473700006,31.188780198000075],[70.35993666000007,31.18837630200005],[70.35754051100008,31.18777818700005],[70.35663604000007,31.187552417000063],[70.35411329200008,31.186922693000042],[70.35262235000005,31.186548034000054],[70.35216669600004,31.18643350800005],[70.34149977500005,31.183752446000028],[70.33754560800008,31.182758592000027],[70.33694748100004,31.182604610000055],[70.33487027900003,31.18200646400004],[70.33401194200007,31.181759140000054],[70.32350308800005,31.178731090000042],[70.31870867100008,31.177349613000047],[70.31761099800008,31.17703332700006],[70.30988311800007,31.174806595000064],[70.29260253900003,31.167840958000056],[70.28751373300008,31.165496826000037],[70.26737213100006,31.188756943000044],[70.26248168900008,31.201124191000076],[70.26846313500005,31.20659637500006],[70.27024841300005,31.21340179400005],[70.26679229700005,31.217239380000024],[70.26186370800008,31.22049903900006],[70.25765991200007,31.223737717000063],[70.25711822500006,31.22810363800005],[70.25724792500006,31.231206894000024],[70.25885009800004,31.23488616900005],[70.26337432900004,31.239093781000065],[70.27006530800003,31.243236542000034],[70.27179718000008,31.250017166000077],[70.27203369100005,31.255603790000066],[70.27017974900008,31.263118744000053],[70.26786041300005,31.276861191000023],[70.26805877700008,31.298604965000038],[70.26582336400008,31.314210892000062],[70.26634216300005,31.32662200900006],[70.26850128200005,31.343334198000036],[70.27330017100007,31.371149063000075],[70.27600097700008,31.38349342300006],[70.27862548800005,31.397527695000065],[70.27861785900006,31.414306641000053],[70.27645874000007,31.431774139000026],[70.27198791500007,31.44620704700003],[70.26749420200008,31.460018158000025],[70.26527404800004,31.476243973000066],[70.26190185500008,31.499341965000042],[70.26210784900007,31.50430679300007],[70.26078796400003,31.50745582600007],[70.25719451900005,31.508188248000067],[70.25211334200003,31.508346558000028],[70.24559021000005,31.508546829000068],[70.24102783200004,31.50371742200008],[70.23647308300008,31.49888610800008],[70.22888183600003,31.49104118300005],[70.22357177700007,31.485610962000067],[70.21324157700008,31.481578827000078],[70.20361328100006,31.476902008000025],[70.19766235400004,31.47335434000007],[70.19240570100004,31.469165802000077],[70.18782806400003,31.46371269200006],[70.18324279800004,31.458257675000027],[70.18009185800008,31.452140808000024],[70.17401123000008,31.44548988300005],[70.17103576700003,31.443716049000045],[70.16738891600005,31.443204880000053],[70.16159057600004,31.443380356000034],[70.15429687500006,31.44235801700006],[70.15274047900004,31.43991851800007],[70.15189361600005,31.43683815000003],[70.14958953900003,31.433799744000055],[70.14524078400007,31.43393135100007],[70.14234161400003,31.43401718100006],[70.13662719700005,31.436054230000025],[70.13365173300008,31.434278488000075],[70.13210296600005,31.43184089700003],[70.13124847400007,31.428758621000043],[70.12902069100005,31.427581787000065],[70.12470245400004,31.42833328200004],[70.12187957800006,31.430282593000072],[70.11840820300006,31.43411445600003],[70.11783599900008,31.43786048900006],[70.11586761500007,31.44289016700003],[70.11384582500006,31.446680069000024],[70.11094665500008,31.44676590000006],[70.10089874300007,31.449550629000044],[70.09799957300004,31.449636459000033],[70.09580230700004,31.449081421000074],[70.09497833300003,31.446619034000037],[70.09474945100004,31.44103431700006],[70.09727478000008,31.431638718000045],[70.09767150900007,31.423547745000064],[70.09736633300008,31.416099548000034],[70.09504699700005,31.412441254000044],[70.09059906000005,31.410087585000042],[70.08105468700006,31.407262802000048],[70.07873535200008,31.403602600000056],[70.07855987500005,31.39925956700006],[70.07756042500006,31.39245224000007],[70.07526397700008,31.389413834000038],[70.07304382300003,31.388237],[70.06939697300004,31.387723923000067],[70.06701037200008,31.38810293800003],[70.05831146200006,31.389484406000065],[70.05714416500007,31.389579773000037],[70.05308532700008,31.395511627000076],[70.05242405000007,31.39834850400007],[70.05041503900003,31.406967163000047],[70.04696655300006,31.42383194000007],[70.04429626500007,31.434968948000062],[70.04385376000005,31.44228553800008],[70.03819274900007,31.45531845100004],[70.03213501000005,31.47185325600003],[70.03022003200005,31.480125427000075],[70.02307891800007,31.491876602000048],[70.02078247100008,31.50142097500003],[70.01813507100007,31.508098602000075],[70.01513671900005,31.511587143000042],[70.00991821300005,31.51283645600006],[69.99130249000007,31.514019012000063],[69.97827911400003,31.51395416300005],[69.97120666500007,31.514554977000046],[69.96524047900004,31.51643371600005],[69.96148681600005,31.520236969000052],[69.95549011200006,31.525939941000047],[69.94725799600008,31.53194809000007],[69.94274139400005,31.539249420000033],[69.93971252400007,31.54560279800006],[69.93967437700007,31.551017761000026],[69.94037628200005,31.55739212000003],[69.94365692100007,31.56632804900005],[69.94372482400007,31.567887953000024],[69.94455719000007,31.587009430000023],[69.94551086400008,31.608991623000065],[69.94531250000006,31.636384964000058],[69.94669342000003,31.651361465000036],[69.94950866700003,31.673992157000043],[69.95008850100004,31.696929932000046],[69.95069122300004,31.716058731000032],[69.95136261000005,31.72593689000007],[69.95092773400006,31.73453521700003],[69.94976043700007,31.74089813200004],[69.94935607900004,31.745355606000032],[69.94708252000004,31.75044059800007],[69.94667053200004,31.75553512600004],[69.94661712600004,31.76286125200005],[69.94843292200005,31.770196915000042],[69.95177459700005,31.77212524400005],[69.95585632300003,31.775650024000072],[69.95767974900008,31.781393051000066],[69.95765686000004,31.78425979600007],[69.95690155000005,31.786167145000036],[69.95389556900005,31.788700104000043],[69.94902038600003,31.791858673000036],[69.94676208500005,31.794713974000047],[69.94523620600006,31.798847198000033],[69.94292450000006,31.80902671800004],[69.93975830100004,31.832580566000047],[69.93893432600004,31.843406677000075],[69.93925476100003,31.849737167000058],[69.93997192400008,31.853563309000037],[69.94181823700006,31.856122971000048],[69.94478607200006,31.859004974000072],[69.94924163800005,31.862850189000028],[69.95370483400006,31.865741730000025],[69.95592498800005,31.868938446000072],[69.95703125000006,31.87085533100003],[69.95701599100005,31.872766495000064],[69.95586395300006,31.876901627000052],[69.95434570300006,31.880079269000078],[69.95433044400005,31.882625580000024],[69.95429992700008,31.886447906000058],[69.95645312800008,31.894505566000078],[69.95684814500004,31.89633560200008],[69.95977783200004,31.904632568000068],[69.96157074000007,31.915153503000056],[69.96340179400005,31.92057800300006],[69.96336364700005,31.925674438000044],[69.96332550000005,31.931726456000035],[69.96331024200003,31.93309593200007],[69.96328735400004,31.936822891000077],[69.95954132100007,31.937440872000025],[69.95393371600005,31.937412262000066],[69.94571685800008,31.936094284000035],[69.93900299100005,31.93414688100006],[69.93565368700007,31.93189811700006],[69.93193817100007,31.92933082600007],[69.92601776100008,31.92101669300007],[69.92157745400004,31.91462135300003],[69.91638946500007,31.90885925300006],[69.91231536900005,31.90373992900004],[69.90750122100008,31.897979736000025],[69.90232086200007,31.891262054000038],[69.89898681600005,31.888376236000056],[69.89339447000003,31.88675117500003],[69.88780212400007,31.88512611400006],[69.88257598900003,31.88414001500007],[69.87696075400004,31.88538169900005],[69.87095642100007,31.88884925800005],[69.86719512900004,31.891693115000066],[69.86255645800003,31.892095566000023],[69.85582733200005,31.892055511000024],[69.85469818100006,31.89364051800004],[69.85313415500008,31.90159606900005],[69.85308075000006,31.90764617900004],[69.85259246800007,31.92134094200003],[69.85331726100003,31.924848557000075],[69.85738372800006,31.93028831500004],[69.86256408700007,31.936372757000072],[69.86849975600006,31.942140579000068],[69.87291717500005,31.95044899000004],[69.87548828100006,31.95619773900006],[69.87693786600005,31.962257385000044],[69.87876892100007,31.966728210000042],[69.88136291500007,31.969610214000056],[69.88282775900007,31.974395752000078],[69.88279724100005,31.978218079000044],[69.88052368200005,31.981708527000023],[69.87526702900004,31.983589172000052],[69.86401367200006,31.987981796000042],[69.85651397700008,31.990167618000044],[69.84525299100005,31.994558334000033],[69.82646942100007,32.00367736800007],[69.82006073000008,32.00905227700002],[69.81291198700006,32.01346969600007],[69.80602264400005,32.01846694900007],[69.80036926300005,32.02257156400003],[69.79998016400003,32.02415847800006],[69.79997253400006,32.02543258700007],[69.80294799800004,32.027046204000044],[69.80705261200006,32.02866363500004],[69.81411743200005,32.03380584700005],[69.81745910600006,32.036693573000036],[69.81818389900008,32.04020309400005],[69.81929016100008,32.042121887000064],[69.82299804700006,32.04565048200004],[69.82742309600008,32.05363845800002],[69.83477020300006,32.069610596000075],[69.84066009500003,32.082069397000055],[69.84510803200004,32.087196350000056],[69.85254669200003,32.09361267100007],[69.85400390600006,32.09807968100006],[69.85398864700005,32.099670410000044],[69.85248565700005,32.10061645500008],[69.84986114500003,32.10060119600007],[69.84387970000006,32.09960937500006],[69.83377838100006,32.09859085100004],[69.82743072500006,32.09632110600006],[69.82257080100004,32.09501647900004],[69.81845092800006,32.094673157000045],[69.81508636500007,32.09433364900008],[69.80946350100004,32.094615936000025],[69.80758667000003,32.09556198100006],[69.80570983900003,32.09554672200005],[69.80421447800006,32.09521865800008],[69.79899597200006,32.09295654300007],[69.79676055900006,32.091667175000055],[69.79414367700008,32.091014862000065],[69.78965759300007,32.09003067000003],[69.78779602100008,32.088741302000074],[69.78482055700005,32.086494446000074],[69.78257751500007,32.08584213300003],[69.77996063200004,32.08582305900006],[69.77883148200004,32.085815430000025],[69.77732086200007,32.08739852900004],[69.77580261200006,32.089298248000034],[69.77317047100007,32.09055709800003],[69.76868438700006,32.08956909200003],[69.76496887200005,32.08636093100006],[69.75713348400006,32.083759308000026],[69.75087850400007,32.08232907400003],[69.74879660100004,32.08159123900003],[69.74491882300003,32.08040618900003],[69.74394989000007,32.08012008700007],[69.74217987100008,32.07960128800005],[69.73964691200007,32.07886123700007],[69.73696136500007,32.078205109000066],[69.72499084500004,32.07748413100006],[69.72026062000003,32.07671737700008],[69.71667480500008,32.076656342000035],[69.71272277800006,32.076793671000075],[69.71070861800007,32.076972961000024],[69.70948028600003,32.076736450000055],[69.70814514200003,32.07672500600006],[69.69467926000004,32.07503509500003],[69.68851470900006,32.07430648800005],[69.68317413300008,32.073673248000034],[69.68241882300003,32.07358551000004],[69.68173980700004,32.07343292200005],[69.67954841900007,32.072943775000056],[69.67683410600006,32.07067489600007],[69.67288970900006,32.06686401400003],[69.67042541500007,32.064491272000055],[69.66719055200008,32.061367035000046],[69.66204071000004,32.05511093100006],[69.66146087600004,32.05466461200007],[69.66001129200004,32.05321502700008],[69.65904998800005,32.05238723800005],[69.65564461300005,32.05044088900007],[69.64973449700005,32.048492432000046],[69.64863586400003,32.04765701300005],[69.64675903300008,32.046237946000076],[69.64567479600004,32.04466956600004],[69.64454650900007,32.04303741500007],[69.64347839400006,32.03793335000006],[69.64350891100008,32.03570175200008],[69.64353942900004,32.03251647900004],[69.64243316700004,32.03059768700007],[69.64022064200003,32.02803039600008],[69.63800048800005,32.02514648400006],[69.63578796400003,32.022262573000035],[69.63320922900004,32.01874160800003],[69.63284301800007,32.01810455300006],[69.63256835900006,32.01763153100006],[69.63173675500008,32.016181946000074],[69.63065338100006,32.01298522900004],[69.63059234600007,32.01243591300005],[69.63031292200003,32.009862903000055],[69.62921905500008,32.00724029500003],[69.62600002200003,32.00476301200007],[69.62562561000004,32.00453567500006],[69.62029266400003,32.00175476100003],[69.61907959000007,32.001377106000064],[69.61196572400007,31.99974813500006],[69.61040496800007,31.998899460000075],[69.60873413100006,31.99847793600003],[69.60391235400004,31.994617462000065],[69.60057830800008,31.990528107000046],[69.59763336200007,31.98692131000007],[69.59571075400004,31.985250473000065],[69.59434509300007,31.984613419000027],[69.59260559100005,31.982896805000053],[69.59072876000005,31.98104476900005],[69.58950805700005,31.980255127000078],[69.58813476600005,31.979351044000055],[69.58608245800008,31.977945328000033],[69.58279418900008,31.976289749000046],[69.57250976600005,31.971801758000026],[69.57026196400005,31.970820756000023],[69.56345367400007,31.966890335000073],[69.55915832500006,31.963479996000046],[69.55236794800004,31.958545499000024],[69.55091095000006,31.957557678000057],[69.54875946000004,31.956113815000037],[69.54615239500004,31.956688469000028],[69.54134368900003,31.957748413000047],[69.54040527300003,31.958101273000068],[69.53727722200006,31.95929718000008],[69.53589630100004,31.959835052000074],[69.53524780300006,31.96065330500005],[69.52982330300006,31.967235565000067],[69.52552032500006,31.972721100000058],[69.52375793500005,31.974748611000052],[69.52311706500006,31.97559928900006],[69.51881408700007,31.976106644000026],[69.51580047600004,31.974853516000053],[69.51197814900007,31.973251343000072],[69.51127213100006,31.972956442000054],[69.51042938200004,31.97272491500007],[69.49758148200004,31.969518661000052],[69.48124694800003,31.966087341000048],[69.47126770000006,31.965230942000062],[69.47001647900004,31.96535491900005],[69.46449279800004,31.965862274000074],[69.45549774200003,31.966688156000032],[69.44708252000004,31.966585159000033],[69.43859100300006,31.96394538900006],[69.43286895800003,31.962915421000048],[69.42993927000003,31.962800980000054],[69.42877197300004,31.96275711100003],[69.42536926300005,31.962627411000028],[69.41575622600004,31.962783813000044],[69.40930175800008,31.963270187000035],[69.40443420400004,31.963638306000064],[69.40357971200007,31.963703156000065],[69.40000915500008,31.963106155000048],[69.39821624800004,31.96280670200008],[69.39559173600003,31.962368011000024],[69.39503479000007,31.962368011000024],[69.39435577400008,31.962368011000024],[69.39392089800003,31.962368011000024],[69.38931274400005,31.962745667000036],[69.37992095900006,31.965557098000033],[69.37946319600007,31.965656281000065],[69.37486649400006,31.96664518600005],[69.37202453600008,31.966579437000064],[69.36943243100006,31.96562149600004],[69.36849975600006,31.96527481100003],[69.36785888700007,31.964761734000035],[69.36737060500008,31.964372635000075],[69.36441803000008,31.962114334000034],[69.36400233600006,31.96179233400005],[69.36299133300008,31.960985184000037],[69.36201477100008,31.960203171000046],[69.35229475400007,31.95458632100008],[69.34967804000007,31.953275681000036],[69.34679412800006,31.95195579500006],[69.34179687500006,31.951829910000072],[69.34114074700005,31.952140808000024],[69.33834838900003,31.953559875000053],[69.33723449700005,31.95412445100004],[69.33349609400005,31.95636558500007],[69.33238983200005,31.95737648000005],[69.33196258500004,31.957769394000024],[69.33167266800007,31.958347321000076],[69.33082580600006,31.96021270800003],[69.33043670700005,31.959621429000038],[69.32454681400003,31.95444297800003],[69.32092065800003,31.95189079000005],[69.31936531000008,31.956539517000067],[69.31526832200007,31.968784868000057],[69.31272100900003,31.976073195000026],[69.31253309000004,31.978686210000035],[69.31199694700007,31.986134986000025],[69.30617534800007,31.989032696000038],[69.30034787900007,31.991933328000073],[69.29846195100004,32.00000091000004],[69.29678216800005,32.00970963700007],[69.28803572100003,32.06026192400003],[69.28610846600003,32.071400975000074],[69.28861694800008,32.08725831600003],[69.28945795300007,32.09271916800003],[69.27284148500007,32.15100613800007],[69.27367312700005,32.172396363000075],[69.27475589100004,32.183449368000026],[69.27576532800003,32.19375384600005],[69.27387285200007,32.20986936500003],[69.27290641600007,32.22531526400007],[69.27114083100008,32.25476170700006],[69.26997985000008,32.27208862700007],[69.27707436800006,32.286903505000055],[69.27959284600007,32.292162630000064],[69.28083703500005,32.35638569100007],[69.28005904400004,32.357822688000056],[69.27141721600003,32.37378468900005],[69.25551454700008,32.403986727000074],[69.25024308700006,32.41399818000008],[69.23877690500007,32.444304],[69.24069885000006,32.46138867600007],[69.24811251800003,32.47247711600005],[69.27022541400004,32.50555083000006],[69.28520806600005,32.532981918000075],[69.30071131300008,32.541114984000046],[69.32607312000005,32.54253925300003],[69.33291317600003,32.545410255000036],[69.34279763600006,32.54955909700004],[69.36824297900006,32.55974744200006],[69.38523757100006,32.566552096000066],[69.40009907800004,32.58968745900006],[69.40587014000005,32.59902013000004],[69.41013370100006,32.60591494700003],[69.41038628100006,32.60632340700005],[69.41355488400006,32.61144751200004],[69.41634721200006,32.615963124000075],[69.42178933800005,32.622544248000054],[69.42416933900006,32.62541914600007],[69.43368562700005,32.63691424600006],[69.43832790600004,32.643264454000075],[69.44186686800003,32.64810542600003],[69.44441839200005,32.65159567400008],[69.45123196300005,32.66317645200007],[69.44774496000008,32.67077910100005],[69.44518528500004,32.67428576800006],[69.44294828500006,32.67735038200004],[69.43697173400005,32.68622518800004],[69.43704347700003,32.68795230100005],[69.43727740400004,32.69358377100008],[69.43880317200006,32.69997169900006],[69.43952599200003,32.70414071700003],[69.44003979000007,32.707104161000075],[69.44046645600008,32.70956504900005],[69.44217557800005,32.72022578200006],[69.44157639500008,32.724927222000076],[69.44121624300004,32.72775312400006],[69.43457096100008,32.73080807500003],[69.43125945900005,32.73233043000005],[69.42624292600004,32.734805659000074],[69.41510137600005,32.74030306000003],[69.41096161000007,32.743301201000065],[69.40591047600003,32.74695938200006],[69.40277735800004,32.74922847800008],[69.39770044300008,32.75571993900007],[69.39731217100007,32.75605533100003],[69.39486665300007,32.75911015500003],[69.39311852400004,32.76129383500006],[69.39237201100008,32.774174463000065],[69.39470297000008,32.78026399100003],[69.39521055400007,32.78159003500008],[69.41217098400006,32.792886407000026],[69.41615629300003,32.795882522000056],[69.42152603300008,32.799919439000064],[69.43017914800004,32.80642476500003],[69.44098050200006,32.814545115000044],[69.45825836200004,32.83331928300004],[69.46048827300007,32.83875380500007],[69.46129883600008,32.84072923000008],[69.46246499900008,32.84357128700003],[69.46390631800006,32.84708392600004],[69.47423635900003,32.851062056000046],[69.50078669300007,32.84813166400005],[69.50680977000007,32.851269],[69.51246569700004,32.85421509200006],[69.53053917600005,32.86117272700005],[69.53406067200007,32.86573667700003],[69.53457618500005,32.866404991000024],[69.53243495300006,32.87107548900008],[69.53108923800005,32.87401079000006],[69.51509146600006,32.886279451000064],[69.51219699000006,32.893360682000036],[69.50962643100007,32.899649461000024],[69.50799425000008,32.90364253300004],[69.50683129800007,32.906487654000045],[69.49863745100004,32.92653360700007],[69.49203480700004,32.94268673700003],[69.49207415000006,32.94362666200004],[69.49302033500004,32.96623137300003],[69.49588394500006,32.98193581700008],[69.49753699700005,32.991001390000065],[69.49962763300005,33.00246673400005],[69.50400454800007,33.018024627000045],[69.50649776700004,33.02688685800007],[69.50710269600006,33.02903680400004],[69.51096361900005,33.03228739900004],[69.51198756300005,33.03314947900003],[69.53515357000003,33.05265344000003],[69.54274859700007,33.05904785600006],[69.55223599200008,33.06812185100006],[69.55255687300007,33.068428751000056],[69.55286916700004,33.068727437000064],[69.56026510200007,33.07580110400005],[69.56664357000005,33.08190164000007],[69.57352898900007,33.08994527500005],[69.57769018800008,33.09480644100006],[69.58005461500005,33.09756859600003],[69.58184866900007,33.09756573400006],[69.61699720000007,33.09750966100006],[69.63337060400005,33.09654337500007],[69.64419003500007,33.095904861000065],[69.65514782400004,33.09526914300005],[69.66282475600008,33.09716128300005],[69.66670909000004,33.09811865900008],[69.66872205200008,33.09805492800007],[69.67154099600003,33.097965679000026],[69.67512601300007,33.09785217600006],[69.67942928300005,33.097715934000064],[69.68388715900005,33.09614898500007],[69.68770115700005,33.09480835900007],[69.68946137400008,33.09418964100007],[69.69767011100004,33.09218764000008],[69.70459077300006,33.09049978400003],[69.70760850900007,33.09094489100005],[69.71233305700008,33.091642111000056],[69.72024480100004,33.09280967800004],[69.72172316000007,33.09302784500005],[69.72403810600008,33.09451070800003],[69.72886094700004,33.09889745100003],[69.73050650700003,33.10039421400006],[69.73270111200003,33.103438753000034],[69.73625555700005,33.10836977500003],[69.73730375000008,33.109823875000075],[69.74639938200005,33.113821631000064],[69.75610602400008,33.11402252200003],[69.76680735200006,33.114244],[69.77346048800007,33.120461670000054],[69.77904773500006,33.12348902800005],[69.78653101900005,33.12754372300003],[69.78807858300007,33.127098396000065],[69.79910387400008,33.12392575300004],[69.80169695400008,33.12225095500003],[69.80642791400004,33.11919535800007],[69.81537492600006,33.11341673000004],[69.82881051800007,33.10473905300006],[69.83789525200007,33.10197586400005],[69.85019386500005,33.09823515200003],[69.85428279200005,33.09699147500004],[69.85645442800006,33.09633095600003],[69.86717643300005,33.09597766500008],[69.87141546000004,33.095837989000074],[69.87553308100007,33.09570231300006],[69.88343621500007,33.09845911300005],[69.89086221900004,33.10104947900004],[69.89237219400007,33.101576194000074],[69.89843159000003,33.10137785400008],[69.90127469200007,33.10128479200006],[69.91669584300007,33.10398594900005],[69.91841725100005,33.10591071500005],[69.92235713600007,33.11029929100005],[69.92652800100007,33.11498070700003],[69.92805597300003,33.11668939000003],[69.92879429200008,33.11751497800003],[69.93052402500007,33.11864970200003],[69.93159187600008,33.119350223000026],[69.93322029300003,33.12041848200005],[69.93734333700007,33.123123243000066],[69.94012985500007,33.12495122900003],[69.94248717600004,33.12649765700007],[69.94589850500006,33.128735525000025],[69.96514086700006,33.13130248300007],[69.96644789000004,33.13185673400005],[69.96798911900004,33.132510301000025],[69.97455108300005,33.135292941000046],[69.97588987800003,33.13586066600004],[69.97684606400003,33.13626614200007],[69.98157048400003,33.137090396000076],[69.98713026700005,33.138060393000046],[70.00000107200003,33.13977278900006],[70.00637917700004,33.14062080200006],[70.00732439200004,33.14077073900006],[70.01141761400004,33.141420037000046],[70.01381167400007,33.14179980100005],[70.02307750000006,33.143269615000065],[70.05833944500006,33.19930351000005],[70.06443592600004,33.20899127800004],[70.06509166600006,33.21003329900003],[70.06728307600008,33.21351561600005],[70.06858639700005,33.21387437800007],[70.07893502800005,33.21638207700005],[70.08706639500008,33.212008455000046],[70.08889689900008,33.211023881000074],[70.09384892300005,33.20836033300003],[70.10414949600005,33.21014148800003],[70.11399592300006,33.211362277000035],[70.11628130900004,33.21164562600006],[70.12900314700005,33.21322291800004],[70.12980918900007,33.21332285400007],[70.13111237700008,33.213484427000026],[70.14333626800004,33.217312012000036],[70.14599355100006,33.21814406900006],[70.15178224100003,33.21995664200006],[70.15573749300006,33.22119512300003],[70.16149096700008,33.22923168600005],[70.16397205800007,33.232697321000046],[70.16806805800007,33.23790981700006],[70.16918966600008,33.23808978500006],[70.17063393300003,33.23832152500006],[70.17189582000003,33.23852400100003],[70.17251290300004,33.23862301500003],[70.18515644000007,33.24065173400004],[70.18699994200006,33.24094753300005],[70.18994286200007,33.24141973900004],[70.19965029400004,33.246185868000055],[70.20077802000003,33.24673955600008],[70.20256622300008,33.24761752300003],[70.20631666800006,33.249458907000076],[70.20693919000007,33.249764551000055],[70.20746657400008,33.25002348400005],[70.20826845300007,33.250417189000075],[70.21345405100004,33.25420225800008],[70.23346000200007,33.268804989000046],[70.25652344000008,33.290979211000035],[70.25884565300004,33.293211890000066],[70.26070228100008,33.29499693500003],[70.26434348500004,33.29849775100007],[70.26612781700004,33.300213288000066],[70.26811025100005,33.302119289000075],[70.27108034100007,33.304974867000055],[70.27810273600005,33.312859521000064],[70.29046888700003,33.326744079000036],[70.29142646400004,33.32781888400007],[70.29237946600006,33.32796719100003],[70.29339939700003,33.328125913000065],[70.29426365800003,33.32826041000004],[70.30817353800006,33.33042507600004],[70.32353272100005,33.33093257400003],[70.32415989200007,33.33288862000006],[70.32473388100004,33.33467880300003],[70.32590929400004,33.33834473200005],[70.32607691800007,33.33886752600006],[70.32659080600007,33.34047026300004],[70.32585041400006,33.34248230900005],[70.32261644100004,33.351270776000035],[70.32099195700005,33.35568538200005],[70.31924184200005,33.35919427300007],[70.31172937700006,33.374256381000066],[70.31259939400007,33.377692796000076],[70.31322074700006,33.38014670200005],[70.31495764100003,33.38700619800005],[70.31539965600007,33.39556490700005],[70.30963097800003,33.40263631700003],[70.30843811500006,33.40409856200006],[70.30097361400004,33.413248759000055],[70.29781374300006,33.42623105200005],[70.29709872200004,33.426642730000026],[70.28787361600007,33.43195415500003],[70.27522490200005,33.43241375000002],[70.27317883600006,33.432488094000064],[70.26603112600003,33.432747808000045],[70.26457226500008,33.432800816000054],[70.26065772400005,33.43294305200004],[70.25849766400006,33.43302153800005],[70.25569651300003,33.43558100400003],[70.25238804200006,33.438604017000046],[70.25196097900005,33.439810958000066],[70.25148521800008,33.441155527000035],[70.25045435700008,33.44406889100003],[70.24988929200003,33.445665846000054],[70.24887431200005,33.448534325000026],[70.24844543600005,33.449746393000055],[70.24684896900004,33.45425823900007],[70.24634998600004,33.45566843600005],[70.24555448000007,33.45791665300004],[70.24532437800008,33.45856695500004],[70.24506534900007,33.45929900700003],[70.24067486700005,33.47170714600003],[70.24024194700007,33.472930639000026],[70.24009021800003,33.47335944800005],[70.23866828300004,33.47375554400003],[70.23711234700005,33.47418896600004],[70.23523559900008,33.474711755000044],[70.23401259200006,33.475052437000045],[70.23139745100008,33.47578091300005],[70.22919265200005,33.476297627000065],[70.22026074800004,33.47836526300006],[70.21904698600008,33.47864623600003],[70.21481354100007,33.479626231000054],[70.21258593100004,33.482699988000036],[70.21187615900004,33.48367936200003],[70.20763326200006,33.48953390200006],[70.20679151400003,33.49096760200007],[70.20579855200003,33.49265885600005],[70.20549164900007,33.49318158500006],[70.20056104400004,33.50157959200004],[70.19034558200008,33.50782378500003],[70.18193094100008,33.51296721600005],[70.18081640100007,33.514579629000025],[70.18003331500006,33.51571252700006],[70.17687130900003,33.52028702700005],[70.17633407900007,33.52106424200008],[70.17537015800008,33.52245875500006],[70.17357523100003,33.525055492000035],[70.17359878600007,33.52552023000004],[70.17366538400006,33.52683419700003],[70.17407858200005,33.53498654600003],[70.17448811000008,33.54306649200004],[70.17470604900006,33.54736639600003],[70.17613984800005,33.55268859800003],[70.17941309500003,33.56452247000004],[70.18009808000005,33.56703740200004],[70.19358702500006,33.61656230300002],[70.19589350600006,33.62800236100003],[70.19601115400008,33.62858588900008],[70.19613427900003,33.629196586000035],[70.19647410100004,33.630882091000046],[70.19702153600008,33.63359796300006],[70.19568474300007,33.63481512200008],[70.18966783000008,33.64029356700007],[70.18063275300005,33.64204294900003],[70.17990878300003,33.64218312500003],[70.17862312300008,33.642432056000075],[70.17745555200008,33.64265812200006],[70.16934171500003,33.64422913300007],[70.15454984800004,33.65107695100005],[70.14928408200007,33.653514710000024],[70.14842026200006,33.657548588000054],[70.14816929900007,33.65872053700008],[70.14720170300006,33.66323902800008],[70.14754453400008,33.665100291000044],[70.14775253100004,33.66622952900008],[70.14843153800007,33.669915924000065],[70.14856622600007,33.670647158000065],[70.14951089600004,33.67577587200003],[70.14972016600007,33.676912016000074],[70.15073454400004,33.68241918000007],[70.15053176500004,33.68653434300006],[70.15009935300003,33.69530963100004],[70.14863746800006,33.69750975100004],[70.14802824700007,33.69842662000008],[70.14624036400005,33.70111736300004],[70.14575813900007,33.701843104000034],[70.14516876500005,33.70273010500006],[70.13696996500005,33.71506919700005],[70.13600117400006,33.71560201700004],[70.12447233800003,33.72194181900005],[70.11874343200003,33.722142062000046],[70.11679110900008,33.722210302000065],[70.10836187700005,33.71997716300007],[70.10688487900006,33.719585865000056],[70.10247966400004,33.71841880100004],[70.10106324300006,33.718174899000076],[70.09983994000004,33.71802278000007],[70.09211688100004,33.716634372000044],[70.08846984000007,33.71758208000006],[70.08661577200007,33.71806387100003],[70.05592459000007,33.72603917500004],[70.03506427700006,33.731459864000044],[70.02604009800007,33.730693780000024],[70.01656215300005,33.73201257000005],[70.01419268100005,33.73234226500006],[70.00563921200006,33.733532420000074],[70.00221323300008,33.73524541000006],[70.00146054800007,33.73562175200004],[70.00000107200003,33.73635149000006],[69.99853282100008,33.737085910000076],[69.99805345000004,33.737325691000024],[69.99620526300004,33.73825015600005],[69.99184508800005,33.74043111900005],[69.98736617900005,33.74493862800006],[69.97376275400006,33.758628919000046],[69.97333489300007,33.75905951100003],[69.97196157300004,33.760441601000025],[69.97165549900006,33.76074963000008],[69.96979675300008,33.76262024400006],[69.96873790200004,33.76567539000007],[69.96841511600007,33.76660673900005],[69.96364891600007,33.78035884700006],[69.96307138900005,33.782025211000075],[69.95749726300005,33.808190145000026],[69.95568830700006,33.816706440000075],[69.94593779600007,33.82775352700003],[69.93489070400005,33.834647999000026],[69.92596529100007,33.84021833400004],[69.91955324100007,33.848971326000026],[69.91829088400004,33.85069455000007],[69.91750993500006,33.85176061200008],[69.91687948300006,33.85262123200005],[69.91630642000007,33.85340365600007],[69.91575984500008,33.85626503700007],[69.91554050000008,33.85741332900005],[69.91516594600006,33.85937416100006],[69.91441139000005,33.863324342000055],[69.91413021300008,33.86479633300007],[69.91218426300003,33.87498358800008],[69.90605448800005,33.886295811000025],[69.90390058500003,33.89027074000006],[69.89291859400004,33.90076135900006],[69.88297202000007,33.91026288900008],[69.87097058300003,33.92185394300003],[69.87049054300007,33.92231756800004],[69.86990796300006,33.922880227000064],[69.86573673200007,33.926908825000055],[69.86161943500008,33.93873712900006],[69.86141897200008,33.93931302500005],[69.86120526500008,33.939926969000055],[69.86141315500004,33.94064542700005],[69.86316167400008,33.94668825200006],[69.86581531200005,33.955859134000036],[69.87668071300004,33.96834862700007],[69.88603530400007,33.97294864300005],[69.89515548600008,33.97741993300008],[69.89631195900006,33.97895960400007],[69.89779814100007,33.980938233000074],[69.89827174600003,33.981568767000056],[69.90065914600007,33.984747233000064],[69.90096982000006,33.991354751000074],[69.90103641000007,33.99277098500005],[69.90106187100008,33.99331249000005],[69.89667446800007,34.009545880000076],[69.89693594800008,34.01505082500006],[69.89699528700004,34.01630008500007],[69.89753885200008,34.02774377800006],[69.90687938900004,34.03371773400005],[69.91347605200008,34.03793678200003],[69.93033248300003,34.038071297000045],[69.93129080200004,34.03807842000003],[69.93775727300005,34.038126480000074],[69.95149846300006,34.038228607000065],[69.95222781700005,34.03823402800003],[69.96117951900004,34.03830055800006],[69.96203111100004,34.03830688700003],[69.96635558800006,34.03833902800005],[69.98090900600005,34.04010795100004],[69.98177092800006,34.04021271500005],[69.98709752500008,34.040860147000046],[69.98887722400008,34.04184821700005],[70.00000107200003,34.04802405500004],[70.00112030000008,34.048645117000035],[70.00167090500008,34.04895064800007],[70.01196186300007,34.04860333600004],[70.01813930300005,34.04113500400007],[70.01926343500008,34.039776381000024],[70.02124490800003,34.03970835800004],[70.02441336600003,34.039599587000055],[70.04618012200007,34.03671503400005],[70.06747539500003,34.02418801700003],[70.06841499700005,34.02350804200006],[70.06969536600008,34.02258145900004],[70.07663149600006,34.01756189100007],[70.07814589300006,34.01646594600004],[70.07991728300004,34.01518402000005],[70.08247486000005,34.014283266000064],[70.08399458700006,34.01374803400006],[70.09442447400005,34.01007473100003],[70.09649997300005,34.009343761000025],[70.10017464100008,34.008049579000044],[70.10244367700005,34.008592477000036],[70.11191585400007,34.01085882600006],[70.11748863900004,34.011152483000046],[70.11936123400005,34.01125115900004],[70.12994044000004,34.01180862800004],[70.13235548900008,34.01193588800004],[70.13645911500004,34.012152128000025],[70.15117403000005,34.00898504600008],[70.15323477800007,34.00854151300007],[70.15430340100005,34.00831151400007],[70.15528361700007,34.00771684100005],[70.16917455400005,33.99928955200005],[70.16974599100007,33.99899766400006],[70.17140581200005,33.99820035600004],[70.18555935500007,33.991401592000045],[70.18715207300005,33.99063651800003],[70.19833696700005,33.98529689500003],[70.20584992800008,33.984083885000075],[70.20782405000006,33.98376515100006],[70.22378479700006,33.98118819800004],[70.23882311000006,33.97314353500008],[70.24013689100008,33.97335906300003],[70.26095657400003,33.97771429200003],[70.27912164500003,33.98027796400004],[70.29067975300006,33.97569559800007],[70.29784349700003,33.972855407000054],[70.29793532300005,33.97457101900005],[70.30279152500003,33.97262449600004],[70.30438534900003,33.97198564000007],[70.31003325300003,33.969721778000064],[70.31202796100007,33.968922235000036],[70.32626338800003,33.96321621800007],[70.35668014100008,33.96310950600002],[70.35934358400004,33.963100162000046],[70.36925672300003,33.96306538300007],[70.37131335300006,33.96305816800003],[70.38878465600004,33.962996873000066],[70.39065106900006,33.96299032500008],[70.40130286700008,33.96295295500005],[70.40372396300006,33.96294446100006],[70.42630926300006,33.96038077800006],[70.42744883900008,33.95981313000004],[70.42917277300006,33.95895440100003],[70.43030522200007,33.958390304000034],[70.43249542600006,33.95729931600005],[70.43938306800004,33.953868432000036],[70.44437690500007,33.95201369400007],[70.44795740000006,33.95068387800006],[70.45263188100006,33.94894775000006],[70.45324746100005,33.94871912100007],[70.45372452800007,33.94854193500004],[70.45482874700008,33.94813182200005],[70.46344955000006,33.94493000800003],[70.46440537900008,33.94457500800007],[70.46773420200003,33.943338665000056],[70.49113780100004,33.94363292300005],[70.49173046700008,33.94364037500003],[70.50168331000003,33.94376551400006],[70.50618183000006,33.945945694000045],[70.51139868000007,33.94856753300007],[70.51543725800008,33.94968623700004],[70.51667948800008,33.95003034000007],[70.51962324800007,33.95084577400007],[70.52020238400007,33.95100619700003],[70.52199562700008,33.95150293300003],[70.52359844900008,33.95194692100006],[70.52503891800006,33.952345937000075],[70.53913754100006,33.945784479000054],[70.53986275000005,33.94626601300007],[70.54771262100007,33.95147827900007],[70.55731797500005,33.956293290000076],[70.56046228200006,33.957869481000046],[70.57947187600007,33.96153878300004],[70.58130995700003,33.96189357600008],[70.58355555800006,33.96232703000004],[70.58528154200008,33.96266018600005],[70.59387857400003,33.96431961700006],[70.60867110300006,33.96132212800006],[70.61241662700007,33.96056315300007],[70.62216696700006,33.95858739000005],[70.63065417500007,33.95686758100004],[70.63740961900004,33.95603635700007],[70.64052184500008,33.95565341400004],[70.65127862700007,33.954368619000036],[70.65412998300008,33.955037341000036],[70.66745543000008,33.95816252700007],[70.66934509700008,33.95860570700006],[70.67629953200003,33.960236714000075],[70.68522564400007,33.96050149600006],[70.68762174900007,33.960572574000025],[70.69112088500003,33.96067637200008],[70.69507452700003,33.960793651000074],[70.70113419500007,33.96097340400007],[70.71385118500007,33.96074409700003],[70.71877634000003,33.960655289000044],[70.74035561000005,33.960266181000065],[70.74131815100003,33.960307542000066],[70.75071839300006,33.960711470000035],[70.75915471700006,33.95784321600007],[70.76793731100008,33.95485723400003],[70.77947225000008,33.95783346500008],[70.78058623000004,33.95908798000005],[70.78549845700007,33.964619914000025],[70.78753675400003,33.96691535400004],[70.78832238100006,33.96780007800004],[70.80938844200006,33.97468894900004],[70.81652943100005,33.97811046800007],[70.82411971400006,33.98175006900004],[70.82713453500008,33.98171017100003],[70.83532685800003,33.98137591300008],[70.83791941600003,33.981270133000066],[70.85108186300005,33.98073308700003],[70.86043316100006,33.97942404500003],[70.86246682500007,33.97913936300006],[70.86399270000004,33.97892576300006],[70.86850705500007,33.97829382200007],[70.87301510900005,33.97787281900003],[70.87359015700008,33.977819116000035],[70.88494999200003,33.976758231000076],[70.88629888800006,33.97729291200005],[70.88724238300006,33.97766689800005],[70.89871137500006,33.98221301700005],[70.90274023800004,33.98655604000004],[70.90406012400007,33.98797884700008],[70.91145343700003,33.995948672000054],[70.91638875700005,34.001269182000044],[70.91665506100003,34.00273807900004],[70.91704817000004,34.004906410000046],[70.91793779500006,34.009811221000064],[70.91967923000004,34.010348054000076],[70.92221425100007,34.011132598000074],[70.92279805500004,34.01131327500008],[70.92530754700005,34.01208991800007],[70.93508235900003,34.01168043800004],[70.93562391300003,34.01165775100003],[70.94288426300005,34.014310023000064],[70.94711732900004,34.01585653800004],[70.94999575700007,34.01690814800003],[70.95476568400005,34.01864905700006],[70.95688770200007,34.01939211600006],[70.96716257200006,34.022990030000074],[70.98317869700003,34.02859833900004],[70.99522065100007,34.02875835700007],[70.99798117100005,34.028795040000034],[70.99870177600008,34.028804689000026],[71.00167100400006,34.030017128000054],[71.01558529100004,34.035698815000046],[71.01714057000004,34.03633389000004],[71.01779333800005,34.03660043800005],[71.02250362800004,34.04056573100007],[71.02354788800005,34.04147022600006],[71.02821860900008,34.04547651300004],[71.03416424300008,34.05053862600005],[71.03983323700004,34.04970129000003],[71.04236606700005,34.049327179000045],[71.04315528600006,34.04941211300007],[71.04577827900005,34.04969439300004],[71.05392236300008,34.050570839000045],[71.06388656800004,34.05164316200006],[71.06535869800007,34.05187359800004],[71.06614462200008,34.05263849000005],[71.07628648700006,34.062508939000054],[71.07728472000008,34.078657916000054],[71.07734741700006,34.07967228900003],[71.07696518700004,34.081837078000035],[71.07669688000004,34.083356655000046],[71.07505236200006,34.09267051100005],[71.07474620800008,34.094404438000026],[71.07437725600005,34.09649402800005],[71.07275388900007,34.10568909800003],[71.07965898900005,34.11344546600003],[71.08005614700005,34.11392178400007],[71.08067689600006,34.11466625800006],[71.08213594800003,34.11641612500006],[71.09105663200006,34.127114851000044],[71.09321877000008,34.12970794000006],[71.10675501700007,34.14594218900004],[71.10742590600006,34.14674679800004],[71.10937545500008,34.14908492600006],[71.12427028400003,34.16098385300006],[71.12607639900006,34.162426692000054],[71.12607119100005,34.172396484000046],[71.12606927900003,34.17564789700003],[71.12606808400005,34.17767926200003],[71.12606779700008,34.178167063000046],[71.12606723000005,34.17913208600004],[71.12546662400007,34.18822318400004],[71.12443668800006,34.20381286200006],[71.12599258600005,34.20803335200003],[71.12662574100005,34.209750833000044],[71.12739897700004,34.21184829200007],[71.12826420600004,34.21419529000008],[71.13531351700004,34.22531768300007],[71.13458288100003,34.226299306000044],[71.13352088700003,34.22772611200003],[71.13249700700004,34.229101713000034],[71.12652561600004,34.23712438000007],[71.12505106300006,34.24214321100004],[71.12359745600008,34.24709074800006],[71.12322387900008,34.24836226800005],[71.12129347400008,34.25493265000006],[71.12205635900006,34.26720755500003],[71.13033348800008,34.280913277000025],[71.13178221600003,34.28268318700003],[71.13287246000004,34.28401513700004],[71.13361567900006,34.284923126000024],[71.15178278200005,34.307117851000044],[71.15281051300008,34.30837342900003],[71.15391299600003,34.30972033000006],[71.15451961100007,34.31046143200007],[71.15673975800007,34.313173782000035],[71.15770333900008,34.318713425000055],[71.15790580800007,34.31987742300004],[71.15839378000004,34.322682787000076],[71.15971444100006,34.32443565500006],[71.16109462000003,34.32619357400006],[71.16167716200005,34.326935552000066],[71.16881448000004,34.33587317200005],[71.16912892300007,34.33640965300003],[71.17109049300007,34.338925216000064],[71.17115700100004,34.34662446800007],[71.17116988700008,34.34811616500008],[71.17125747700004,34.35825598100007],[71.16947304800004,34.36360926700007],[71.16580189100006,34.365017187000035],[71.16458326500003,34.36548273900007],[71.16332807000003,34.36596365500003],[71.15393705900004,34.369561728000065],[71.13863296700004,34.37363603700004],[71.13818416200007,34.37394122500007],[71.13693494500006,34.37419106800007],[71.13612623200004,34.37430338900003],[71.11846785600005,34.379004466000026],[71.11138016900003,34.38130677400005],[71.10745106000007,34.382583074000024],[71.09418798600007,34.38689134600003],[71.089637,34.38836965200005],[71.08727145900008,34.389138056000036],[71.08353382700005,34.391341269000065],[71.07601809900007,34.39577154700004],[71.07460731800006,34.39792475300004],[71.06694186700008,34.40962415700005],[71.06535409200006,34.412047501000075],[71.05357358800006,34.42749508700007],[71.02300256000007,34.44812897500003],[71.02127738000007,34.449512957000024],[71.02067012500004,34.450000112000055],[71.01749573600006,34.45254668500007],[71.01683412200003,34.453077448000045],[71.01624253300008,34.45355203500003],[71.00909965900007,34.45928222300006],[71.00681173500004,34.46111765100005],[71.00512473100008,34.46541243200005],[71.00474730400003,34.46637328600008],[71.00111617200008,34.47561743600005],[70.99487407100008,34.49150860000003],[70.99283753100008,34.52763591300004],[70.99432159800006,34.54243729700005],[70.99555837500003,34.554772325000044],[70.99659013600007,34.556281968000064],[70.99687801500005,34.55670318400007],[71.00373727900006,34.56673945700004],[71.00581117400003,34.56767710200006],[71.01730609300006,34.572874160000026],[71.01796008500008,34.57316984100004],[71.05434302100008,34.57690906300007],[71.06757608900006,34.58052718500005],[71.07381457500003,34.58223288100004],[71.08079589000005,34.58655874800007],[71.08708810500008,34.59045762400007],[71.09045013800005,34.59549681300007],[71.09085516500005,34.59610388700003],[71.10090906300007,34.611173190000045],[71.10129916100004,34.611757889000046],[71.10704751300005,34.62037381600004],[71.10944704300005,34.626912927000035],[71.11057380600005,34.629983537000044],[71.10579022700006,34.642101281000066],[71.10388805800005,34.64569482500008],[71.10358636300003,34.64626478100007],[71.10131248100004,34.65056055900004],[71.10106457100005,34.65102890600008],[71.09586312200008,34.66085539000005],[71.09576343900005,34.668539156000065],[71.09573532500008,34.670710686000064],[71.09567300800006,34.675524121000024],[71.09837523200008,34.68113764000003],[71.09970589600005,34.68463574300006],[71.10011679700006,34.68556410300005],[71.10377451400007,34.693828093000036],[71.10501046800005,34.696620522000046],[71.10525280200005,34.697168033000025],[71.10602596800004,34.69891487000007],[71.10814073800003,34.701788057000044],[71.11261977300006,34.707873403000065],[71.11340890000008,34.708945533000076],[71.11452574200007,34.71046290700008],[71.13667230300007,34.70951012000006],[71.13703585700006,34.70982538100003],[71.13910678200006,34.71162120900004],[71.13964326000007,34.71208642200003],[71.14372161400007,34.71562301600005],[71.15418364700008,34.72426288200006],[71.16001437600005,34.72624935300007],[71.16124926400005,34.726661300000046],[71.16236706800004,34.72703418800006],[71.16973783600008,34.72949300100004],[71.17128694400003,34.73000976700007],[71.17277868000008,34.73099287100007],[71.18172503300008,34.736888822000026],[71.18430058500007,34.73880195100003],[71.18464334700008,34.73905655600004],[71.18519854600004,34.73946896000007],[71.19476267400006,34.746573229000035],[71.19571560900005,34.74728107200008],[71.21909981000005,34.74809306900005],[71.21985718400003,34.74876708600004],[71.22067419900003,34.74949417900007],[71.22499858000003,34.753347388000066],[71.22647258200004,34.755485133000036],[71.22677393900005,34.755922191000025],[71.22797912000004,34.75767006500007],[71.22989805900005,34.76045310300003],[71.23147433400004,34.763377012000035],[71.24610039700008,34.79050760000007],[71.24630825400004,34.79089316300008],[71.24781736900007,34.791326464000065],[71.25503236600008,34.793398050000064],[71.25621810800004,34.79373850300004],[71.25741829000003,34.79408310200006],[71.27122477100005,34.798047249000035],[71.27252852800007,34.79915082700006],[71.27290013100003,34.79946537400008],[71.27435861100008,34.80069991800008],[71.27945606300005,34.805014706000065],[71.28506692900004,34.81743099100004],[71.29245128700006,34.833771838000075],[71.29258569500007,34.834438936000026],[71.29460503000007,34.844461341000056],[71.29574511300007,34.850119824000046],[71.29817463700005,34.85695340600006],[71.29857284900004,34.85807346800004],[71.30119989900004,34.865462636000075],[71.30454942600005,34.870630660000074],[71.30986010700008,34.87882456900007],[71.31596474400004,34.882479801000045],[71.31905923300008,34.884332667000024],[71.32839197200008,34.889920768000025],[71.34132385300006,34.90093385000006],[71.34372823600006,34.902981476000036],[71.35431693700008,34.91167442700004],[71.35594035500003,34.912071225000034],[71.37016397300005,34.91554778300008],[71.38471116000005,34.91672648800005],[71.38560029500007,34.916993767000065],[71.40062040500004,34.92151006700004],[71.40874526000005,34.92490520000007],[71.42238716100007,34.93060574200007],[71.42485686000003,34.93242656900003],[71.42749719100004,34.93437319900005],[71.42866434100006,34.935233700000026],[71.43173414600005,34.937496966000026],[71.43293002400003,34.938378647000036],[71.44552061800005,34.945069631000024],[71.44605130300005,34.94523759300006],[71.45489953900005,34.94748374200003],[71.47623434200005,34.952899640000055],[71.47739695300004,34.95396773700003],[71.47896478100006,34.95540810800003],[71.48144573100006,34.95768736900004],[71.48269236700008,34.95883265900005],[71.48573928900004,34.96163188100007],[71.49406152900008,34.962942629000054],[71.49925194100007,34.963760216000026],[71.50647765500008,34.97168001700004],[71.50700663900005,34.97288226000006],[71.50940249300004,34.97832901000004],[71.50970443500006,34.97901544500007],[71.51042963200007,34.980664114000035],[71.51032109400006,34.98502123800006],[71.51013193800003,34.99259581100006],[71.51491551600003,34.99999873400003],[71.51761016700004,35.004170041000066],[71.53489735800008,35.01253533800008],[71.55209613500006,35.019131360000074],[71.55602933500006,35.028058300000055],[71.55458510300008,35.029537566000045],[71.54665215300008,35.03766163800003],[71.54001138500007,35.051193244000046],[71.53882686000003,35.053606900000034],[71.53532913200007,35.06101634500004],[71.53395815300007,35.06392057000005],[71.53006842600007,35.07234831200003],[71.53383068900007,35.08428160400007],[71.53576602700008,35.09041906600004],[71.55259806600003,35.107974676000026],[71.57124087800008,35.120160191000025],[71.58533332700006,35.129371449000075],[71.60364582200003,35.13585432700006],[71.61273483900004,35.13847264300006],[71.61731880200006,35.13979316700005],[71.62883082200005,35.14887901900005],[71.63895459000008,35.165010909000046],[71.64962616600008,35.17437296400004],[71.66003735100003,35.183506581000074],[71.67289900300005,35.19478996500004],[71.67489527500004,35.19654127200005],[71.67558469800008,35.20032448400008],[71.67672881600004,35.206602830000065],[71.67329378500006,35.21542193000005],[71.67196745600006,35.21882556200006],[71.65764688900003,35.22319310600005],[71.63540537800003,35.22700752700007],[71.62252802400008,35.23591984700005],[71.59594822200006,35.258387277000054],[71.58036647700004,35.26799346100006],[71.57003638000003,35.274361991000035],[71.55944765200007,35.28407650200006],[71.55705825300004,35.28904348300006],[71.55354430400007,35.29634813200005],[71.55482274800005,35.30570174300004],[71.55580021500003,35.312853279000024],[71.62336633300004,35.40937293600007],[71.62803915200004,35.41232132400006],[71.64106643700006,35.420541092000065],[71.64640007700007,35.43228558000004],[71.65067943200006,35.44500577300005],[71.65034808100006,35.44643327700004],[71.64894739000005,35.45246763100005],[71.63924439500005,35.46063007400005],[71.63616171300004,35.46322331600004],[71.61109172800008,35.48130698600005],[71.60607199000003,35.48492786200006],[71.60346712800003,35.48751522800006],[71.59339763500003,35.49751708800005],[71.59355538000005,35.50875145100008],[71.59368248900006,35.51780391400007],[71.59927479000004,35.53323512900005],[71.60087409900007,35.536084208000034],[71.60135324400005,35.53693777700005],[71.61088503600007,35.553918130000056],[71.61416576500005,35.568530800000076],[71.61368044700004,35.56971484500008],[71.61223727300006,35.57323579800004],[71.60122620200008,35.57743984700005],[71.58102210300007,35.58236898900003],[71.57788784000007,35.58313364700007],[71.57430778700007,35.58449925100007],[71.55586242400005,35.59153519600005],[71.52626710200008,35.60489385400007],[71.51587049800008,35.611878121000075],[71.51005663200004,35.61578378000007],[71.50410988100003,35.62176367100005],[71.49948102700006,35.62641832000003],[71.49957035400007,35.62772990800005],[71.50042071700005,35.640215719000025],[71.50957532700005,35.65825645700005],[71.53808094400006,35.68754759900003],[71.53880352700008,35.688290094000024],[71.54677657200006,35.705457050000064],[71.54671016100008,35.71453520000006],[71.54666852500003,35.72022674500005],[71.53279909300005,35.729492813000036],[71.52216455300004,35.73353642700005],[71.50492830800005,35.74124591400005],[71.49781774300004,35.74442635300005],[71.48537580800007,35.75388227700006],[71.48054643800003,35.76299750700008],[71.48133224200006,35.774516076000054],[71.48937363000005,35.79637450900003],[71.48986148300008,35.803466385000036],[71.47078139300004,35.82323138800007],[71.46742352100006,35.826709796000046],[71.46499523300008,35.832576979000066],[71.46179847800005,35.84030092100005],[71.42965584300003,35.88175205300007],[71.41820603200006,35.890264923000075],[71.41246026000005,35.890523898000026],[71.40730955700008,35.89075605100004],[71.39904055200003,35.89164475700005],[71.39320438500005,35.892271996000034],[71.38844419700007,35.895874605000074],[71.38072320700007,35.901718009000035],[71.38114230200006,35.90792585600008],[71.38409561400005,35.91934947300007],[71.38178340500008,35.940808342000025],[71.38140096300003,35.944357668000066],[71.37908936900004,35.95017388400004],[71.37672511000005,35.956121891000066],[71.36169366700005,35.96034549400008],[71.35429996800008,35.96012874100006],[71.34963158400006,35.959991882000054],[71.33224568300005,35.96164861800003],[71.31932903900008,35.96488350900006],[71.31027743800007,35.97307536000005],[71.30281734400006,35.97982687100006],[71.28976972400005,35.986853610000026],[71.28485191300007,35.989502076000065],[71.26107808500007,35.99409575200008],[71.25624319700006,35.99603267700007],[71.25361622600008,35.997085079000044],[71.24805043300006,36.00211302900004],[71.22881430500007,36.01949030000003],[71.21502672900004,36.02630714500003],[71.21132982300003,36.02887994900004],[71.20706298400006,36.03184938900006],[71.20141595800004,36.03577935000004],[71.19900616100006,36.049216589000025],[71.20809201300005,36.07104882800007],[71.20937158000004,36.072307978000026],[71.22799576000006,36.09063497900007],[71.23983205700006,36.09232010100004],[71.24236946700006,36.09268153600004],[71.24309005500004,36.09531225400008],[71.24381332800004,36.09795277400008],[71.24267718700008,36.114002809000056],[71.24407997300005,36.11844690000004],[71.24544387000003,36.12276779200005],[71.24643799100005,36.12340044600006],[71.25460175400008,36.128595834000066],[71.28024389200004,36.14288654500007],[71.28419380200006,36.14508788400008],[71.29078398700005,36.14839331600007],[71.31027920300005,36.158171511000035],[71.32866130600007,36.164377681000076],[71.34057520000005,36.16840005200004],[71.34503565900008,36.17109336100003],[71.34744437100005,36.17255891000008],[71.35240809000004,36.181211923000035],[71.35483074400008,36.18756915700004],[71.35907104800003,36.198696049000034],[71.36434283800008,36.20079500300005],[71.36685106700008,36.20179351300004],[71.36758987200005,36.20190884400006],[71.38457364400006,36.20456010800007],[71.40048289000003,36.21273573800005],[71.41906043000006,36.22789506300006],[71.43447216300007,36.26095460100004],[71.43993517600006,36.267477788000065],[71.44164261900005,36.269516585000076],[71.44647765100007,36.27040400800007],[71.45719825300006,36.27237167100003],[71.45783655000008,36.27292581700004],[71.46141752200003,36.276034682000045],[71.46887070900004,36.28250526100004],[71.48515997600003,36.295981813000026],[71.52055365600006,36.29970780800005],[71.52062124500003,36.300690763000034],[71.52116265400008,36.30856446800004],[71.52421419000007,36.32085901700003],[71.53552984800007,36.32567207300008],[71.56873980200004,36.329486607000035],[71.57136764100005,36.34295647700003],[71.57217439400006,36.347091756000054],[71.55952370800003,36.354779077000046],[71.55667819700005,36.36684638300005],[71.55613745500006,36.36914009100008],[71.56539029100003,36.37582269400008],[71.59280500800008,36.39055650900008],[71.61390055700008,36.40912111500006],[71.61926236500005,36.42302660800004],[71.62197796100008,36.430069325000034],[71.62257773600004,36.438553064000075],[71.62360522900008,36.45308681800003],[71.63161881500008,36.46539400300003],[71.63595544000003,36.47205414800004],[71.64174702100007,36.473819166000055],[71.65619642700005,36.478222705000064],[71.67336950700007,36.47209671300004],[71.68795925700005,36.46075495000008],[71.70744390800007,36.45629224100003],[71.71682338100004,36.45193523100005],[71.72447292400005,36.448381820000066],[71.74217451300007,36.435314627000025],[71.75788921500003,36.42371414000007],[71.76876597300003,36.417079656000055],[71.79579113500006,36.400595148000036],[71.81151006100004,36.397264],[71.81215555300008,36.39711444400007],[71.81743674500007,36.39600802000007],[71.82517649200008,36.395637029000056],[71.82805068600004,36.395499259000076],[71.84373496700005,36.394747460000076],[71.85432651700006,36.39840864200005],[71.85726996800008,36.39942610500003],[71.86074554800007,36.40642935100004],[71.86502041800003,36.415044108000075],[71.86167758300007,36.42941731900004],[71.84824033800004,36.43152756000006],[71.82906336200006,36.43453858200007],[71.81861872500008,36.44214123100005],[71.81805989800006,36.45648605900004],[71.81785585300008,36.461723807000055],[71.81828399900007,36.46435661700008],[71.82186998700007,36.486404884000024],[71.83206906000004,36.505457343000046],[71.88485868100008,36.50469445900006],[71.89666610400008,36.504989167000076],[71.90912691100004,36.50530018200004],[71.91662478500007,36.517368814000065],[71.91715847700004,36.52444759300005],[71.92778646800008,36.54880422600007],[71.93114032200003,36.554191426000045],[71.93530384400003,36.560879174000036],[71.96437871500007,36.566566658000056],[71.97198562400007,36.56674870200004],[72.01294791600003,36.56772899200007],[72.05915970700005,36.59564465900007],[72.08562502800004,36.59682678400003],[72.09676367600008,36.59732431400005],[72.10623260800008,36.60573568500007],[72.09729081900008,36.63283608100005],[72.09957740100003,36.63922572400003],[72.10291258800004,36.64854560200007],[72.11624177900006,36.649655549000045],[72.12804455300005,36.65077796700007],[72.14068681500004,36.65198021800006],[72.15315866600008,36.65580848800005],[72.16555094500006,36.65961233400003],[72.17994282400008,36.65692028900003],[72.19164944200008,36.65473053000005],[72.19833794600004,36.657517486000074],[72.21446066100003,36.664235477000034],[72.20794912700006,36.67265215200007],[72.20444494200007,36.67718158900004],[72.20293261900008,36.680463426000074],[72.19689795400006,36.69355904200006],[72.22690582300004,36.73822869400004],[72.23410542600004,36.74582447000006],[72.24136442500003,36.75348291100005],[72.26516787600008,36.750186717000076],[72.30255250200008,36.74500952300008],[72.31369126500005,36.74620787300006],[72.32380521100004,36.75189840000007],[72.32654900500006,36.75344273300004],[72.33682990300008,36.759229291000054],[72.35861752100004,36.75809439900007],[72.36763012300008,36.757624942000064],[72.39006808600004,36.76178315200008],[72.41116363400005,36.77666757900005],[72.45799452400007,36.77716372300006],[72.49522495800005,36.777558156000055],[72.49659524300006,36.77827583200008],[72.50446469700006,36.78239739600008],[72.50753907900008,36.79289744300007],[72.52607053100007,36.80756222600007],[72.54540178200006,36.82285972500006],[72.55340956700007,36.826555821000056],[72.56610115400008,36.83241378500003],[72.62659492300008,36.84158804000003],[72.63159787100005,36.84842780500003],[72.65616732600006,36.84984225100004],[72.66233529200008,36.84856032500005],[72.68524860100007,36.84379811300005],[72.70239939400005,36.84285797200005],[72.71845861900005,36.84197766800003],[72.73577507900006,36.846683013000074],[72.74999225700003,36.85054620000005],[72.75631672100008,36.84968399500008],[72.76267316000008,36.84881743200003],[72.77687998400006,36.84570138200007],[72.78157173300008,36.84467231900004],[72.79433104800006,36.84706792500003],[72.79852216800003,36.847854823000034],[72.82508232400005,36.84328079200003],[72.82769484000005,36.843134174000056],[72.87105510000004,36.84070073700008],[72.87328353100008,36.84077382100003],[72.87800677000007,36.840928725000026],[72.88263587800003,36.84108054200004],[72.89709372800007,36.844453534000024],[72.90753275100008,36.84688893900005],[72.91185548500005,36.84664509300006],[72.92413284800006,36.84595252400004],[72.92759421400007,36.84774535500003],[72.92951232800004,36.848738852000054],[72.94677082700008,36.86564001700003],[72.95339115700006,36.87212307000004],[72.968904,36.873301758000025],[72.97461623400005,36.871119401000044],[72.99746795500005,36.86238891200003],[73.02684057700003,36.86070271300008],[73.02894513700005,36.86206718300008],[73.04728789300003,36.87395986800004],[73.06005612800004,36.881832759000076],[73.07174602500004,36.889040746000035],[73.07956640100008,36.88858752500005],[73.08835594600004,36.888078137000036],[73.10810434100006,36.88753852100007],[73.12166746300005,36.88716791400003],[73.13370280200007,36.89088620600006],[73.14413489300006,36.894109178000065],[73.16076713600006,36.88994461300007],[73.18180762000003,36.884676263000074],[73.18603243500007,36.88385395900008],[73.18937752700003,36.883202881000045],[73.19963839700006,36.88581536600003],[73.21567574900007,36.88989858100007],[73.23111201900008,36.887188810000055],[73.23337597100004,36.88679138300006],[73.26194647500006,36.89025219300004],[73.27335372100003,36.888543070000026],[73.28920075800005,36.879345896000075],[73.29766124100007,36.87368483700004],[73.30660303000008,36.873151145000065],[73.31755112100006,36.87955285900006],[73.33622781900004,36.88533109900004],[73.34780204900005,36.88463697200007],[73.35695665900005,36.88068831000004],[73.36510248000008,36.883365766000054],[73.37223726200006,36.885710904000064],[73.38905345600006,36.89573644600006],[73.39944536400003,36.89824317100005],[73.40312927400004,36.89913175100003],[73.41664825400005,36.89661392700003],[73.41998681500007,36.89605544600005],[73.44060543600006,36.892606329000046],[73.45740371000005,36.89502641900003],[73.46958193800003,36.896780910000075],[73.48450902000008,36.895866546000036],[73.50640992600006,36.894524999000055],[73.51298297100004,36.892916455000034],[73.51570860000004,36.892249443000026],[73.52314687100005,36.88812649300007],[73.52777068300003,36.88556356600003],[73.55035271000008,36.88926339000005],[73.55915201200008,36.89174160400006],[73.57754478300006,36.896921700000064],[73.58556325200004,36.90322449800004],[73.59762533500003,36.90756933600005],[73.61850806200005,36.90457018600006],[73.63954854200006,36.903254170000025],[73.66302382700007,36.88824512000008]]]}},{"type":"Feature","properties":{"Shape_Leng":28.0465682289,"Shape_Area":19.3678646534,"ADM1_EN":"Punjab","ADM1_PCODE":"PK6","ADM1_REF":null,"ADM1ALT1EN":null,"ADM1ALT2EN":null,"ADM0_EN":"Pakistan","ADM0_PCODE":"PK","date":"2022-09-02T00:00:00","validOn":"2022-09-09T00:00:00","validTo":null},"geometry":{"type":"MultiPolygon","coordinates":[[[[69.55419158900008,28.123756409000066],[69.54909515400004,28.12251472500003],[69.54277801500007,28.122539520000032],[69.53769683800004,28.124183655000024],[69.53322601300005,28.127269745000035],[69.52938079800003,28.13233757000006],[69.52819061300005,28.138477325000053],[69.52764892600004,28.152917862000038],[69.52729797300003,28.16374588000008],[69.52609252900004,28.16808128400004],[69.52467346200007,28.169530868000038],[69.51836395300006,28.17136001600005],[69.51612854000007,28.173534393000068],[69.51412200900006,28.178955078000058],[69.51311492900004,28.18220901500007],[69.51068115200007,28.18474388100003],[69.50824737500005,28.187099457000045],[69.50392150900007,28.190500259000032],[69.49640655500008,28.19576072700005],[69.49050140400004,28.198308945000065],[69.48277282700008,28.202486038000075],[69.47924420000004,28.20370856100004],[69.47442627000004,28.205404282000075],[69.46893310500008,28.208671570000035],[69.46670532200005,28.21138572700005],[69.46691894500003,28.213911057000075],[69.46795654300007,28.21751785300006],[69.47144317600004,28.222198486000025],[69.47554779100005,28.228681564000055],[69.47863769500003,28.23516655000003],[69.48030090300006,28.242742539000062],[69.48031616200007,28.245630264000056],[69.47953033400006,28.252054214000054],[69.47731018100006,28.257837296000048],[69.47589874200008,28.260910034000062],[69.47513580300006,28.264833450000026],[69.47719779500005,28.263913185000035],[69.48206329300007,28.261741638000046],[69.48796081500006,28.25865173300008],[69.49182128900003,28.255208969000023],[69.49771881100008,28.250675201000035],[69.50198364300007,28.24705123900003],[69.50707244900008,28.244504929000072],[69.51358795200008,28.24159240700004],[69.51461321200003,28.24078008300006],[69.51907348600008,28.23723983800005],[69.52191162100007,28.233440399000074],[69.52536010700004,28.229816437000068],[69.52778625500008,28.225475311000025],[69.52960205100004,28.221138],[69.53099823000008,28.21481514000004],[69.53302764900008,28.212099075000026],[69.53627014200003,28.209379196000043],[69.53993988000008,28.208282471000075],[69.54666900600006,28.208074570000065],[69.55155944800003,28.207513809000034],[69.56072235100004,28.205310822000058],[69.57253265400004,28.202552796000077],[69.57762146000005,28.20126724200003],[69.58055877700008,28.200038910000046],[69.58177185100004,28.198228836000055],[69.58176422100007,28.19750785800005],[69.58175659200003,28.19606399500003],[69.58030700700004,28.192098617000056],[69.57496643100006,28.185083389000056],[69.56983947800006,28.178607941000053],[69.56797790500008,28.173563004000073],[69.56691742000004,28.166709900000058],[69.56669616700003,28.163642883000023],[69.56443786600005,28.159862518000068],[69.56319427500006,28.156438828000034],[69.56237030000005,28.154277802000024],[69.56235504100005,28.151571274000048],[69.56395721400008,28.146329880000053],[69.56515502900004,28.142175674000043],[69.56513977100008,28.13820457500003],[69.56430053700007,28.13441848800005],[69.56237793000008,28.130039215000068],[69.55926513700007,28.126775742000063],[69.55874712800005,28.126467468000044],[69.55419158900008,28.123756409000066]]],[[[69.59803772000004,28.34796905500008],[69.60457611100003,28.34757995600006],[69.61356353800005,28.34807968100006],[69.61929321300005,28.34967804000007],[69.62706756600005,28.352348328000062],[69.63156127900004,28.353050232000044],[69.63544464100005,28.35284996000007],[69.63870239200008,28.35193252600004],[69.64990234400005,28.346282959000064],[69.65077329500008,28.345613537000077],[69.66148376500007,28.337381363000077],[69.66921830200005,28.331454316000077],[69.67002105700004,28.33083915700007],[69.67427063000008,28.325403213000072],[69.67689023200006,28.322756858000048],[69.67893981900005,28.320686340000066],[69.68562316900005,28.312528610000072],[69.69265747100008,28.303424835000044],[69.69629669200003,28.299255371000072],[69.70259094200003,28.293806076000067],[69.70788574200003,28.292154312000036],[69.71441650400004,28.29211807300004],[69.71891021700003,28.29299545300006],[69.72362518300008,28.295316696000043],[69.72711944600007,28.298906326000065],[69.73369598400006,28.304645538000045],[69.74087524400005,28.309659958000054],[69.74578857400007,28.312158585000077],[69.74947357200006,28.31322097800006],[69.75151825000006,28.313570023000068],[69.75621032700008,28.312641144000054],[69.75783459400003,28.311548405000053],[69.75801849400005,28.309200287000067],[69.75798797600004,28.305229187000066],[69.75549316400003,28.298927307000042],[69.75318145800003,28.292844772000024],[69.75070953400007,28.281141281000032],[69.75024414100005,28.278553009000063],[69.74971008300008,28.264347076000035],[69.74735336600008,28.249207255000044],[69.74321746800007,28.241283417000034],[69.73808288600003,28.236619949000044],[69.73276519800004,28.234664917000032],[69.72875976600005,28.23446464500006],[69.72244262700008,28.23576355000006],[69.71837616000005,28.237770080000075],[69.71452331500006,28.240678787000036],[69.71230316200007,28.243940353000028],[69.70987701400003,28.247383118000073],[69.70806121800007,28.250459671000044],[69.70562744100005,28.253000259000032],[69.70197296200007,28.255186081000033],[69.69709777800006,28.25846099900008],[69.69404602100008,28.259199142000057],[69.6875,28.25760841400006],[69.68422699000007,28.255640030000052],[69.67726898200004,28.252428055000053],[69.67256164600008,28.250104904000068],[69.67008209200003,28.245965958000056],[69.67066192600004,28.240549088000023],[69.67367553700007,28.23331451400003],[69.67364502000004,28.229164123000032],[69.67218780500008,28.224298477000048],[69.66891479500003,28.222509384000034],[69.66482543900008,28.220907211000053],[69.66370547200006,28.220722391000038],[69.66258239800004,28.220556259000034],[69.65626525900007,28.222032547000026],[69.64954376200006,28.223690033000025],[69.63976287800006,28.22536087000003],[69.63269796200007,28.226130373000046],[69.62937164300007,28.22649383600003],[69.62304687500006,28.226705551000066],[69.61631012000004,28.225833893000072],[69.61119842500005,28.223691940000037],[69.60751342800006,28.220821381000064],[69.60567474300007,28.220287323000036],[69.60445404100005,28.22047424300007],[69.60344696000004,28.223005295000064],[69.60204315200008,28.227523804000043],[69.60045623800005,28.234930038000073],[69.59886169400005,28.241254807000075],[69.59779357900004,28.244249344000025],[69.59729766800007,28.244689941000047],[69.59725246900007,28.245205660000067],[69.59719848600008,28.251066208000054],[69.59621429400005,28.25720787000006],[69.59584808300008,28.26650428800008],[69.59527587900004,28.273183823000068],[69.59429168700007,28.28004837000003],[69.59169006300004,28.28836250300003],[69.58866119400005,28.294511795000062],[69.58379364000007,28.29958725000006],[69.57933044400005,28.30484008800005],[69.57569122300004,28.31081199600004],[69.57345581100003,28.31568336500004],[69.56594848600008,28.32905197100007],[69.56311798100006,28.33447837800003],[69.56143826900006,28.337622534000047],[69.55644989000007,28.346960068000044],[69.55341339100005,28.352388382000072],[69.54996490500008,28.357637405000048],[69.54631805400004,28.363428116000023],[69.54306793200004,28.36687088000008],[69.54063415500008,28.369226456000035],[69.53941345200008,28.371217728000033],[69.53739166300005,28.374654770000063],[69.53353881800007,28.380807877000052],[69.53253173800005,28.38315773000005],[69.53272927700004,28.385489806000066],[69.53336701900008,28.387973572000078],[69.53357696500007,28.388750076000065],[69.53501892100007,28.39054870600006],[69.53993988000008,28.39341735800008],[69.54853057900004,28.395910263000076],[69.55200958300003,28.39625740100007],[69.55568695100004,28.396602631000064],[69.55915069600007,28.395143509000036],[69.56584930400004,28.386270523000064],[69.57656930500008,28.371036273000072],[69.57922363300008,28.36726188700004],[69.58123779300007,28.36165618900003],[69.58223724400005,28.356958389000056],[69.58343505900007,28.353162766000025],[69.58506011900005,28.350990296000077],[69.58804321300005,28.34927749600007],[69.59803772000004,28.34796905500008]]],[[[73.50089263900003,34.01715087900004],[73.50229644800004,34.01699066200007],[73.50321960400004,34.01725006100003],[73.50430297900004,34.01747894300007],[73.50670623800005,34.01747894300007],[73.51129150400004,34.01758956900005],[73.51200752900007,34.017673063000075],[73.51397655800008,34.011238631000026],[73.51638635600006,34.00110504100007],[73.51997323300003,33.99462824900007],[73.52177020000005,33.99138348300005],[73.52915893600004,33.97804171000007],[73.52991992400007,33.975890598000035],[73.53255013400008,33.967877385000065],[73.53870858600004,33.951259605000075],[73.53979920400008,33.95010547500004],[73.54295419300007,33.94658262400003],[73.54962704300004,33.93970531000008],[73.56248355000008,33.92610010200008],[73.56597898200005,33.92059665600004],[73.56971664300005,33.91471201600007],[73.57336412300003,33.910563581000076],[73.57420387200006,33.90960849900006],[73.57777397600006,33.90554806800003],[73.58099506100007,33.89940810200005],[73.58360201800008,33.89443877200006],[73.58554033300004,33.881934675000025],[73.58471523900005,33.871375441000055],[73.58286038700004,33.86214474800005],[73.58276382700006,33.86166422000008],[73.58219331000004,33.860038608000025],[73.58157469200006,33.858275941000045],[73.57816554800007,33.848486308000076],[73.57554753300008,33.84110236300006],[73.57396009700005,33.83555101400003],[73.57276775300005,33.83138132000005],[73.57228636400004,33.82875689200006],[73.57193888200004,33.82686250000006],[73.57186016500003,33.82643335500006],[73.57143949800007,33.82413997400005],[73.57083271200008,33.82083190900005],[73.56814120000007,33.81359527400008],[73.56721474200003,33.81110431700006],[73.56608514900006,33.79999502100003],[73.56666467900004,33.78888572400007],[73.57024349500006,33.780514020000055],[73.57165453100004,33.77721326900007],[73.57765610600006,33.76849108000005],[73.58117486800006,33.76337720600003],[73.58304533700004,33.76065882200004],[73.59248487100007,33.74694019100008],[73.59269537200004,33.74634644400004],[73.59512535100004,33.73949235500004],[73.59721278800004,33.733604452000066],[73.59942613500004,33.72165696600007],[73.59912588500003,33.70907150000005],[73.59887607200005,33.69860018300005],[73.59693775700003,33.687765918000025],[73.59544929700007,33.68518603700005],[73.59536544100007,33.68506371800004],[73.59495610800008,33.68446662800005],[73.59309993600004,33.68137624700006],[73.59193463000008,33.67943627100004],[73.58166370300006,33.67193525300007],[73.57528440300007,33.66578685400003],[73.57388424900006,33.66443737800006],[73.57341728900008,33.66002112100006],[73.57326578500005,33.65858827500006],[73.57276775300005,33.65387814400003],[73.57609432100008,33.64332545900004],[73.57166693400006,33.63446089100006],[73.56887820100008,33.62416159700007],[73.58943333400003,33.61471566500006],[73.59322386900004,33.611501833000034],[73.59860114700007,33.60694243300003],[73.60247767100003,33.59499199900006],[73.60640491700008,33.59052378000007],[73.61053543100007,33.58582429200004],[73.61970641200008,33.57887975400007],[73.62692254900003,33.568886528000064],[73.62330473700007,33.55915936200006],[73.62315942000004,33.553218894000054],[73.62303298000006,33.54805006500004],[73.62613958100007,33.54292067200004],[73.62942418100005,33.53749738000005],[73.63065392100003,33.53136673700004],[73.63165389800008,33.52638153600003],[73.62419832000006,33.523237006000045],[73.61913997900007,33.52110355600007],[73.61360239500004,33.51516209300007],[73.61137371400008,33.51277086500005],[73.60912526000004,33.497420634000036],[73.60832218900003,33.49193695500003],[73.61058139300007,33.487705007000045],[73.61470018900008,33.47998966500006],[73.62303298000006,33.47082523200004],[73.62560999900006,33.46290510000006],[73.62589165900005,33.46203945600007],[73.62647404800003,33.46024955900003],[73.62664765200003,33.45971601200006],[73.62248291700007,33.450544955000055],[73.61304408900008,33.44709787900007],[73.60803068200005,33.44526697500004],[73.60219431400003,33.441969003000054],[73.59721310300006,33.43915425700004],[73.59443628300005,33.42943631000003],[73.59582453600007,33.41777040300008],[73.59259319800003,33.41441992400007],[73.58055048100005,33.40193318900003],[73.57778622700005,33.397280943000055],[73.57527250100003,33.393050336000044],[73.57470570300006,33.39180973400005],[73.57083271200008,33.383332567000025],[73.57056281400008,33.373037012000054],[73.57054136200003,33.37221660200004],[73.57440842300008,33.36319703000004],[73.57953715300005,33.35123473300007],[73.58471596100003,33.33915734500005],[73.58870743800003,33.339314235000074],[73.58944696400005,33.33934330300008],[73.59542037600005,33.33957809700007],[73.59887607200005,33.33971392700005],[73.60177533700005,33.33749248700008],[73.60720851600007,33.33332879300008],[73.60078490000006,33.324410347000025],[73.59863378300008,33.318051946000026],[73.60712354200007,33.31150308900004],[73.60893108200008,33.31010878300003],[73.60907621600006,33.30819119700004],[73.60919301700005,33.306647973000054],[73.60740573100003,33.30325031700005],[73.60661307200007,33.30174292300006],[73.60771308700004,33.29846252100003],[73.61584252100005,33.29135701100006],[73.61498039900005,33.28964169600005],[73.61232640800006,33.28464220300003],[73.61210259200004,33.28188181200005],[73.61202995300005,33.28098592600003],[73.61182545800006,33.27846382300004],[73.61773275200005,33.26683152900006],[73.62360268700007,33.25527279900007],[73.62351305200008,33.25252690700006],[73.62323597900007,33.244039084000065],[73.62824875000007,33.238463154000044],[73.63582899600004,33.23526526400008],[73.64012195600003,33.23345418700006],[73.64276926200006,33.232337364000045],[73.64006199500005,33.21916840500006],[73.64117500400005,33.21612072400006],[73.64921530400005,33.22256815900005],[73.65402965100003,33.222956632000034],[73.65792096300004,33.21997666900006],[73.66019493400006,33.218235263000054],[73.66096816100008,33.21790561900008],[73.66244000800003,33.21727813600006],[73.66706089200005,33.21530814500005],[73.66854073700006,33.202853067000035],[73.66944881900008,33.19521022400005],[73.66968696800006,33.19320584600007],[73.66988323600003,33.19155396200006],[73.66947209900007,33.18096459100008],[73.66858011200003,33.15799033300004],[73.66594750300004,33.15489629100006],[73.66116409200004,33.14927446300004],[73.64381420700005,33.14181260400005],[73.63769840700007,33.13865959900005],[73.63714263500003,33.138399037000056],[73.63179101000003,33.13594137700005],[73.63008702900004,33.13332520800003],[73.62728497500007,33.12902313600006],[73.62664767600006,33.12804467300003],[73.62637264400007,33.11499706200004],[73.62585935900006,33.11258479000003],[73.62442123300008,33.10582608100003],[73.62645904900006,33.10000252300006],[73.62831096000008,33.094710236000026],[73.63500138900008,33.09080476100007],[73.63902926600008,33.08845352600002],[73.64305132300007,33.08610568800003],[73.65693712400008,33.08110928800005],[73.69581475000007,33.072769949000076],[73.70561719800008,33.06921978100007],[73.70832081900005,33.068240606000074],[73.72622114700005,33.06175761600008],[73.75027420200007,33.05304628300007],[73.75572652800008,33.049232869000036],[73.75685134600008,33.04844615900004],[73.75860699300006,33.04721824000006],[73.76440413400007,33.038186436000046],[73.77393998300005,33.02332981600006],[73.77869676100005,33.022255908000034],[73.78166902300006,33.02108647700004],[73.78954445100004,33.01798790500004],[73.80222188300007,33.01089816800004],[73.80581740900004,33.008887403000074],[73.81540938000006,33.010055744000056],[73.81721483300004,33.01027565600003],[73.82249608700005,33.01193894000005],[73.82544075000004,33.013348044000054],[73.82587302500008,33.01355490000003],[73.84803797300003,33.02416145800004],[73.85748398600003,33.02776960500006],[73.86080994800005,33.030273898000075],[73.87363447500007,33.033567740000024],[73.88026573700006,33.03527075400007],[73.88610714200007,33.03582745400007],[73.88720385900007,33.03619446500005],[73.89109672800004,33.03749719700005],[73.89776623500006,33.03777222800005],[73.90215307600005,33.037554955000076],[73.90331924600008,33.03749719700005],[73.91854091900007,33.03464348400007],[73.92109757100008,33.03416417100004],[73.94220014500007,33.021935015000054],[73.94525168200005,33.01777025600006],[73.94914170500005,33.01471809000003],[73.95041240000006,33.012008550000076],[73.95109598400006,33.010550925000075],[73.95179924000007,33.00985129500003],[73.95416400300007,33.00749915100005],[73.95832859900008,32.99832852800006],[73.96083814800005,32.99464586400006],[73.96294564500005,32.99155319500005],[73.96447854700006,32.989303721000056],[73.97442463500005,32.974708228000054],[73.97486018700005,32.97421191800004],[73.98026904800008,32.968048543000066],[73.98279851300003,32.96605744400006],[73.98414567800006,32.96499700700008],[73.98637539600003,32.96166389000007],[73.98947345700003,32.96033130700005],[73.99026512300003,32.95999078400007],[73.99898948600008,32.95418215300003],[74.00277576800005,32.95166126700008],[74.02720770700006,32.94110203400004],[74.03113328800004,32.93989356900005],[74.03994608200003,32.93718060800006],[74.04118624300008,32.93679883300007],[74.04522638700007,32.935555101000034],[74.04887296300006,32.93443252700007],[74.06795178000004,32.93003620700006],[74.07587495900003,32.928210474000025],[74.07777415900006,32.92777284300007],[74.08415226300008,32.92527136800004],[74.09925226600006,32.91772005800004],[74.10304101400004,32.91582535600003],[74.10433735100008,32.91494419600008],[74.11081064500007,32.910544102000074],[74.12322072300003,32.90600026300007],[74.13053758600006,32.90332125900005],[74.13440968900005,32.90157926000006],[74.14308873800007,32.89767469000003],[74.14471479000008,32.89694315400004],[74.14767506800007,32.89502102900008],[74.14942961000008,32.89388179500003],[74.15710270000005,32.89100523400003],[74.16053890600006,32.889717037000025],[74.16831836100005,32.885827310000025],[74.18914870000003,32.878326161000075],[74.19013409600007,32.87782378900005],[74.19530173600003,32.87518923600004],[74.20332263000006,32.87110004400006],[74.21199228000006,32.86782107400006],[74.21360683200004,32.86721031700006],[74.21698685000007,32.86529408600006],[74.22192325200007,32.862495496000065],[74.22233278300007,32.862358896000046],[74.22692947500008,32.86082566400006],[74.25730905300003,32.84497436700008],[74.25888143200007,32.84415393900008],[74.26202704500008,32.84301020200007],[74.27415626200008,32.838600523000025],[74.27804598900008,32.83610559700003],[74.28545463000006,32.83332817500008],[74.28915528500005,32.831940839000026],[74.29838072800004,32.827706841000065],[74.30247465300005,32.825827943000036],[74.30652492300004,32.82358132500008],[74.31498857300005,32.81888667900006],[74.32110860900008,32.81689297600008],[74.32609459500003,32.815268709000065],[74.32860224200004,32.81537677600005],[74.33278047300007,32.81555683700003],[74.33472533700007,32.809722246000035],[74.33593374700007,32.80500688300003],[74.33750169600006,32.79888855300004],[74.34214739500004,32.79180481800006],[74.34332988400007,32.790001854000025],[74.35055600200008,32.78222240000002],[74.35299763900008,32.78052171000007],[74.35972698300003,32.77583447300003],[74.36675583700008,32.773052620000044],[74.36840714800007,32.77239907000006],[74.37166464700005,32.77110982900007],[74.37889076400006,32.76972157700004],[74.38722355500005,32.769168240000056],[74.39662667900006,32.77012694000007],[74.40083432500006,32.77055649300007],[74.41222520100007,32.77444294600008],[74.41975101800006,32.779855766000026],[74.42111132800005,32.780834147000064],[74.42268721000005,32.78188473500006],[74.43027576100008,32.78694376900006],[74.44070381100005,32.79160971500005],[74.44192718300008,32.791916583000045],[74.44694461700004,32.79305666500005],[74.45444576500006,32.79305666500005],[74.46166863900004,32.79169126100004],[74.46341755600008,32.78758267200004],[74.46606583400006,32.78136129000006],[74.47792164300006,32.775330249000035],[74.47974536200007,32.772671614000046],[74.50269409700007,32.759876114000065],[74.51164721800006,32.753931762000036],[74.53153308300006,32.74072870400005],[74.54121483700004,32.74467081800003],[74.54310625600004,32.74544073200008],[74.56710706000007,32.75521040600006],[74.56978100800006,32.75535064400003],[74.57359976100008,32.755550921000065],[74.57445885600004,32.75520738400007],[74.57919206200006,32.75331465600004],[74.58042762400004,32.75360642700008],[74.59413869800005,32.75684422300003],[74.61470710400005,32.75767913900006],[74.63279695400007,32.777664740000034],[74.63593341700005,32.782766484000035],[74.64153901700007,32.79188450800007],[74.63744540100004,32.809864068000024],[74.63723019500003,32.810809274000064],[74.63745086500006,32.81290141900007],[74.63799962700006,32.81810415000007],[74.64139231000007,32.82217203400006],[74.64199740200007,32.82289755100004],[74.66146240900008,32.82802819200003],[74.67420946700008,32.83472276800006],[74.68083246300006,32.83820107300005],[74.69528742100005,32.83955183900002],[74.69702001400003,32.83971374400005],[74.70038586600003,32.82702959200003],[74.69458075000006,32.80951597300003],[74.68875513500006,32.798182404000045],[74.68767550200005,32.79608200800004],[74.67776455600006,32.78157083800005],[74.66948309700007,32.76943513100008],[74.66754256300004,32.76659146000003],[74.66778879400005,32.76502394700003],[74.66804351200005,32.76340240700006],[74.66438790000007,32.758311355000046],[74.66188150400006,32.754820779000056],[74.65014029100007,32.71841188600007],[74.65419045200008,32.692450905000044],[74.66205073300006,32.680554880000045],[74.66935243700004,32.674990095000055],[74.67532201700004,32.66625090800005],[74.67595001200004,32.66041356100004],[74.67620932000005,32.65800324600008],[74.66921239500005,32.64593788900004],[74.66503879900006,32.642608919000054],[74.65845343600006,32.637356261000036],[74.64925298800006,32.62586716000004],[74.64490780700004,32.61673925600007],[74.64219712700003,32.611044942000035],[74.64245587900007,32.60748420900006],[74.64317810600005,32.59754297200004],[74.64329397800003,32.59595096800007],[74.64802517000004,32.571869366000044],[74.65088482500005,32.56419570700007],[74.65112224200004,32.56355861800006],[74.65238964200006,32.560157651000054],[74.65999557500004,32.55324582500003],[74.66128852800006,32.552073749000044],[74.66195681000005,32.551467944000024],[74.66310956100006,32.55064289400008],[74.68051159400005,32.538187866000044],[74.68106413900006,32.53630317600005],[74.68302927300005,32.52959907800005],[74.67917572800008,32.51539956600004],[74.67973764400006,32.51242571500006],[74.68049407400008,32.508425534000025],[74.68136615500003,32.50381224000006],[74.68420881200007,32.49812519300008],[74.68673640300005,32.49306924100006],[74.69355764800008,32.48832419300004],[74.69511697800004,32.48723948000003],[74.69841791400006,32.484943257000054],[74.72109834200006,32.48173771100005],[74.72322277500007,32.481715430000065],[74.74357559400005,32.48150197000007],[74.74625716400004,32.48000557800003],[74.74769451400005,32.479203495000036],[74.75256782300005,32.47954949200005],[74.75802455500008,32.47993691200003],[74.76138386500008,32.48217317700005],[74.78109216400003,32.483164963000036],[74.78185965500006,32.48320358600006],[74.79885997400004,32.484059098000046],[74.81857398500006,32.49606225300005],[74.82752402800008,32.49614267900006],[74.83533451700004,32.496212866000064],[74.84460334800008,32.49465438900006],[74.85642351700005,32.49266692700007],[74.86151159400004,32.489477875000034],[74.86886473900006,32.48761454800007],[74.87665468200004,32.48564053500007],[74.88287235100006,32.48181956600007],[74.88522976200005,32.47841114300007],[74.89050777700004,32.47076970300003],[74.89099886900004,32.47005870800007],[74.89965907700008,32.466126416000066],[74.92411721000008,32.46824808500003],[74.93176562600007,32.46770064200007],[74.93310383100004,32.46760485900006],[74.93363198000003,32.467567056000064],[74.93681968400006,32.465368718000036],[74.94357239300007,32.46071092100004],[74.94615581200003,32.45749871700008],[74.94889948600007,32.45408725300007],[74.95883140200004,32.45305150200005],[74.96387559000004,32.45252546800003],[74.96775443700005,32.45059429200006],[74.97311502200006,32.44792539700006],[74.97934609500004,32.44776808300003],[74.98436986600007,32.44882490700007],[74.98787533700005,32.44956233400006],[74.99110926500003,32.45211186300003],[74.99363461200005,32.45410381000005],[74.99999962900006,32.45912294300007],[75.00138692500008,32.46288425200004],[75.00154153900007,32.46330345100006],[75.00280640900007,32.464900123000064],[75.00608960600005,32.46904371100004],[75.01175066500008,32.47618470000003],[75.02098305100003,32.484966421000024],[75.02140949900007,32.48537205200006],[75.03017448100007,32.49175670500006],[75.03111157900008,32.491801758000065],[75.03664426300008,32.492067752000025],[75.06140034600008,32.48201274200005],[75.07160924200008,32.482962255000075],[75.08262677400006,32.48004498300003],[75.09408406300008,32.46954445100005],[75.09818249500006,32.46587430400007],[75.10675102700003,32.45504003900004],[75.10978619300005,32.45403814000008],[75.11888186700008,32.443763760000024],[75.11934368900006,32.44324280700005],[75.12090203700006,32.44148493000006],[75.12116425000005,32.440726883000025],[75.12137175200007,32.44012700400003],[75.12792843000005,32.421171911000044],[75.13960107500003,32.414581404000046],[75.14763572500004,32.41338263400007],[75.15320262000006,32.41474758700008],[75.16040175700005,32.41651275100003],[75.17954261900007,32.425438169000074],[75.18085442100005,32.425298045000034],[75.18852367800008,32.42447883600005],[75.19234466700004,32.419842593000055],[75.19546496100008,32.40530850400006],[75.20024854000008,32.40232245100003],[75.21906975500008,32.40043510800007],[75.22173768200008,32.40016757600006],[75.22385538500004,32.39995521800006],[75.22946754700007,32.39939495900006],[75.23153006500007,32.39918905900004],[75.23272189300008,32.39846661300004],[75.23715838300006,32.395777363000036],[75.24531523400003,32.387815627000066],[75.25330991700008,32.38001218100004],[75.28033500800007,32.367262520000054],[75.28319856800005,32.36408424800004],[75.28906397400004,32.35757421900007],[75.30323612900008,32.349525809000056],[75.31148556600004,32.34484092900004],[75.31750541300005,32.34066669600003],[75.33042015500007,32.33171146300003],[75.33153554800003,32.33008558200004],[75.33393989900003,32.32658082100005],[75.33667056600007,32.32259286900006],[75.33578922800007,32.31574034300007],[75.33432625300003,32.30436550300004],[75.33512076700003,32.30076215500003],[75.33539197200008,32.29953216600006],[75.33550667200007,32.29901196800006],[75.33622855200008,32.295738036000046],[75.33812792400005,32.292047152000066],[75.33991920900007,32.288567261000026],[75.34622918800005,32.28549081800003],[75.34938748500008,32.28395098400006],[75.35594894400003,32.27415790900005],[75.37217578500008,32.27351616900006],[75.37515044200006,32.27196995800006],[75.37664176800007,32.271194775000026],[75.37938517400005,32.26709474000006],[75.38081307500005,32.264960734000056],[75.38117330200004,32.26364624100006],[75.38186689200006,32.261112952000076],[75.37539757800005,32.25256464200004],[75.37487043600004,32.22914446800007],[75.37478771500008,32.22566543900007],[75.37475584000003,32.22432487400005],[75.36394449400007,32.216270389000044],[75.36041619600007,32.214516342000024],[75.35479643200006,32.21172255100004],[75.33400827900005,32.20495436500005],[75.32284697400007,32.20132047800007],[75.31856081000006,32.19486765500005],[75.31719247400008,32.192807232000064],[75.31779491300006,32.17081820800007],[75.31423230500008,32.15918803300008],[75.30940318700004,32.15461101200003],[75.29896407600006,32.149640083000065],[75.29304161500005,32.146819906000076],[75.28802605900006,32.14443158300003],[75.28326540000006,32.14216912400008],[75.27770963100005,32.13576955600007],[75.27725072900006,32.135240957000065],[75.27617271100007,32.12799580700005],[75.27563799900008,32.12440211200004],[75.27481146400004,32.11884713200004],[75.27197274900004,32.112750607000066],[75.24980535200007,32.09545251600008],[75.23916545500003,32.087149786000055],[75.23787138700004,32.08652121800003],[75.23342909000007,32.08436345800004],[75.22776148300005,32.08455663500007],[75.22613409100006,32.087062563000075],[75.22357053100006,32.091010045000075],[75.22495878400008,32.106899646000045],[75.22317082500007,32.111376051000036],[75.22270942200004,32.11253123700004],[75.21188933800005,32.11906409100004],[75.21135905600005,32.11879569600006],[75.20872028100007,32.117467282000064],[75.20500919900007,32.11559914500003],[75.20137158400007,32.105337862000056],[75.20126363900005,32.09777255300003],[75.20117840700004,32.091799123000044],[75.19995636300007,32.089853230000074],[75.19435174000006,32.08092884200005],[75.18945993700004,32.07770093700003],[75.17190395500006,32.06611644700007],[75.15194782200007,32.06677783200007],[75.12800649500008,32.07390466700008],[75.12669406300006,32.074295351000046],[75.12253935400008,32.070590509000056],[75.11104674800004,32.060341735000065],[75.09591676200006,32.05952879500006],[75.08735805300006,32.05476158700003],[75.08274010300005,32.055648234000046],[75.08162790000006,32.05586200500005],[75.07363250200007,32.06281589900004],[75.06055531500004,32.05046981700008],[75.05085093400004,32.04130797800008],[75.04755568700006,32.03993296700003],[75.04588400200004,32.03923542100006],[75.03098975200004,32.04058110900007],[75.02302694400004,32.03904879300006],[75.01733509200005,32.03508310900003],[75.01170312600004,32.031159150000065],[75.01061125000007,32.030398406000074],[75.00492727100004,32.028754768000056],[75.00446114000005,32.02874857300003],[74.99999962900006,32.02868928400005],[74.99927635400007,32.02868004100003],[74.99841165100008,32.02866636500005],[74.98740256700006,32.034661594000056],[74.98702187800006,32.03494834800006],[74.96612693400004,32.05066276700006],[74.96031982900007,32.05503007000004],[74.95373953900008,32.05707498400005],[74.94629651200006,32.05938800500007],[74.93250238700006,32.06031459800005],[74.93195720200004,32.06013619000004],[74.92013580600008,32.05626771100003],[74.91083358600008,32.05041950300006],[74.90904288000007,32.049293705000025],[74.90067951800006,32.04255061200007],[74.89925853300008,32.04140492000005],[74.89490470600003,32.03789457900007],[74.88176567800008,32.027301031000036],[74.87930720100007,32.025623143000075],[74.86693691200003,32.01718053800005],[74.85856496400004,32.01146896400007],[74.85094581200008,32.006270967000034],[74.84804876100003,32.00253374500005],[74.84724324800004,32.00149462600007],[74.83806398400003,32.000613335000025],[74.83168053100007,32.00000091000004],[74.83096370100003,31.99865416700004],[74.82457883300003,31.98665862200005],[74.82345190400008,31.982936816000063],[74.82244734100004,31.97961913300003],[74.81360743000005,31.961142046000077],[74.81086656200006,31.955413113000077],[74.80913980200006,31.95226952300004],[74.80780192900005,31.949833908000073],[74.80688099900004,31.949022179000053],[74.80448845800004,31.946913339000048],[74.79839193300006,31.94405170500005],[74.78455197000005,31.939595544000042],[74.76188808900008,31.936268976000065],[74.73641889200007,31.93713006400003],[74.73388381700005,31.93844149000006],[74.72665462700007,31.94218214700004],[74.71830430400007,31.956832215000077],[74.71778837600004,31.95773737600007],[74.71464994300004,31.957814323000036],[74.70919724200007,31.95794731600006],[74.70845008800006,31.95283709200004],[74.70506140300006,31.930575176000048],[74.70434950200007,31.92832665800006],[74.70326387800003,31.924897746000056],[74.69377537800005,31.91879521000004],[74.68613500900005,31.91388130000007],[74.67857327900003,31.909017968000057],[74.64772067100006,31.884808673000066],[74.64510594600006,31.882174666000026],[74.63884109200006,31.875863611000057],[74.62252383900005,31.863656639000055],[74.61986429300003,31.861667027000067],[74.61037513100007,31.857465658000024],[74.58992810200004,31.848412877000044],[74.58356262100006,31.843108310000048],[74.58138248900008,31.84129153300006],[74.58011186900006,31.838782562000063],[74.57622565400004,31.831108830000062],[74.57612742900005,31.82790668100006],[74.57514759000003,31.826365164000038],[74.57404198800003,31.824625792000063],[74.57302023100004,31.823018329000035],[74.56936156900008,31.82164789500007],[74.56727731700005,31.820867192000037],[74.56520342900006,31.821055796000053],[74.55820456200007,31.82169228600003],[74.54382435700006,31.82229800600004],[74.54184020500003,31.818781539000042],[74.54167977000003,31.812966593000056],[74.54147349700008,31.805530928000053],[74.54009692800008,31.79804979900007],[74.53791773600005,31.786206712000023],[74.53995427700005,31.777435181000044],[74.54066862900004,31.77396966200007],[74.54162738300005,31.76931848600003],[74.54599841500004,31.763090994000038],[74.54547124200008,31.75760672900003],[74.54164048000007,31.756064602000038],[74.53357837400006,31.756944082000075],[74.52551186400007,31.76155212900005],[74.52060059300004,31.761971224000035],[74.51714960600003,31.760422537000068],[74.51774550700003,31.754267076000076],[74.51783233600008,31.751587220000033],[74.51787949200008,31.75014691900003],[74.51807337400004,31.744225139000037],[74.51809431400005,31.74358557200003],[74.51811165400005,31.74305206100007],[74.51809228600007,31.74165109000006],[74.51795628100007,31.738249428000074],[74.51728060800008,31.722910974000058],[74.51978204800008,31.717687926000053],[74.52037614100004,31.716573116000063],[74.52059777200003,31.716157228000043],[74.53022668500006,31.698088678000033],[74.53558060300008,31.689835241000026],[74.54148986800004,31.680725696000025],[74.55055248200006,31.667044416000067],[74.55711426000005,31.657138496000073],[74.57181503700008,31.63394723700003],[74.57580409100007,31.627654293000035],[74.57849793600008,31.623404609000033],[74.57914504200005,31.62200596400004],[74.58346741000008,31.61266366500007],[74.58634942200007,31.60643452900007],[74.59260638200004,31.59230971200003],[74.60088943000005,31.567888608000032],[74.60207273400005,31.560610678000046],[74.60447671000003,31.545684289000064],[74.60580457200007,31.537483757000075],[74.60584667100005,31.536973190000026],[74.60733692200006,31.518892751000067],[74.60989923200003,31.511501105000036],[74.61174069600008,31.506188929000075],[74.63056749100008,31.487345706000042],[74.63425396400004,31.483656015000065],[74.63947955700007,31.471842770000023],[74.64111329800005,31.46470211500008],[74.62534491800005,31.423617358000058],[74.60120438100006,31.404034481000053],[74.59457416500004,31.397093217000076],[74.58610779100007,31.378032149000035],[74.57706810700006,31.35768033800008],[74.57211983100007,31.346539863000032],[74.57121457900007,31.34445308200003],[74.56966184200007,31.340873720000047],[74.56808604000008,31.337241188000064],[74.56792900900007,31.336567939000076],[74.56780118600005,31.336019919000023],[74.56750842100007,31.33477921000008],[74.55187239300005,31.29845428300007],[74.55025488400008,31.294695802000035],[74.55036484000004,31.29249897400007],[74.55161083700006,31.26760494100006],[74.55167257100004,31.26637154000008],[74.55260482200003,31.263092807000078],[74.55311648400004,31.26129328600007],[74.55205551100005,31.253071371000033],[74.54792741600005,31.23985418500007],[74.53720723900005,31.205530709000072],[74.53364493000004,31.193927011000028],[74.53355688400006,31.18970250500007],[74.53313415800005,31.169419766000033],[74.53374684700003,31.16599535100005],[74.53585172800007,31.15423084100007],[74.54417469600008,31.13610170000004],[74.54474767800008,31.134857511000064],[74.54498769400004,31.134331958000075],[74.54531738500003,31.133610049000026],[74.55617457000005,31.123270185000024],[74.55964285800007,31.119913868000026],[74.56418649100004,31.115516924000076],[74.56942825200008,31.112358804000053],[74.57412690400008,31.110009752000053],[74.57985102600003,31.10845323700005],[74.58152000500007,31.107999405000044],[74.58581727000006,31.108633698000062],[74.59088088800007,31.109381109000026],[74.60425591800004,31.119370635000053],[74.61756218900007,31.119049766000046],[74.63687003500007,31.114914475000035],[74.65068053000005,31.11245556500006],[74.66443536500003,31.10667336100005],[74.67041762100007,31.101275456000053],[74.67177597100005,31.10004979100006],[74.67219719600007,31.099259158000052],[74.67897870100006,31.086500826000076],[74.68224771100006,31.07871033500004],[74.68385453200005,31.074881064000067],[74.68595946100004,31.06862695800004],[74.68714835900005,31.06509453700005],[74.68569789600008,31.061463470000035],[74.68247290600004,31.058837879000066],[74.67995498300007,31.05678793900006],[74.66904102800004,31.056637692000038],[74.66211724500005,31.05654237600004],[74.65901815800004,31.054627450000055],[74.65641034700008,31.053016083000045],[74.65442233500005,31.049551300000076],[74.65161039800006,31.04465055000003],[74.64916131000007,31.026835731000062],[74.63912922000003,31.021119011000053],[74.63315950900005,31.02171181700004],[74.62692962100004,31.022330458000056],[74.61778156000008,31.027366149000045],[74.60511702700006,31.03890436300003],[74.60154462800006,31.04226546600006],[74.59736704100004,31.04619596400005],[74.59488592500003,31.049175973000047],[74.59249833400008,31.052043651000076],[74.58112911900008,31.06045959100004],[74.57170073600008,31.06743885000003],[74.55839446400006,31.067527253000037],[74.55537347200004,31.06452024600003],[74.55493273700006,31.06408278500004],[74.55344390300007,31.062599611000053],[74.54422053500008,31.01514690500005],[74.54433757700008,31.012975883000024],[74.54455450100005,31.00895215500003],[74.54847694200004,30.99284329900007],[74.54173215700007,30.98724106000003],[74.53602217000008,30.983993663000035],[74.53360827900008,30.982620761000078],[74.51757852400004,30.97176728100004],[74.51468771200007,30.970456632000037],[74.50219642100006,30.964793275000034],[74.49144073700006,30.969400048000068],[74.48509210000003,30.97046743100003],[74.47058954700003,30.965988990000028],[74.46933301700005,30.964454130000036],[74.46782734300007,30.962612671000045],[74.46539720200008,30.96187107800006],[74.46434034000004,30.961548562000075],[74.44639455400005,30.948897126000077],[74.42867141200003,30.934405601000037],[74.42069878200004,30.925876360000075],[74.41988586600007,30.91815722800004],[74.41920575500006,30.911699156000054],[74.41610811600003,30.906041396000035],[74.41292587600003,30.90634259600006],[74.40248419600005,30.90470678400004],[74.39503778300008,30.903540126000053],[74.38272155600004,30.89166771600003],[74.37834340300003,30.890211297000064],[74.37627469400007,30.889523128000064],[74.37412112800007,30.888698567000063],[74.36552555700007,30.885407482000062],[74.36259655900005,30.88049508900008],[74.36188466800007,30.87930113500005],[74.36221208600006,30.872415532000048],[74.36918610200007,30.862954995000052],[74.37114732600008,30.86029451400003],[74.37128519200007,30.859084954000025],[74.37198551000006,30.852940757000056],[74.37056234800008,30.85181026500004],[74.36300771200007,30.845809537000036],[74.35875782500005,30.84590448800003],[74.35124754000003,30.84993226000006],[74.34407967200008,30.852420109000036],[74.33648684600007,30.84731566000005],[74.32533179100005,30.84733530500006],[74.32347115200008,30.846103140000025],[74.31964118500008,30.843566723000038],[74.31811540000007,30.827785152000047],[74.30650492100006,30.813981246000026],[74.30050687100004,30.806850057000077],[74.29826328200005,30.802221804000055],[74.29457097900007,30.794604246000063],[74.29959992300007,30.78509312400007],[74.29622751600004,30.778518569000028],[74.28756052200004,30.772749463000025],[74.28024690100006,30.772760076000054],[74.26499856800007,30.772782204000066],[74.26446612200004,30.771876183000074],[74.26209366800003,30.768138410000063],[74.26525881400005,30.76384845800004],[74.26628840500007,30.76243906600007],[74.27369787700007,30.743252365000046],[74.28246284000005,30.734575654000025],[74.28232192000007,30.733641357000067],[74.28180802300005,30.730234221000046],[74.28081949900007,30.729832181000063],[74.27966343400004,30.729363289000048],[74.27243573500004,30.730689167000037],[74.26831146300003,30.73144544200005],[74.25400695200005,30.723044120000054],[74.24344196100003,30.72234297400007],[74.24098226000007,30.722179736000044],[74.23215506800005,30.719622601000026],[74.22837322800007,30.71534530200006],[74.22200838100008,30.708146596000063],[74.20818478900003,30.688269043000048],[74.19683975100008,30.671773719000043],[74.19070984300004,30.66467316300003],[74.18614955000004,30.659390767000048],[74.18323552900006,30.65945297600007],[74.17599633000003,30.65343987700004],[74.16958628700007,30.648115500000074],[74.16175827200004,30.641612235000025],[74.15093245900005,30.632621063000045],[74.14394506800005,30.629101309000077],[74.13594121200003,30.628835885000058],[74.13491035800007,30.628801700000054],[74.13120938600008,30.628678969000077],[74.12139802700005,30.620592656000042],[74.11628789300005,30.616380993000064],[74.10420989600004,30.612881025000036],[74.10118217400003,30.608867175000057],[74.10034963700008,30.607763480000074],[74.10092261800008,30.599984026000072],[74.09725103400007,30.584711206000065],[74.09596223400007,30.579350138000052],[74.09613679200004,30.576980639000055],[74.09710752800004,30.563794354000038],[74.08893034600004,30.561961619000044],[74.08030837500007,30.560029195000027],[74.07749300500006,30.556760437000037],[74.07565248900005,30.554623523000032],[74.07581310400008,30.550720580000075],[74.08439782700003,30.545043269000075],[74.08461795300008,30.54269584800005],[74.08480709900005,30.540678786000058],[74.07761372400006,30.529363216000036],[74.06651425000007,30.52018896100003],[74.06022136300004,30.521248575000072],[74.05570290400004,30.522009405000063],[74.04767461300008,30.528593784000066],[74.04229811000005,30.53516822000006],[74.04171682200007,30.535879025000042],[74.04023869200006,30.53768612600004],[74.03197491500003,30.535790433000045],[74.02561318100004,30.525371989000064],[74.00302831900007,30.512702141000034],[73.98851671000006,30.50456129500003],[73.98448490600003,30.50122135500004],[73.98365127700004,30.50053077800004],[73.97947035800007,30.495784464000053],[73.97273188300005,30.488134729000024],[73.96996758600005,30.482518232000075],[73.96881923700005,30.480185017000053],[73.96653058400005,30.463489968000033],[73.96267687300008,30.457606265000038],[73.95720523200004,30.45788226800005],[73.95527722400004,30.457979522000073],[73.95049175300005,30.460435963000066],[73.94691496600007,30.462271973000043],[73.93528834900007,30.462956277000046],[73.93228574300008,30.458460484000057],[73.93663076300004,30.442983772000048],[73.93161144400005,30.433223439000074],[73.93034433600008,30.424988874000064],[73.92893747900007,30.422684220000065],[73.92785595800007,30.42091251800008],[73.92016490700007,30.420143086000053],[73.90342063800006,30.41679995000004],[73.90120085100006,30.412710695000044],[73.89430178500004,30.40336680000007],[73.89352317400005,30.402312272000074],[73.88940995300004,30.39896658500004],[73.88860347000008,30.398310623000043],[73.88178780100003,30.39276701700004],[73.87975169100008,30.391110923000042],[73.87321315100007,30.383436242000073],[73.87150049300004,30.377220015000034],[73.87088848300004,30.374998678000054],[73.87125519100005,30.368571460000055],[73.87440703500005,30.362978657000042],[73.87530535300004,30.361384633000057],[73.87976151300006,30.359921074000056],[73.89330352600007,30.351866589000053],[73.92113406500005,30.334130350000066],[73.92144355400006,30.33347169500007],[73.92189040000005,30.332512905000044],[73.92426646400008,30.32961173600006],[73.92478634200006,30.328976966000027],[73.92694246200006,30.326344348000077],[73.93088847600006,30.32152985600004],[73.94366370400007,30.305942926000057],[73.94623461700007,30.300503166000055],[73.94792996200005,30.29691600900003],[73.95317230000006,30.285259171000064],[73.95667202500005,30.277477196000063],[73.95839979400006,30.270234172000073],[73.96453006000007,30.244529113000056],[73.96662203200003,30.22421903600008],[73.96686053000008,30.22190355500004],[73.96895675300004,30.20155221300007],[73.96663599000004,30.19512390600005],[73.96525692800003,30.19130402600007],[73.95762623100006,30.185488527000075],[73.94657736200008,30.177067975000057],[73.94560201900003,30.176324648000048],[73.93190612000006,30.16718968300006],[73.93084146000007,30.166563068000073],[73.91342009400006,30.156309579000038],[73.90586983300005,30.14980378200005],[73.85851955500004,30.116642614000057],[73.85135799300008,30.111626831000024],[73.84853876000005,30.108316069000068],[73.84809046100008,30.107789609000065],[73.84708903000006,30.10731693300005],[73.84249151100005,30.10514722700003],[73.82149418800003,30.087879196000074],[73.81444487600004,30.07998514600007],[73.80390870900004,30.069858245000034],[73.78795020300004,30.06396130400003],[73.77680816500003,30.061184798000056],[73.77040714200007,30.05809069700007],[73.71658288000003,30.045079102000045],[73.71156356000006,30.044479927000054],[73.70090469100006,30.041851757000074],[73.62916537400008,30.024160190000032],[73.61802020900006,30.022510172000068],[73.57821599000005,30.010117397000045],[73.55829587300008,30.00288473100005],[73.55344315100007,30.00109142200006],[73.55049022500003,30.00000017800005],[73.52761603700003,29.99153429900008],[73.46694294800005,29.969078812000078],[73.40828599500003,29.94754124900004],[73.39652186300003,29.939012008000077],[73.39257892500007,29.92502986900007],[73.39027472600003,29.916858899000033],[73.38776576900005,29.910116475000052],[73.38479529500006,29.90213569900004],[73.38136240500006,29.892911539000067],[73.38100427900008,29.890611791000026],[73.38015095800006,29.885132085000066],[73.37909012300008,29.884460878000027],[73.37802274000006,29.883789671000045],[73.37782141500003,29.880971113000044],[73.37764620900003,29.878518239000073],[73.37004028700005,29.853634464000038],[73.35458168000008,29.802630152000063],[73.35411010300004,29.801074224000047],[73.34664953800007,29.776458743000035],[73.34269743100003,29.76275911600004],[73.33602809400008,29.744964396000057],[73.33612513000008,29.74003499400004],[73.33615889800006,29.738311031000023],[73.33451531200006,29.736010011000076],[73.33291762200008,29.733773245000066],[73.33067480800008,29.72646527300003],[73.32615059300008,29.712461346000055],[73.32366806100003,29.70477709800008],[73.32321290500005,29.70327427600006],[73.31699278600007,29.682736861000024],[73.31018170900006,29.66024823600003],[73.30147101000006,29.63325879000007],[73.29928349500005,29.626480941000068],[73.28586436700004,29.584902783000075],[73.27791247700003,29.564224569000032],[73.27481073200005,29.55615874700004],[73.25823355300008,29.526121411000076],[73.25504450100004,29.523875323000027],[73.25172448200004,29.51520529100003],[73.24835779900008,29.509382266000046],[73.23844112900008,29.492230363000033],[73.23387018300008,29.487309707000065],[73.23255111900005,29.485888534000026],[73.23033098300004,29.479267880000066],[73.21834242600005,29.458951957000068],[73.21435625400005,29.452196952000065],[73.20971693500007,29.44476012100006],[73.19733378700005,29.424909927000044],[73.18351006800003,29.401936102000036],[73.17597957800007,29.389421079000044],[73.17313445500008,29.385132533000046],[73.13201060100005,29.318679124000028],[73.13088100900006,29.314334286000076],[73.11762427300005,29.292688760000033],[73.09827344000007,29.261092828000073],[73.09815147100005,29.260674695000034],[73.09702229800007,29.256809506000025],[73.09660360800007,29.255376108000064],[73.04433923600004,29.198036311000067],[73.04401404400005,29.197636399000032],[73.03366075200006,29.18531845700005],[73.02612120700007,29.17761093400003],[73.01109506400007,29.16228602700005],[73.00573853600008,29.15677414700008],[73.00093203800003,29.15086425000004],[73.00033771600005,29.148553192000065],[72.99981554300007,29.146522686000026],[72.99651649800006,29.139909833000047],[72.96522382000006,29.077205],[72.96379563700003,29.072923858000024],[72.96248005600006,29.068980257000078],[72.94441967400007,29.034097133000046],[72.93621785000005,29.027545496000073],[72.91861585300006,29.020650071000034],[72.91495531900006,29.020237524000038],[72.88593257900004,29.00913379700006],[72.87136942100005,29.003562120000026],[72.84722233600007,28.99490518600004],[72.78109042800008,28.96974637900007],[72.77370429800004,28.96673743300005],[72.75641620000005,28.959694643000034],[72.74585429200005,28.955839923000042],[72.73019328400005,28.95012421200005],[72.72342120100006,28.94521938300005],[72.72176226800008,28.944017864000045],[72.70677961600006,28.935691622000036],[72.70471941400007,28.934874394000076],[72.69890521000008,28.932568053000068],[72.68603440500004,28.925819966000063],[72.68229165100007,28.92305167300003],[72.67655237700006,28.918806671000027],[72.64379322900004,28.900353885000072],[72.62295429700004,28.88861559600008],[72.61978135200008,28.88521029900005],[72.61928881600005,28.88524611200006],[72.61613391400005,28.88547550800007],[72.61191676900006,28.881618523000043],[72.60044961700004,28.87600369200004],[72.58804471500008,28.869929696000042],[72.57699435400008,28.862235371000054],[72.55862292500007,28.85232115100007],[72.55416952900003,28.851112468000053],[72.55208438600005,28.850546545000043],[72.54339470900004,28.843290960000047],[72.53572939100007,28.839466025000036],[72.53527146600004,28.839237524000055],[72.52161427500005,28.831441383000026],[72.50640956000007,28.82276184500006],[72.49904340800003,28.819001858000036],[72.49000294000007,28.814387021000073],[72.47285575300003,28.805634604000034],[72.44088473700003,28.795365288000028],[72.41795428600005,28.787999865000074],[72.41646516700007,28.787594556000045],[72.41142229500008,28.786221985000054],[72.39683045100003,28.775139334000073],[72.39618753000008,28.77465102900004],[72.34286012700005,28.717920254000035],[72.32981988100005,28.703837042000032],[72.30195660100003,28.664815352000062],[72.29344244400005,28.641008251000073],[72.28550711500003,28.618819658000064],[72.27961686400005,28.60142066000003],[72.25341686700006,28.52703126700004],[72.25174855900008,28.520341878000067],[72.24936015700007,28.510765136000032],[72.24437696400008,28.50575575000005],[72.24324726100008,28.49635546500008],[72.23913844900005,28.48452755900007],[72.23577230600006,28.47483754700005],[72.22850483500008,28.454634617000067],[72.20884544100005,28.39998322100007],[72.19505227300004,28.376271474000077],[72.18442659900006,28.35800494600005],[72.15668350400006,28.337295351000023],[72.15142936500007,28.33337311200006],[72.15062068000003,28.329706200000032],[72.14067044400008,28.31875733800007],[72.12420786200005,28.303948218000073],[72.10070740600008,28.28657404100005],[72.08821151500007,28.277335674000028],[72.05902219200004,28.257323880000058],[72.02079602400005,28.228735853000046],[72.01914266700004,28.22749936500003],[72.01773520400008,28.226256746000047],[71.99202590000004,28.20355855300005],[71.97907876100004,28.18820143000005],[71.96929980900006,28.176602221000053],[71.92227274700008,28.113967138000078],[71.92195331400006,28.107142882000062],[71.92166047600006,28.100886785000057],[71.91633118600004,28.07128142600004],[71.91092771000007,28.04126394900004],[71.90567612800004,28.00562042300004],[71.89957285000008,27.964196276000052],[71.89874932700008,27.963674576000074],[71.89022833800004,27.958276557000033],[71.88580243200005,27.957006085000046],[71.87929320100005,27.955137587000024],[71.86822584100008,27.951960661000044],[71.83327395900005,27.941571685000042],[71.74887866900008,27.911180737000052],[71.74816089200004,27.91094068600006],[71.74591226100006,27.910188660000074],[71.73432665600006,27.906325578000065],[71.72507537300004,27.903240848000053],[71.69635098300006,27.891872891000048],[71.67488217800008,27.885524254000075],[71.63504546000007,27.881660663000048],[71.58548721400007,27.876854223000066],[71.51135975600005,27.873606236000057],[71.46105525400003,27.871315911000067],[71.41966959000007,27.869431655000028],[71.38929958300008,27.867916709000042],[71.35252268600004,27.866082168000048],[71.34323056000005,27.86494602700003],[71.27157095300004,27.852892216000043],[71.24948748400004,27.84917757100004],[71.24406544000004,27.84941003800003],[71.23392986500005,27.84647867800004],[71.22108396300007,27.842763450000064],[71.16868724500006,27.820954131000065],[71.15488356900005,27.81484633900004],[71.10580057600004,27.793128533000072],[71.09945478400005,27.790320445000077],[71.08663954200006,27.784650012000043],[71.04728269100008,27.768242963000034],[71.01599253900008,27.75519875300006],[70.97224213800007,27.737207598000055],[70.93249437400004,27.720862417000035],[70.90576935400003,27.71073232400005],[70.88534616800007,27.705843749000053],[70.86549480800005,27.70511033200006],[70.84614444200008,27.70896730900006],[70.84412694200006,27.709128107000026],[70.81829094100004,27.711187212000027],[70.81532876000006,27.71150873600004],[70.80384198000007,27.71275554500005],[70.76721044200008,27.714945972000066],[70.76232955700004,27.716102985000077],[70.75766620500008,27.717208431000074],[70.75491119400004,27.72136193800003],[70.75143543800004,27.726602056000047],[70.73795271100005,27.742167109000036],[70.72575276200007,27.76025736300005],[70.72286531400005,27.766297851000047],[70.72158800400007,27.76896995900006],[70.71887884100005,27.771909269000048],[70.71484319100006,27.776287753000076],[70.71431604800006,27.77949972500005],[70.70521382500004,27.793932315000063],[70.70385566900006,27.79809166900003],[70.70311834900008,27.800349710000035],[70.70099948700005,27.80349428100004],[70.69818088400007,27.80767732700008],[70.68935369200005,27.819353056000068],[70.68714128300007,27.823337511000034],[70.67841465300006,27.83905380300007],[70.67699897100005,27.845444550000025],[70.67577238900003,27.850981645000047],[70.67451917600005,27.85903501100006],[70.67284527100003,27.869791815000042],[70.67210530700004,27.91431740200005],[70.66137495600003,27.929541318000076],[70.66069806000007,27.93050167900003],[70.64642791800003,27.944074733000036],[70.62825747400007,27.961357561000057],[70.59876365200006,27.988343361000034],[70.56750734500008,28.015555267000025],[70.56262979000007,28.019801692000044],[70.55250625400004,28.023778649000064],[70.53033326800005,28.032489144000067],[70.52166532200005,28.03378082100005],[70.50983362100004,28.035543954000048],[70.48973990800005,28.03436486700008],[70.47908906100008,28.03373988100003],[70.45971573200006,28.029503091000038],[70.44794973400008,28.026082840000072],[70.43235667600004,28.021550105000074],[70.42119800400008,28.019547818000035],[70.40859921800006,28.017287121000038],[70.36616583200004,28.00825038200003],[70.33646246200004,27.983114494000063],[70.33378985200005,27.97862745200007],[70.33289360500004,27.977122743000052],[70.32323249600006,27.96639360000006],[70.32187598600007,27.964887128000044],[70.30290865500007,27.946171909000043],[70.30195744500003,27.945477522000033],[70.28133507600006,27.930423099000052],[70.20759724600003,27.885383465000075],[70.20716922800005,27.884898858000042],[70.19091943500007,27.866500615000064],[70.18127283000007,27.855578595000054],[70.18050812500007,27.854901706000078],[70.14131164600008,27.874526978000063],[70.12357330300006,27.88200950600003],[70.11854553200004,27.882341385000075],[70.10491180400004,27.885114670000064],[70.09739685100004,27.886940002000074],[70.09052276600005,27.888391495000064],[70.08596038800005,27.889938354000037],[70.07616424600008,27.894393921000074],[70.06916046100008,27.895391464000056],[70.06643676800007,27.897472382000046],[70.04784393300008,27.91311645500008],[70.04332733200005,27.91984367400005],[70.04058837900004,27.922460556000033],[70.03514862100008,27.927133560000073],[70.02610778800005,27.93012046800004],[70.01938629200004,27.931766510000045],[70.00082397500006,27.937433243000044],[69.99427795400004,27.94246673600003],[69.99166107200006,27.944425583000054],[69.98780822800006,27.949056625000026],[69.98208618200005,27.95735168500005],[69.98117862800007,27.958469584000056],[69.97787475600006,27.96254348800005],[69.97390747100008,27.966917038000076],[69.97228241000005,27.971035004000044],[69.97015380900007,27.97743415800005],[69.96786499000007,27.980718612000032],[69.96379089400006,27.984859467000035],[69.96290954900007,27.985753775000035],[69.95848846500007,27.990240097000026],[69.95231628400006,27.99673271200004],[69.94739532500006,28.00271225000006],[69.94528961200007,28.004808426000068],[69.93881988500004,28.010307312000066],[69.93045806900005,28.01817703200004],[69.92272949200003,28.02544212300006],[69.91748616300004,28.032177827000055],[69.91609954800003,28.033958435000045],[69.91357895500005,28.037039117000063],[69.90706634500003,28.04499435400004],[69.89810180700005,28.055944443000044],[69.88355255100004,28.07567405700007],[69.87879279300006,28.080198507000034],[69.87673187300004,28.084127426000066],[69.87498474100005,28.090345383000056],[69.87322235100004,28.09403228800005],[69.87169647200005,28.096067429000072],[69.86941593700004,28.099393500000076],[69.86515808100006,28.104574203000027],[69.84745025600006,28.131576538000047],[69.84511566200007,28.13324546800004],[69.84464263900003,28.13431358300005],[69.84464263900003,28.13578224200006],[69.84568786600005,28.13989448500007],[69.84648904200003,28.14372998500005],[69.84771728500004,28.149559021000073],[69.84767150900007,28.15260887100004],[69.84683990500008,28.155653],[69.84593963600008,28.158050537000065],[69.84294128400006,28.163782120000064],[69.84268951400003,28.165502548000063],[69.84386444100005,28.169807434000063],[69.84342193600008,28.17009925800005],[69.84167480500008,28.17022705100004],[69.84129333500005,28.170022964000054],[69.83916473400006,28.166473389000032],[69.83861541700003,28.166244507000044],[69.83819580100004,28.166318894000028],[69.83765411400003,28.166650772000025],[69.83760070800008,28.167535782000073],[69.83769989000007,28.169696808000026],[69.83873748800005,28.173004150000054],[69.84236145000006,28.17994499200006],[69.84691619900008,28.18221664400005],[69.84749603300008,28.18378639200006],[69.85009765600006,28.186182022000025],[69.85358428900008,28.191205978000028],[69.85707855200008,28.194704056000035],[69.85763549800004,28.197050095000066],[69.85687255900007,28.197937012000068],[69.85529327400008,28.200391769000078],[69.85231781000005,28.20355796800004],[69.85164642300003,28.206245422000052],[69.85158538800005,28.206848145000038],[69.84596252400007,28.212482452000074],[69.84506225600006,28.21344375600006],[69.84436798100006,28.21514129600007],[69.84364318800004,28.21924018900006],[69.84364318800004,28.22093772900007],[69.84268951400003,28.22211647000006],[69.84243011500007,28.224187851000067],[69.84251403800005,28.226234436000027],[69.84208679200003,28.227315903000033],[69.83766937200005,28.230602264000026],[69.83614349400005,28.232116699000073],[69.83482360800008,28.234161377000078],[69.83326721200007,28.236566544000027],[69.83274483000008,28.23755183800006],[69.83220660400008,28.239607290000038],[69.83164978000008,28.24112892100004],[69.83187866200007,28.242937088000076],[69.83248138400006,28.24509811400003],[69.83268737800006,28.246131897000055],[69.83239746100003,28.247581482000044],[69.83306121800007,28.24961090100004],[69.83634948700006,28.252889633000052],[69.83651733400006,28.253664017000062],[69.83615112300004,28.254684448000035],[69.83473205600006,28.256534576000035],[69.83135986300005,28.259279251000066],[69.83114624000007,28.260002136000026],[69.83145904500003,28.26078224200006],[69.83233642600004,28.262002945000063],[69.83461761500007,28.264863968000043],[69.83642578100006,28.26735115100007],[69.83671569800003,28.268774033000057],[69.83640289300007,28.26936531100006],[69.83538055400004,28.26959800700007],[69.83436584500004,28.269571304000067],[69.83211517300003,28.268915176000064],[69.82941436800007,28.26872062700005],[69.82596588100006,28.269147873000065],[69.82231140100004,28.27008438100006],[69.82011413600003,28.27109527600004],[69.81828308100006,28.272462845000064],[69.81626129200004,28.275156021000043],[69.81547546400003,28.277183533000027],[69.81531231900004,28.278250207000042],[69.814888,28.28042411800004],[69.81453704800003,28.283786774000077],[69.81356048600003,28.287233353000033],[69.81223297100007,28.295413971000073],[69.81195831300005,28.296014786000057],[69.81114959700005,28.297798157000045],[69.81018829300007,28.302515030000052],[69.81048584000007,28.305826187000036],[69.81111908000008,28.30686569200003],[69.81276702900004,28.308559418000073],[69.81273651100008,28.309564590000036],[69.81238555900006,28.31160354600007],[69.81271362300004,28.312795639000058],[69.81492614800004,28.31578445400004],[69.81555938700006,28.31738090500005],[69.81797027600004,28.320816040000068],[69.81758117700008,28.321380615000066],[69.81587982200006,28.322595596000042],[69.81499481200007,28.323881149000044],[69.81497192400008,28.32456207300004],[69.81624347500008,28.326175946000035],[69.81712232100006,28.32757266300007],[69.81868743900003,28.33017540000003],[69.81978607200006,28.332572937000066],[69.82076263400006,28.33747863800005],[69.82069397000004,28.339593887000035],[69.81967926000004,28.34225273100003],[69.81664276100008,28.345790863000047],[69.81602478000008,28.347391129000073],[69.81565094000007,28.349035263000076],[69.81572723400006,28.350355148000062],[69.81649017300003,28.354360580000048],[69.81649017300003,28.35554313700004],[69.81593322800006,28.358066559000065],[69.81507110600006,28.359445572000027],[69.81294250500008,28.36192703300003],[69.81190490700004,28.36236572300004],[69.80955521300007,28.362601317000042],[69.80526733400006,28.361965179000038],[69.80130767800006,28.36272621100005],[69.79907226600005,28.363723755000024],[69.79683685300006,28.36565971400006],[69.79644012500006,28.366828919000056],[69.79597473200005,28.371234894000054],[69.79534149200003,28.371793747000027],[69.79420471200007,28.371871948000035],[69.79372406000005,28.37164497400005],[69.79351043700007,28.370883942000034],[69.79325866700003,28.36808204600004],[69.79247283900008,28.367841721000048],[69.79190063500005,28.367898941000078],[69.79126739500003,28.36874389600007],[69.79031372100008,28.370517731000064],[69.78994751000005,28.37183761600005],[69.78992462200006,28.372797012000035],[69.79028320300006,28.374279022000053],[69.79145050000005,28.375745773000062],[69.79338073700006,28.37761497500003],[69.79430389400005,28.37988281300005],[69.79264068600008,28.380434036000054],[69.78699493400006,28.38075828600006],[69.78490448000008,28.380058288000043],[69.78417205800008,28.380039215000068],[69.78003692600004,28.38122749300004],[69.77098846400008,28.383041382000044],[69.76792907700008,28.384071350000056],[69.76438140900007,28.38451957700005],[69.76284027100007,28.38448143000005],[69.76190185500008,28.384708405000026],[69.76103973400006,28.38633918800008],[69.75926971400008,28.39090728700006],[69.75704631200006,28.39374970500006],[69.75423431400003,28.397344589000056],[69.75260162400008,28.400348663000045],[69.75192260800003,28.401084900000058],[69.75149536100008,28.401935577000074],[69.75138881000004,28.40293246500005],[69.74967508900005,28.40422484800007],[69.74851226800007,28.405101776000038],[69.74202728300008,28.410303116000023],[69.73502349900008,28.416334152000047],[69.73217010500008,28.419073105000052],[69.73094135600007,28.419678316000045],[69.72607421900005,28.42164611800007],[69.71607208300003,28.424291611000058],[69.71144104000007,28.42539405800005],[69.70045471200007,28.42674827600007],[69.69460296600005,28.428289413000073],[69.68709564200003,28.429906845000062],[69.68610471400007,28.42995026500006],[69.68148040800008,28.43015289300007],[69.67536926300005,28.429536819000077],[69.67493031400005,28.429448755000067],[69.66802978500004,28.428064346000042],[69.65921272100007,28.427769547000025],[69.65679168700007,28.427688599000078],[69.64702606200007,28.42838287400008],[69.63896942100007,28.429718018000074],[69.62701416000004,28.432147980000025],[69.61969757100007,28.434555054000043],[69.61311340300006,28.436527252000076],[69.60677337600004,28.43914604200006],[69.60594619500006,28.439543593000053],[69.60482788100006,28.440448761000027],[69.60483551000004,28.44195938100006],[69.60558319100005,28.444112778000033],[69.61000824000007,28.44883918800008],[69.61541748000008,28.454423904000066],[69.62058258100006,28.459579468000072],[69.625,28.463010788000076],[69.62599182100007,28.464946747000056],[69.62599945100004,28.46624183700004],[69.62454223600008,28.467544556000064],[69.61502075200008,28.469530106000036],[69.59572601300005,28.472854614000028],[69.57863616900005,28.475517273000037],[69.56831278800007,28.47628818100003],[69.56471252400007,28.476655960000073],[69.53837585400004,28.481590271000073],[69.52127838100006,28.484462738000047],[69.51199340800008,28.48492813100006],[69.50441741900005,28.484956741000076],[69.48485565200008,28.484165192000034],[69.47556304900007,28.483764648000033],[69.46945190400004,28.482707977000075],[69.46284484900008,28.480571747000056],[69.45683584300008,28.47927830200007],[69.44670105000006,28.477821350000056],[69.43715667700008,28.475261688000046],[69.43347930900006,28.473762512000064],[69.43103027300003,28.47247505200005],[69.42882537800006,28.470109940000043],[69.42710113500004,28.46666145300003],[69.42488098100006,28.46149063100006],[69.42118835400004,28.455028534000064],[69.41848754900008,28.451368332000072],[69.41816388600006,28.45101318500008],[69.41652679400005,28.449216843000045],[69.41358947800006,28.448146820000034],[69.40433566500008,28.447328293000055],[69.39405822800006,28.446418762000064],[69.37768554700006,28.445600510000077],[69.36376190200008,28.445636749000073],[69.35324859600007,28.466457367000032],[69.34796905500008,28.483848572000056],[69.34462738000008,28.493551254000067],[69.34038543700007,28.501216888000044],[69.33840942400008,28.51215171800004],[69.33274841300005,28.523046494000027],[69.32756042500006,28.533136368000044],[69.32131958000008,28.54354667700005],[69.32193756100008,28.54961204500006],[69.32469177200005,28.554906845000062],[69.33279418900008,28.558368683000026],[69.34404754600007,28.56406593300005],[69.35775756800007,28.571100235000074],[69.37242889400005,28.57530403100003],[69.38659668000008,28.582746506000035],[69.39804840100004,28.586509705000026],[69.41134643600003,28.590288162000036],[69.42092132600004,28.59768295300006],[69.42949676500007,28.611558914000057],[69.43941497800006,28.628692627000078],[69.45117950400004,28.645843506000062],[69.46247863800005,28.664205551000066],[69.46927642800006,28.67359924300007],[69.48439850900007,28.701897549000023],[69.48711395300006,28.706146240000066],[69.49573516800007,28.717988968000043],[69.50390625000006,28.72861099200003],[69.51387786900005,28.74371337900004],[69.52430725100004,28.758817673000067],[69.53291320800008,28.773094177000075],[69.53555297900004,28.784479141000077],[69.53775787400008,28.79342460600003],[69.53767395000006,28.80113410900003],[69.53530120800008,28.80760765100007],[69.53198242200006,28.815288544000055],[69.52541351300005,28.825729370000033],[69.52166748000008,28.83056831400006],[69.51795196500007,28.832969666000054],[69.51191711400003,28.83657074000007],[69.50405120800008,28.83812522900007],[69.49620056200007,28.839273453000033],[69.49065399200003,28.84003639200006],[69.48648071300005,28.841621399000076],[69.48460388200004,28.84444618200007],[69.48317718500005,28.848491669000055],[69.48313903800005,28.851737976000038],[69.48307800300006,28.856607437000036],[69.48760986300005,28.863952637000068],[69.48800659200003,28.869638443000042],[69.48878479000007,28.88222503700007],[69.48873138400006,28.88669014000004],[69.48960113500004,28.891567230000078],[69.49277496300004,28.896465302000024],[69.50008392300003,28.90302276600005],[69.50741577100007,28.90795898400006],[69.51430511500007,28.911264420000066],[69.52302551300005,28.915803909000033],[69.52990722700008,28.919921875000057],[69.53587341300005,28.923625946000072],[69.54181671100008,28.928546906000065],[69.54589843700006,28.935480118000044],[69.54952240000006,28.942409515000065],[69.55221557600004,28.94933319100005],[69.55541992200006,28.95179557800003],[69.55911254900008,28.952636719000054],[69.56557464600007,28.95269012500006],[69.57434082000003,28.95397949200003],[69.58119964600007,28.96012496900005],[69.58635711700003,28.970634460000042],[69.58858490000006,28.978364944000077],[69.59082031200006,28.986093521000043],[69.59396362300004,28.99423599200003],[69.59852600100004,29.00036048900006],[69.60493469200003,29.00650024400005],[69.60890139100007,29.011509097000044],[69.61357116700003,29.020368576000067],[69.61768341100003,29.025270462000037],[69.62362670900006,29.031406403000062],[69.62821960400004,29.03509521500007],[69.63415527300003,29.042446136000024],[69.63916778600003,29.049791336000055],[69.64280700700004,29.055906296000046],[69.64691162100007,29.061214447000054],[69.65057373000008,29.065708160000042],[69.65608978300008,29.068996429000038],[69.66484069800003,29.07271575900006],[69.67498016400003,29.07603645300003],[69.68560028100006,29.07855033900006],[69.69342041000004,29.082666397000025],[69.70217895500008,29.086381912000036],[69.70630645800003,29.089658737000036],[69.70812225300006,29.093324661000054],[69.70992279100005,29.099020004000067],[69.71091461200007,29.10710525500008],[69.71268463100006,29.11564254800004],[69.71679687500006,29.121759415000042],[69.72411346400008,29.131147385000077],[69.73003387500006,29.142147064000028],[69.73459625200007,29.14989090000006],[69.73961639400005,29.157232285000077],[69.74509429900007,29.166200638000078],[69.75012207000003,29.173946381000064],[69.75191497800006,29.18045425400004],[69.75233459500004,29.185733795000033],[69.75045013400006,29.18896865800008],[69.74811554000007,29.191793442000062],[69.74622345000006,29.19584083600006],[69.74338531500007,29.20312881500007],[69.74238586400003,29.21124076800004],[69.74365234400005,29.224645615000043],[69.74401855500008,29.236421585000073],[69.74718475300006,29.244562149000046],[69.75175476100003,29.25230598400003],[69.76076507600004,29.268516541000054],[69.76717376700003,29.277490616000023],[69.76897430400004,29.284404755000025],[69.76843261700003,29.29333114600007],[69.76654052700007,29.29778480500005],[69.76374816900005,29.298578262000035],[69.75817871100003,29.299354553000057],[69.75216674800004,29.298095703000058],[69.74569702100007,29.295209885000077],[69.73647308300008,29.290275574000077],[69.72865295400004,29.283321381000064],[69.72083282500006,29.27677154500003],[69.71254730200008,29.270624161000057],[69.70471954300007,29.265291214000058],[69.70104217500005,29.261611938000044],[69.69874572800006,29.259565353000028],[69.69505310100004,29.257915497000056],[69.69042205800008,29.257474899000044],[69.68670654300007,29.25866699200003],[69.68436431900005,29.261085510000044],[69.68247222900004,29.26513099700003],[69.68241119400005,29.271221161000028],[69.68278503400006,29.28096580500005],[69.68222808800004,29.29111099200003],[69.67707061800007,29.297163010000077],[69.67142486600005,29.305242538000073],[69.66723632800006,29.30724144000004],[69.66211700400004,29.308826447000058],[69.65331268300008,29.308761597000057],[69.64403533900008,29.30869102500003],[69.64030456500006,29.31109809900005],[69.63980865500008,29.314342499000077],[69.63883209200003,29.31920623800005],[69.64202117900004,29.32532119800004],[69.64568328900003,29.329814911000028],[69.65119171100008,29.33554077100007],[69.66040039100005,29.34291648900006],[69.66636657700008,29.349456787000065],[69.66909027100007,29.355567932000042],[69.66763305700005,29.362459183000055],[69.65974509700004,29.378871530000026],[69.65582275400004,29.383888245000037],[69.65252685500008,29.38914299000004],[69.64116668700007,29.402383804000067],[69.62757873500004,29.414867401000038],[69.61963653600003,29.42049026500007],[69.61495971700003,29.42329597500003],[69.60984802200005,29.424066544000027],[69.60566711400003,29.424034119000055],[69.60059356700003,29.42115211500004],[69.59553527800006,29.416238785000075],[69.58908844000007,29.41131591800007],[69.58403015100004,29.407215118000067],[69.57662963900003,29.404312134000065],[69.57153320300006,29.403865814000028],[69.56687164300007,29.405857086000026],[69.56451416000004,29.409086227000046],[69.56259918200004,29.414754868000045],[69.56249237100008,29.424497604000067],[69.56283569300007,29.43586921700006],[69.56313324000007,29.450895309000032],[69.56351470900006,29.45861244200006],[69.56575012200005,29.46715736400006],[69.56952097900006,29.475527938000027],[69.57439422600004,29.48387718200007],[69.57991027800006,29.48920059200003],[69.58634185800008,29.496154785000044],[69.59183502200005,29.503913879000038],[69.59455108600008,29.510837555000023],[69.59805297900004,29.531063080000024],[69.59783935500008,29.551769257000046],[69.59770965600006,29.56435775800003],[69.59894561800007,29.579391479000037],[69.60333252000004,29.596775055000023],[69.60005950900006,29.608680725000056],[69.59259796100008,29.618715286000054],[69.59146881100008,29.626049042000034],[69.59662628200005,29.635267258000056],[69.60292053200004,29.637153625000053],[69.61131286600005,29.63905525200005],[69.61865997300004,29.64002990700004],[69.62586212200006,29.65568733200007],[69.62889875100007,29.66872468400004],[69.63514709500004,29.674114227000075],[69.64034271200006,29.680578232000073],[69.64600486400008,29.68526110600004],[69.65496063200004,29.691701889000058],[69.66648101800007,29.697294235000072],[69.67697906500007,29.700122833000023],[69.69062042200005,29.703893661000052],[69.69687652600004,29.710363388000076],[69.70422363300008,29.712249756000062],[69.72209930400004,29.714210510000044],[69.73258209200003,29.71887207000003],[69.73987579300007,29.727182388000074],[69.74611663800005,29.735483170000066],[69.75339508100006,29.745628357000044],[69.76071167000003,29.752101898000035],[69.76908874500003,29.75766372700008],[69.77536010700004,29.762292862000038],[69.78271484400005,29.764177322000023],[69.78900146500007,29.76880645800003],[69.79418945300006,29.778017044000023],[69.80249023400006,29.792755127000078],[69.81182861300005,29.810251236000056],[69.81387329100005,29.817605972000024],[69.83580017100007,29.861467361000052],[69.85595703100006,29.876155853000057],[69.87768262800006,29.898789833000023],[69.89250946000004,29.91480636600005],[69.91101837200006,29.962451935000047],[69.91865539600008,29.98862457300004],[69.92247009300007,30.001712799000074],[69.93914032000004,30.03275108300005],[69.94069671600005,30.035957336000024],[69.94316864000007,30.038890839000032],[69.94657135000006,30.04289054900005],[69.95613861100003,30.048475266000025],[69.96231079100005,30.053001404000042],[69.96633148200004,30.057268143000044],[69.96942901600005,30.061000824000075],[69.97252737000008,30.066339821000042],[69.97655487100008,30.071140289000027],[69.97966003400006,30.076745987000038],[69.98184204100005,30.082889557000044],[69.98531341600005,30.09163284300007],[69.98657226600005,30.097780228000033],[69.98754119900008,30.10606765700004],[69.98603820800008,30.11463165300006],[69.98484039300007,30.121322632000044],[69.98488616900005,30.131486893000044],[69.98554229700005,30.139509201000067],[69.98741912800006,30.14592170700007],[69.99146270800003,30.153129578000062],[69.99427795400004,30.16247940100004],[69.99648284900007,30.17236900300003],[69.99713134800004,30.179012299000078],[69.99900054900007,30.182481766000024],[70.00271606400008,30.18567848200007],[70.00549316400003,30.18673706100003],[70.01042938200004,30.186986923000063],[70.01320648200004,30.18804550200008],[70.01506042500006,30.189910889000032],[70.01632690400004,30.195524216000024],[70.01607513400006,30.206224442000064],[70.01734161400003,30.212905884000065],[70.01889801000004,30.21637725800008],[70.02075958300003,30.219312668000043],[70.02416992200006,30.22197341900005],[70.03034210200008,30.223554611000054],[70.03620147700008,30.224065781000036],[70.04268646200006,30.225111008000056],[70.04763031000005,30.22669410700007],[70.05165100100004,30.22988891600005],[70.06407928500005,30.24561882000006],[70.07247161900005,30.25735282900007],[70.07620239300007,30.262418747000027],[70.07621002200005,30.26455879200006],[70.07530212400007,30.267236710000077],[70.07234273500006,30.271277819000034],[70.06669616700003,30.273159027000077],[70.05992126500007,30.27506065400007],[70.05622100800008,30.275075912000034],[70.04604339600007,30.275117874000046],[70.03987121600005,30.275142670000037],[70.03524780300006,30.275962830000026],[70.03062439000007,30.276784897000027],[70.02167511000005,30.27735519400005],[70.01797485400004,30.277368546000048],[70.01242065400004,30.277389526000036],[70.00717163100006,30.275270462000037],[70.00345611600005,30.273410797000054],[70.00035858200005,30.270214081000063],[69.99569702100007,30.26327514600007],[69.99134063700006,30.25660324100005],[69.98762512200005,30.25340843200007],[69.98236846900005,30.25075149500003],[69.97805786100008,30.251033783000025],[69.97282409700006,30.253459930000076],[69.97099304200003,30.258281708000027],[69.97132110600006,30.262559891000024],[69.97375488300008,30.26678466800007],[69.97841644300007,30.27399063100006],[69.98184967000003,30.282804489000057],[69.98406219500004,30.293764114000055],[69.98409271200006,30.299917221000044],[69.98317718500005,30.302328110000076],[69.98133087200006,30.302333832000045],[69.97792816200007,30.30127716100003],[69.97452545200008,30.298881531000063],[69.97080230700004,30.29541587800003],[69.96646881100008,30.292488098000035],[69.96308136000005,30.29303550700007],[69.96061706500006,30.293846130000077],[69.95909118700007,30.297863007000046],[69.95912170400004,30.30455207800003],[69.95979309100005,30.317388535000077],[69.96117024900008,30.322636412000065],[69.96478271500007,30.327804565000065],[69.96912384000007,30.333406448000062],[69.97286224400005,30.340616226000066],[69.97443389900008,30.34676361100003],[69.97692871100003,30.351570129000038],[69.98036193800004,30.357681274000072],[69.98876953100006,30.372631073000036],[69.99344635000006,30.381175995000035],[69.99502563500005,30.388927460000048],[69.99661254900008,30.398284912000065],[69.99697876000005,30.409519196000076],[69.99613952600004,30.426910400000054],[69.99649047900004,30.43653869600007],[69.99777221700003,30.445629120000035],[70.00038147000004,30.45176315300006],[70.00194549600008,30.456573486000025],[70.00475311300005,30.460575104000043],[70.01872253400006,30.472293854000043],[70.02867126500007,30.483489990000066],[70.03894043000008,30.49548912000006],[70.04394531200006,30.505098343000043],[70.04833221400008,30.516851425000027],[70.05520629900008,30.52913093600006],[70.06494140600006,30.547262192000062],[70.06901550300006,30.556341171000042],[70.07778167700008,30.573692322000056],[70.08563232400007,30.592920303000028],[70.09258270300006,30.61589813200004],[70.09482574500004,30.628730774000076],[70.09489440900006,30.641819],[70.09370422400008,30.64985084500006],[70.09221649200003,30.66055870100007],[70.08947753900003,30.66832923900006],[70.08705139200003,30.677436829000044],[70.08647918700007,30.68519783000005],[70.08714294400005,30.69295501700003],[70.08872222900004,30.697496414000057],[70.09183502200005,30.70042610200005],[70.09557597400004,30.70388775300006],[70.09838867200006,30.707620621000046],[70.10027313200004,30.71216011000007],[70.10092926000004,30.71804237400005],[70.10222625700004,30.727668762000064],[70.10349327000006,30.732211591000066],[70.10599517800006,30.735677719000023],[70.10880279500003,30.73780632000006],[70.11190795900006,30.73913002000006],[70.11563110400004,30.739379883000026],[70.12391662600004,30.73849868800005],[70.12639617900004,30.738485336000053],[70.13104248000008,30.737394333000054],[70.14126586900005,30.73574066200007],[70.14933013900003,30.735967636000055],[70.15304565400004,30.735950470000034],[70.15615844700005,30.73727226300008],[70.15865325900006,30.739934921000042],[70.15991973900003,30.743406296000046],[70.15995788600003,30.74929237400005],[70.16127014200003,30.759988785000075],[70.16318512000004,30.76827430700007],[70.16569519000006,30.77227401700003],[70.16819000200007,30.774669647000053],[70.17068481400008,30.77626228300005],[70.17689514200003,30.776765823000062],[70.19209289600008,30.776687622000054],[70.20109558100006,30.777709961000028],[70.20668792700008,30.779285431000062],[70.20980835000006,30.781408310000074],[70.21262359600007,30.785139084000036],[70.21576690700005,30.790206909000062],[70.21866607700008,30.805173874000047],[70.22078704800003,30.827892303000056],[70.22240448000008,30.83724784900005],[70.22398376500007,30.840450287000067],[70.22679901100008,30.843111038000075],[70.23238372800006,30.843347549000043],[70.25784301800007,30.84320259100008],[70.26435852100008,30.843700409000064],[70.26716613800005,30.84528923000005],[70.26971435500008,30.852766037000038],[70.27069854700005,30.859985352000024],[70.26950073200004,30.865343094000025],[70.26734109800003,30.867497556000046],[70.26053619400005,30.870212555000023],[70.25558471700003,30.87238121000007],[70.25344848600008,30.877477646000045],[70.25255584700005,30.882833481000034],[70.25416564900007,30.890583038000045],[70.25830078100006,30.90313530000003],[70.26248931900005,30.92074585000006],[70.26376342800006,30.92528724700003],[70.26547241200007,30.944810867000058],[70.265625,30.964609146000043],[70.26519016500004,30.987621088000026],[70.26466369600007,30.999935150000056],[70.26506042500006,31.008176804000072],[70.26607513400006,31.01914215100004],[70.26837158200004,31.033845901000063],[70.26997375500008,31.040258408000057],[70.27375793500005,31.046123505000025],[70.28256988500004,31.059183121000046],[70.28763580300006,31.06958770800003],[70.29146575900006,31.08133888200007],[70.29438018800005,31.09523582500003],[70.29478454600007,31.104860306000035],[70.29398345900006,31.12118911700003],[70.29228973400006,31.142606735000072],[70.29238891600005,31.15491485600006],[70.29273986800007,31.159461975000056],[70.28751373300008,31.165496826000037],[70.29260253900003,31.167840958000056],[70.30988311800007,31.174806595000064],[70.31761099800008,31.17703332700006],[70.31870867100008,31.177349613000047],[70.32350308800005,31.178731090000042],[70.33401194200007,31.181759140000054],[70.33487027900003,31.18200646400004],[70.33694748100004,31.182604610000055],[70.33754560800008,31.182758592000027],[70.34149977500005,31.183752446000028],[70.35216669600004,31.18643350800005],[70.35262235000005,31.186548034000054],[70.35411329200008,31.186922693000042],[70.35663604000007,31.187552417000063],[70.35754051100008,31.18777818700005],[70.35993666000007,31.18837630200005],[70.36155473700006,31.188780198000075],[70.36476784100006,31.189582237000025],[70.36602364800007,31.189895705000026],[70.36898878800008,31.19063403900003],[70.36974961500005,31.19080166400005],[70.37094921400006,31.191065630000026],[70.37222430500003,31.191346208000027],[70.37338339900003,31.191601261000073],[70.38071441700004,31.193214417000036],[70.39403533900008,31.196363449000046],[70.40454101600005,31.19983482400005],[70.40399169900007,31.205961227000046],[70.40499877900004,31.212610245000064],[70.40962982200006,31.218605042000036],[70.41353607200006,31.225387573000035],[70.41847229000007,31.23593330400007],[70.42272949200003,31.244941711000024],[70.42415618900003,31.24654960600003],[70.42296600300006,31.24847221400006],[70.42379760700004,31.250019073000033],[70.42465972900004,31.251220703000058],[70.42771911600005,31.25381088300003],[70.42874908400006,31.25629997300007],[70.42922210700004,31.259790421000048],[70.43003082300004,31.263629913000045],[70.43054962200006,31.26577949500006],[70.43251037600004,31.268560410000077],[70.43663024900007,31.272489548000067],[70.43897247300004,31.27610969500006],[70.44013214100005,31.27819061300005],[70.44671630900007,31.286109924000073],[70.44883728000008,31.290519714000027],[70.45021820100004,31.294050217000063],[70.45197296100008,31.294750214000032],[70.45514679000007,31.295129776000067],[70.45761108400006,31.29600906400003],[70.46031951900005,31.296800613000073],[70.46485137900004,31.297430038000073],[70.46736145000006,31.29784965500005],[70.47075653100006,31.298540115000037],[70.48079681400003,31.299840927000048],[70.49006652800006,31.300069809000036],[70.49482727100008,31.301130295000064],[70.49981689500004,31.302310944000055],[70.50144195600006,31.302230835000046],[70.50628662100007,31.303289413000073],[70.51045990000006,31.30410003700007],[70.51394653300008,31.30434036300005],[70.52039337200006,31.304750443000046],[70.52481079100005,31.306089401000065],[70.52821350100004,31.309160233000057],[70.52893829300007,31.311660767000035],[70.52909851100003,31.313800812000068],[70.53159332300004,31.31735038800008],[70.53486633300008,31.318979263000074],[70.53809356700003,31.32093048100006],[70.53971862800006,31.322790146000045],[70.54106903100006,31.32431030300006],[70.54061126700003,31.326019287000065],[70.54274749800004,31.32925987200008],[70.54509735100004,31.333139420000066],[70.54492775900007,31.335665006000056],[70.54552459700005,31.335594177000075],[70.55081176800007,31.335531235000076],[70.55472564700005,31.33810806300005],[70.55841827400008,31.340154648000066],[70.56208038300008,31.34045982400005],[70.56574249300007,31.340415955000026],[70.56897735600006,31.339332581000065],[70.57460784900007,31.335777283000027],[70.58267211900005,31.33149719200003],[70.58995819100005,31.32966613800005],[70.59767150900007,31.328874588000076],[70.60131073000008,31.327783585000077],[70.60291290300006,31.326370239000028],[70.60447692900004,31.32286453200004],[70.60566711400008,31.321105957000043],[70.60768890400004,31.320035934000032],[70.61014556900005,31.32139968900003],[70.61139679000007,31.323127747000058],[70.61344146700003,31.32379913300008],[70.61427307100007,31.32483482400005],[70.61631012000004,31.325159073000066],[70.61995697000003,31.32476425200008],[70.62359619100005,31.323324203000027],[70.62881469700005,31.31977462800006],[70.63447570800008,31.31761169400005],[70.64138793900008,31.317873001000066],[70.64827722800004,31.317606369000032],[70.65479278600003,31.317354202000047],[70.66616821300005,31.317209244000026],[70.67266082800006,31.316429138000046],[70.67509460400004,31.31604957600007],[70.67877197300004,31.31739616400006],[70.68083190900006,31.318765640000038],[70.68503570600006,31.326728821000074],[70.69123840300006,31.332574844000078],[70.69860839800003,31.335617065000065],[70.70475006100008,31.337978363000047],[70.71084594700005,31.337898254000038],[70.71775817900004,31.337806702000023],[70.72547912600004,31.337705612000036],[70.73236846900005,31.336566925000056],[70.73399353000008,31.336196899000072],[70.73520660400004,31.335832596000046],[70.73843383800005,31.33474350000006],[70.74044036900005,31.332973480000078],[70.74119567900004,31.32982635500008],[70.74231720000006,31.32458114600007],[70.74344635000006,31.31968498200007],[70.74502563500005,31.316875458000027],[70.74895345300007,31.314877872000068],[70.75347900400004,31.312576294000053],[70.76110839800003,31.310667038000076],[70.76602935800008,31.309617996000043],[70.77087402300003,31.30815696700006],[70.77474212700008,31.305744934000074],[70.77890014600007,31.30820655800005],[70.78176879900008,31.311443329000042],[70.78356170700005,31.31448745700004],[70.78511810300006,31.319032669000023],[70.78710174600008,31.327852249000046],[70.78792572000003,31.332866669000055],[70.78754425000005,31.33578109700005],[70.78660583500005,31.338438034000035],[70.78533935500008,31.342304230000025],[70.78484344500004,31.344606400000032],[70.78504943800004,31.34680557300004],[70.78556823700006,31.348402023000062],[70.78650665300006,31.35013008100003],[70.78789520300006,31.351016998000034],[70.78985595700004,31.351795197000058],[70.79563903800005,31.353153229000043],[70.80001831100003,31.35386848400003],[70.80269622800006,31.354421616000025],[70.80522155800003,31.35604667700005],[70.80812072800006,31.358552933000055],[70.81058502200005,31.361413956000035],[70.81078338600008,31.361829758000056],[70.81298065200008,31.366466522000053],[70.81372070300006,31.36977386500007],[70.81318664600008,31.37305069000007],[70.81388092000003,31.375543594000078],[70.81705474900008,31.377525330000026],[70.82303619400005,31.37799263000005],[70.82928466800007,31.377861023000037],[70.83486175500008,31.381795883000052],[70.83540580400006,31.38301335400007],[70.83618164100005,31.386268616000052],[70.83613586400008,31.388374329000044],[70.83473205600006,31.38963127100004],[70.83296203600008,31.39039802600007],[70.82920074500004,31.391977310000073],[70.82701110800008,31.392833710000048],[70.82733154300007,31.393907547000026],[70.82833099400005,31.39578437800003],[70.83021545400004,31.396898270000065],[70.83329010000006,31.396800995000035],[70.83569335900006,31.396659851000038],[70.83992767300003,31.396690369000055],[70.84207153300008,31.397176743000045],[70.84296417200005,31.398696899000072],[70.84271240200007,31.40084648100003],[70.84193420400004,31.401968002000046],[70.84262085000006,31.404294968000045],[70.84320068400007,31.406202316000076],[70.84305572500006,31.40947151200004],[70.84207153300008,31.412921906000065],[70.84214019800004,31.417669296000042],[70.84226226800007,31.42259407000006],[70.84248352100008,31.424831390000065],[70.84363555900006,31.425724030000026],[70.84504699700005,31.425989151000067],[70.84712982200006,31.425533295000037],[70.84927368200005,31.425258636000024],[70.85141754200004,31.42574501000007],[70.85988616900005,31.426568985000074],[70.87169647200005,31.426666260000047],[70.87577819800003,31.427682877000052],[70.87960052500006,31.429327011000055],[70.88269043000008,31.43074989300004],[70.88400268600003,31.432178497000052],[70.88546752900004,31.433382034000033],[70.88641357400007,31.434318542000028],[70.88992309600008,31.435651779000068],[70.89264679000007,31.43734359700005],[70.89306640600006,31.438774109000065],[70.89354705800008,31.440383911000026],[70.89240264900008,31.442537308000055],[70.88979339600007,31.44424819900007],[70.88729095500008,31.444793701000037],[70.88468170200008,31.446504593000043],[70.88437652600004,31.448474884000063],[70.88496398900008,31.45120430000003],[70.88575744600007,31.453887939000026],[70.88733673100006,31.45773506200004],[70.88840484600007,31.462059021000073],[70.88915252700008,31.466087341000048],[70.89046618300006,31.47050876800006],[70.89080047600004,31.471633911000026],[70.89270019500003,31.47579193100006],[70.89532470700004,31.47941017200003],[70.89711761500007,31.48244857800006],[70.89738464400006,31.484104156000058],[70.89671325700004,31.485584259000063],[70.89504241900005,31.486709595000036],[70.89248657200005,31.487836838000078],[70.88997650100004,31.488382339000054],[70.88317871100003,31.489480972000024],[70.88150787400008,31.48984527600004],[70.87989044200003,31.49038696300005],[70.87869262700008,31.492361069000026],[70.87702941900005,31.49424743700007],[70.87693786600005,31.497695923000038],[70.87689209000007,31.50056076000004],[70.87670135500008,31.504411697000023],[70.87686920200008,31.50723266600005],[70.87629699700005,31.509071350000056],[70.87342834500004,31.510646820000034],[70.87149810800008,31.511638641000047],[70.86930084200003,31.512496948000035],[70.86941528300008,31.513614655000026],[70.87004089400006,31.51424026500007],[70.87211608900003,31.51446342500003],[70.87587738000008,31.514406204000068],[70.87781524700006,31.514175415000068],[70.88168335000006,31.512954712000067],[70.88722229000007,31.512889862000065],[70.89643096900005,31.512411118000045],[70.89831543000008,31.512763977000077],[70.90009307900004,31.513519287000065],[70.90093231200007,31.51409721400006],[70.90162658700007,31.51642417900007],[70.90220642100007,31.518392563000077],[70.90201568600008,31.52224350000006],[70.90118408200004,31.523946762000037],[70.89962005600006,31.525430679000067],[70.89356231700003,31.529033661000028],[70.89028167700008,31.531463623000036],[70.88642120400004,31.534206390000065],[70.88401794400005,31.53663253800005],[70.88230896000005,31.540624619000027],[70.88069915800008,31.542688370000064],[70.87949371300004,31.54390144300004],[70.87635803200004,31.544584274000044],[70.87358856200007,31.54499626200004],[70.87165069600007,31.54522514300004],[70.87003326400003,31.54576873800005],[70.86936187700007,31.547248840000066],[70.87031555200008,31.550468445000035],[70.87115478500004,31.55257034300007],[70.87226867700008,31.554805756000064],[70.87294769300007,31.555610657000045],[70.87409973100006,31.55650138900006],[70.87546539300007,31.55658721900005],[70.87760925300006,31.55707168600003],[70.87908172600004,31.55827713000008],[70.88013458300003,31.559572220000064],[70.88087463400007,31.561315536000052],[70.88104248000008,31.56413650500008],[70.88005360600005,31.56630185800003],[70.87985992400007,31.569320679000043],[70.88033294700006,31.57093048100006],[70.88127899200003,31.571866989000057],[70.88290405300006,31.572086334000062],[70.88484191900005,31.571855545000062],[70.88709259000007,31.57269859300004],[70.88993072500006,31.57474899300007],[70.89087677000003,31.576448441000025],[70.89161682100007,31.578952789000027],[70.89184570300006,31.582714081000063],[70.89279174800004,31.584411621000072],[70.89384460400004,31.584945679000043],[70.89745330800008,31.58511161800004],[70.89881897000004,31.585958481000034],[70.89940643300008,31.587926865000043],[70.89946746800007,31.59038925200008],[70.89868927000003,31.592271805000053],[70.89597320600006,31.59514808700004],[70.89467620800008,31.597524643000042],[70.89233398400006,31.600891113000046],[70.89202880900007,31.603624344000025],[70.89120483400006,31.60684967000003],[70.88828277600004,31.60900878900003],[70.88571929900007,31.610137939000026],[70.88327026400003,31.61238479600007],[70.88354492200006,31.61556243900003],[70.88417816200007,31.617710114000033],[70.88483899300007,31.618759084000033],[70.88671112100008,31.621730804000038],[70.88935089100005,31.62551307700005],[70.89071655300006,31.62635803200004],[70.89167022700008,31.629579544000023],[70.89136505100004,31.63231277500006],[70.88970184300007,31.634199142000057],[70.88781738300008,31.635368347000053],[70.88488769500003,31.636005402000023],[70.88300323500005,31.637176514000032],[70.88253784200003,31.637849808000055],[70.88291168200004,31.639101028000027],[70.88413238500004,31.64321708700004],[70.88719940200008,31.65055084200003],[70.89052581800007,31.657255173000067],[70.89437866200007,31.664228439000055],[70.89906311000004,31.671018600000025],[70.90255994700004,31.675675024000043],[70.90422821000004,31.67789650000003],[70.90770721400008,31.682092667000063],[70.91011810300006,31.683473587000037],[70.91774749800004,31.68790054300007],[70.92115783700007,31.68887329100005],[70.92440033000008,31.688547134000032],[70.93529510500008,31.68618011500007],[70.94131469700005,31.685440063000044],[70.94289398200004,31.686241150000058],[70.94363403300008,31.687984467000035],[70.94248962400007,31.690137863000075],[70.94149780300006,31.69130516100006],[70.93542480500008,31.692626953000058],[70.93317413300008,31.69330596900005],[70.93260192900004,31.694383621000043],[70.93193054200003,31.696624756000062],[70.93280029300007,31.702531815000043],[70.93466186500007,31.709556580000026],[70.93621063200004,31.716266632000043],[70.93864440900006,31.72068977400005],[70.94117736800007,31.72394943200004],[70.94233703600008,31.725603104000072],[70.94543078900006,31.72767017900003],[70.94706726100003,31.728763580000077],[70.95206451400003,31.731296539000027],[70.95468902600004,31.732629776000067],[70.95590210000006,31.734460831000035],[70.95717620800008,31.737232208000023],[70.95763397200005,31.740142822000053],[70.95945739700005,31.747747421000042],[70.96104431200007,31.751592636000055],[70.96236419700006,31.753019333000054],[70.96383667000003,31.754222870000035],[70.96578216600005,31.755514145000063],[70.97035980200008,31.75737571700006],[70.97404480000006,31.760004044000027],[70.97624969500004,31.76142692600007],[70.97789001500007,31.763927460000048],[70.98001861600005,31.77032280000003],[70.98103332500006,31.773721695000063],[70.98235321000004,31.775148392000062],[70.98392486600005,31.77594947800003],[70.98608398400006,31.776432037000063],[70.98937988300008,31.776439667000034],[70.99137244100007,31.776444910000066],[70.99300384500003,31.776449203000027],[70.99673461900005,31.776969910000048],[70.99900054900007,31.77857208300003],[71.00073242200006,31.779909134000036],[71.00148010300006,31.782413483000028],[71.00265502900004,31.786348343000043],[71.00324249300007,31.787555695000037],[71.00833850500004,31.79515606900003],[71.01259613000008,31.801506042000028],[71.01714325000006,31.80751228300005],[71.01885762400008,31.811685991000047],[71.02052307100007,31.81574058500007],[71.02392578100006,31.82618141200004],[71.02738189700005,31.838397980000025],[71.02955627400007,31.844017029000042],[71.03176116900005,31.852254868000045],[71.03275299100005,31.856473923000067],[71.03398895300006,31.862705231000064],[71.03546142600004,31.867927551000037],[71.03784942600004,31.87092971800007],[71.04118347200006,31.87412643400006],[71.04545593300003,31.876108170000066],[71.05612182600004,31.88025665300006],[71.06062316900005,31.881832123000038],[71.06228637700008,31.883028030000048],[71.06254577600004,31.884635925000055],[71.06256866500007,31.887252808000028],[71.06212616000005,31.889873505000025],[71.06053924600008,31.89652633700007],[71.05940246600005,31.900762558000054],[71.05990600600006,31.90418052700005],[71.06134796100008,31.90678596500004],[71.06302642800006,31.908584595000036],[71.06546020500008,31.911376953000058],[71.06832885700004,31.914373398000066],[71.06882476800007,31.91638374300004],[71.06719207800006,31.918809891000024],[71.06604766800007,31.922039032000043],[71.06468200700004,31.92728233300005],[71.06519317600004,31.930902481000032],[71.06617736800007,31.93492126500007],[71.06722259500003,31.938869476000036],[71.06814575200008,31.942354202000047],[71.06880310400004,31.944157549000067],[71.07101440400004,31.950223923000067],[71.06914520300006,31.96133804300007],[71.06800553400006,31.96661096400004],[71.06747436500007,31.969068527000047],[71.06668090800008,31.97058677700005],[71.06977081300005,31.98235130300003],[71.07044982900004,31.987180710000075],[71.07214355500008,31.998908997000058],[71.06986999500003,32.008152008000025],[71.06878662100007,32.01810455300006],[71.06629943800004,32.020462036000026],[71.06501007100007,32.02318573000008],[71.06332397500006,32.02590560900006],[71.06324768100006,32.02865600600006],[71.06320953400007,32.030029297000056],[71.06598663300008,32.031806946000074],[71.06791244500005,32.03246493200004],[71.06919097900004,32.03290176400003],[71.07565307600004,32.03303146400003],[71.08088684100005,32.03382110600006],[71.08483886700003,32.03699874900008],[71.08840942400008,32.039474487000064],[71.09040710300008,32.04533502600003],[71.09065246600005,32.04605484000007],[71.09058380100004,32.04846191400003],[71.09056091300005,32.04949188200004],[71.09048461900005,32.05224227900004],[71.09161377000004,32.055362701000035],[71.09394073500005,32.058845520000034],[71.09587097200006,32.062324524000076],[71.09652710000006,32.066364288000045],[71.09835815400004,32.07328033400006],[71.09989166300005,32.07640457200006],[71.10171508800005,32.083663940000065],[71.10235595700004,32.089866638000046],[71.10442525700006,32.09327809400003],[71.10700225800008,32.097526550000055],[71.10971069300007,32.10205078100006],[71.11203002900004,32.105880737000064],[71.11359405500008,32.10797500600006],[71.11339569100005,32.115192413000045],[71.11252594000007,32.117584229000045],[71.11083221400008,32.12030029300007],[71.10794830300006,32.12230682400008],[71.10588836700003,32.12364196800007],[71.10382843000008,32.12497711200007],[71.10256195100004,32.12701797500006],[71.10247039800004,32.13045501700003],[71.10239410400004,32.13320541400003],[71.10620117200006,32.14188003500004],[71.10762786900005,32.14913177500006],[71.10955047600004,32.15260696400003],[71.11143493700007,32.157802582000045],[71.11215972900004,32.16091537500006],[71.11295318600008,32.16161727900004],[71.11450958300003,32.16371154800004],[71.11653900100004,32.163749695000035],[71.12428283700007,32.161495209000066],[71.13080596900005,32.159900665000066],[71.14295959500004,32.15945053100006],[71.14657592800006,32.16020965600006],[71.15172576900005,32.164436340000066],[71.15566253700007,32.16864013700007],[71.15935552400003,32.174600705000046],[71.16148376500007,32.17803573600003],[71.16748809800004,32.18429565400004],[71.16983032200005,32.18743896500007],[71.17298126200006,32.19093704200003],[71.17531204300008,32.19693565400007],[71.17646789600008,32.19910812400008],[71.17644500700004,32.20010376000005],[71.17641449000007,32.201099396000075],[71.17639160200008,32.202095032000045],[71.17548370400004,32.20307159400005],[71.17430786200003,32.204967639000074],[71.17333984400005,32.20651626600005],[71.17182922400008,32.20822906500007],[71.16816711400008,32.213638306000064],[71.16715240500008,32.21884536700003],[71.16667938200004,32.22555923500005],[71.16652679400005,32.23152923600003],[71.16913604700005,32.24353027300003],[71.17077636700003,32.24804306000004],[71.17302703900003,32.25157165500008],[71.17615509000007,32.25536346400003],[71.17899322500006,32.258903503000056],[71.18121337900004,32.26367569000007],[71.18461608900003,32.268222809000065],[71.18976593000008,32.27305221600005],[71.19439697300004,32.27537918100006],[71.19791412400008,32.276885986000025],[71.20080566400003,32.278434753000056],[71.20456695600006,32.280498505000025],[71.20656585700004,32.28252792400008],[71.20825958300003,32.285049438000044],[71.20989227300004,32.29005813600003],[71.21150207500006,32.295566559000065],[71.21373748800005,32.300086975000056],[71.21598053000008,32.30411529500003],[71.21823883100006,32.30739212000003],[71.22311401400003,32.311717987000065],[71.22914886500007,32.31655883800005],[71.23976135300006,32.326217651000036],[71.26092108200004,32.34321035200003],[71.26736450200008,32.34838485700004],[71.27176666300005,32.35241699200003],[71.27609252900004,32.355484009000065],[71.28096008300008,32.36054992700008],[71.28266906700003,32.36257171600005],[71.28437042200005,32.36484527600004],[71.28580474900008,32.366115570000034],[71.28784179700006,32.36690139800004],[71.29047393800005,32.36744689900007],[71.29459381100008,32.36702346800007],[71.29784393300008,32.366085052000074],[71.30196380600006,32.36566162100007],[71.31137085000006,32.36508560200008],[71.31549072300004,32.36491012600004],[71.32108306900005,32.364261627000076],[71.32255554200003,32.36404037500006],[71.32900238000008,32.36440658600003],[71.33248138400006,32.36645889300007],[71.33567810100004,32.367759705000026],[71.33768463100006,32.369537354000045],[71.33910369900008,32.371555328000056],[71.34021759000007,32.374065399000074],[71.34004974400005,32.38078308100006],[71.33878326400003,32.38449478100006],[71.33756256100008,32.386463165000066],[71.33667107600007,32.38722821600004],[71.33455658000008,32.389148712000065],[71.33036041300005,32.392807007000044],[71.32852935800008,32.39551544200003],[71.32725524900007,32.39947509800004],[71.32712554900007,32.404701233000026],[71.32991027800006,32.41097259500003],[71.33100128200005,32.41423034700006],[71.33331298800005,32.41576385500008],[71.33566284200003,32.415805817000034],[71.33979797400008,32.414882660000046],[71.34303283700007,32.41469192500006],[71.34533691400003,32.416477203000056],[71.34438324000007,32.41969299300007],[71.33962249800004,32.42185211200007],[71.33604431200007,32.42427825900006],[71.33455658000008,32.42499542200005],[71.33451843300003,32.426490784000066],[71.33531951900005,32.42974090600006],[71.33608245800008,32.43448257400007],[71.33947753900003,32.443485260000045],[71.34197998000008,32.449256897000055],[71.34341430700005,32.45699691800007],[71.34362030000005,32.459102631000064],[71.34367370600006,32.459674835000044],[71.34400177000003,32.46149063100006],[71.34675478700007,32.46965049900007],[71.34749603300008,32.47184753400006],[71.34973907500006,32.48013687100007],[71.35138702400008,32.489730835000046],[71.35269928000008,32.49699020400004],[71.35302734400005,32.498546600000054],[71.35211944600007,32.499591827000074],[71.35059356700003,32.499607086000026],[71.34753418000008,32.49963378900003],[71.34233856200007,32.50019836400003],[71.33837890600006,32.50205230700004],[71.33684539800004,32.50593185400004],[71.32841491700003,32.52654647800006],[71.32528686500007,32.532386780000024],[71.32347869900008,32.53395462000003],[71.31800079300007,32.534389496000074],[71.31297302200005,32.533657074000075],[71.30565643300008,32.53333282500006],[71.29878997800006,32.53222656200006],[71.29785919200003,32.53068542500006],[71.29783630400004,32.52874755900007],[71.29782104500003,32.52758407600004],[71.30007171600005,32.52446746800007],[71.30002594000007,32.52097702000003],[71.29998016400003,32.516716003000056],[71.29674530000005,32.51364135700004],[71.29399871800007,32.51327514600007],[71.28990173300008,32.51408767700008],[71.28533172600004,32.514125824000075],[71.28031158400006,32.51416778600003],[71.27664947500006,32.51342010500008],[71.27480316200007,32.51188659700006],[71.27294158900008,32.508800507000046],[71.27198028600003,32.50454711900005],[71.27005004900008,32.495647430000076],[71.26908111600005,32.49100494400005],[71.26541900600006,32.49026107800006],[71.26222229000007,32.49028396600005],[71.25675964400006,32.49187851000005],[71.25268554700006,32.494625092000035],[71.24724578900003,32.49815750100004],[71.24319458000008,32.503616333000025],[71.23821258500004,32.50753402700008],[71.23277282700008,32.51106643700007],[71.23196256400007,32.512040924000075],[71.23226967300008,32.51245314200003],[71.23402461500007,32.51450465000005],[71.23552712800006,32.516718844000025],[71.23679351800007,32.51892852800006],[71.24693298300008,32.536651611000025],[71.24794769300007,32.53944015500008],[71.24886322000003,32.54135894800004],[71.24890136700003,32.54450988800005],[71.17960017900003,32.59106703500004],[71.17867279100005,32.591690063000044],[71.17623138400006,32.59159088100006],[71.17476654100005,32.591621399000076],[71.17359161400003,32.59202957200006],[71.17111969000007,32.59336090100004],[71.16866302500006,32.59489059400005],[71.16665649400005,32.59663009600007],[71.16557312000003,32.59753036500007],[71.16393280000005,32.59907913200004],[71.16320800800008,32.60033035300006],[71.16274261500007,32.601139069000055],[71.16253662100007,32.60251998900003],[71.16333770800003,32.60504150400004],[71.16475677500006,32.60697937000003],[71.16702270500008,32.60728073100006],[71.16811370800008,32.607810974000074],[71.16895294200003,32.60900878900003],[71.16837310800008,32.613231659000064],[71.16813659700006,32.61595916700003],[71.16793060300006,32.61711883500004],[71.16760253900003,32.61880111700003],[71.16639709500004,32.62131118800005],[71.16500854500003,32.62279892000004],[71.16378021200006,32.62387085000006],[71.16208648700007,32.62524032600004],[71.16139221200007,32.62662124600007],[71.16055297900004,32.627700806000064],[71.15976715100004,32.62942886400003],[71.15908050500008,32.63090133700007],[71.15783691400003,32.63306045500008],[71.15705871600005,32.63621139500003],[71.15656280500008,32.637889862000065],[71.15628814700005,32.64075851400003],[71.15595245400004,32.642799377000074],[71.15545654300007,32.64533996600005],[71.15515899700006,32.64664840700004],[71.15505981400008,32.64794158900003],[71.15666198700006,32.64974975600006],[71.15770721400008,32.65185928300008],[71.15572357200006,32.652278900000056],[71.15387725800008,32.65198135400004],[71.15196228000008,32.65111923200004],[71.14972686800007,32.651538849000076],[71.14840698200004,32.65201187100007],[71.14782714800003,32.65449142500006],[71.14791870100004,32.656009674000074],[71.14787292500006,32.657859802000075],[71.14816284200003,32.65929031400003],[71.15573883100006,32.67311096200007],[71.15724182100007,32.675109863000046],[71.15444946300005,32.674369812000066],[71.15223693800004,32.67364883400006],[71.15088653600003,32.67343902600004],[71.14967346200007,32.673610687000064],[71.14766693100006,32.67465972900004],[71.14669799800004,32.67567062400008],[71.14467620800008,32.67742919900007],[71.14269256600005,32.67853927600004],[71.14095306400003,32.67972946200007],[71.13993835400004,32.681598663000045],[71.14000701900005,32.68302154500003],[71.13881683300008,32.68622970600006],[71.13765716600005,32.68774032600004],[71.13655090300006,32.68936920200008],[71.13607788100006,32.69104003900003],[71.13536834700005,32.69247818000002],[71.13401794400005,32.69483947800006],[71.13449096700003,32.69750976600005],[71.13633728000008,32.70235061600005],[71.13697052000003,32.704128265000065],[71.13765716600005,32.705699921000075],[71.13791656500007,32.70759964000007],[71.13954925500008,32.70748901400003],[71.13988535500005,32.70883014100008],[71.14124298100006,32.71031951900005],[71.14261627200005,32.71068954500004],[71.14293581500004,32.71346523400007],[71.14396667500006,32.72241973900003],[71.14330291700003,32.72380828900003],[71.14243316700004,32.72595977800006],[71.14218902600004,32.72735977200006],[71.14205169700006,32.728599548000034],[71.14125061000004,32.73007965100004],[71.13955688500005,32.73236084000007],[71.13873291000004,32.73337173500005],[71.13693237300004,32.734939575000055],[71.13593292200005,32.73566818200004],[71.13453674300007,32.73656082200006],[71.13260650600006,32.73802948000008],[71.13211756100003,32.73916516400004],[71.13188171400003,32.739711761000024],[71.13139343300003,32.74081039400005],[71.13005065900006,32.742439270000034],[71.12325286900005,32.74985885600006],[71.12167358400006,32.75220871000005],[71.12296295200008,32.75394821200007],[71.12364959700005,32.75468826300005],[71.12435150100004,32.75642013500004],[71.12465667700008,32.75714874300007],[71.12470245400004,32.75807189900007],[71.12460327100007,32.75968933100006],[71.12448120100004,32.76015090900006],[71.12412262000004,32.761661530000026],[71.12323761000005,32.76306915300006],[71.12272644000006,32.76385116600005],[71.12226104700005,32.764801025000054],[71.12103271500007,32.76969909700006],[71.12069702100007,32.77074050900006],[71.12056732200006,32.77283096300005],[71.12104797400008,32.773849487000064],[71.12111663800005,32.77505111700003],[71.12014007600004,32.777111053000056],[71.11903381300004,32.77814865100004],[71.11765289300007,32.779518127000074],[71.11601257300003,32.781600952000076],[71.11546325700004,32.78248977700002],[71.11476135300006,32.784221649000074],[71.11457824700005,32.78503036500007],[71.11450195300006,32.78699111900005],[71.11430358900003,32.78863143900003],[71.11372375500008,32.789920807000044],[71.11341095000006,32.790378571000076],[71.11168670700005,32.792129517000035],[71.11145782500006,32.792678833000025],[71.11112976100003,32.79301071200007],[71.11067199700005,32.79317092900004],[71.10990905800003,32.793590546000075],[71.10896301300005,32.79426956200007],[71.10871887200005,32.79502105700004],[71.10845947300004,32.80418014500003],[71.10851287800006,32.80559158300008],[71.10793304400005,32.80670929000007],[71.10738372800006,32.807651520000036],[71.10674285900006,32.80849075300006],[71.10559845000006,32.80952835100004],[71.10650634800004,32.80963134800004],[71.11029052700007,32.81003189100005],[71.11466217000003,32.80955886800007],[71.11830902100007,32.807689667000034],[71.12213897700008,32.80622863800005],[71.12557220500008,32.80649185200008],[71.12988281200006,32.80733871500007],[71.13211822500006,32.808799744000055],[71.13368988000008,32.811000824000075],[71.13281250000006,32.816509247000056],[71.13334655800003,32.81993103000008],[71.13361358600008,32.82231903100006],[71.13329315200008,32.825141907000045],[71.13301849400005,32.82738113400006],[71.13375091600005,32.83295059200003],[71.13571929900007,32.836109161000024],[71.13646698000008,32.837680817000034],[71.13694000200007,32.84054946900005],[71.13702853600006,32.841819790000045],[71.13716888400006,32.84820938100006],[71.13725280800003,32.85181045500008],[71.13745880100004,32.85615158100006],[71.13804626500007,32.85998153700007],[71.13874816900005,32.86283111600005],[71.14141082800006,32.865470886000026],[71.14275360100004,32.868389130000025],[71.14317321800007,32.87096023600003],[71.14334869400005,32.87472152700008],[71.14363098100006,32.88000106800007],[71.14407348600008,32.88354110700004],[71.14492797900004,32.88805007900004],[71.14389801000004,32.88983154300007],[71.143013,32.890640259000065],[71.14158630400004,32.89406967200006],[71.14111328100006,32.897159576000035],[71.14179229700005,32.901371002000076],[71.14203643800005,32.905960083000025],[71.14129638700007,32.911510468000074],[71.14227294900007,32.91740989700003],[71.14235687300004,32.917999268000074],[71.14277648900008,32.92137908900003],[71.14391326900005,32.92559051500007],[71.14559936500007,32.92855072000003],[71.14826965300006,32.93172836300005],[71.15167236300005,32.93503952000003],[71.15532684300007,32.93751907300003],[71.15859222400007,32.94041824300007],[71.15956115700004,32.94171142600004],[71.15995025600006,32.94372940100004],[71.15911102300004,32.944999695000035],[71.15911865200007,32.94792175300006],[71.16030120800008,32.95048904400005],[71.16361236600005,32.95669937100007],[71.16548919700006,32.960201263000044],[71.16887664800004,32.96335983300003],[71.17192840600006,32.96429061900005],[71.17472076400003,32.965869904000044],[71.17687988300008,32.96728897100007],[71.18076324500004,32.969650269000056],[71.18491363500004,32.972480774000076],[71.18663229500004,32.97407743500003],[71.18731689500004,32.97436142000004],[71.18863678000008,32.97552871700003],[71.18995666500007,32.97599029500003],[71.19180297900004,32.97672462500003],[71.19329834000007,32.97692108200005],[71.19557952900004,32.977230072000054],[71.19740295400004,32.97760009800004],[71.20163726800007,32.97739028900003],[71.20606231700003,32.977748871000074],[71.21125030500008,32.97893905600006],[71.21582031200006,32.97988891600005],[71.21820068400007,32.98054122900004],[71.21955108600008,32.98109817500006],[71.22200012200005,32.98318862900004],[71.22290039100005,32.98488998400006],[71.22502136200006,32.98772811900005],[71.22765350300006,32.98825073200004],[71.23043823200004,32.98994064300007],[71.23242950400004,32.991539001000035],[71.23384857200006,32.99285888700007],[71.23513793900008,32.99377059900007],[71.23597717300004,32.995288849000076],[71.23773956300005,32.99702072100007],[71.23947143600003,32.99618148800005],[71.24138641400003,32.99468994100005],[71.24205780000005,32.99477005000006],[71.24253845200008,32.99533081100003],[71.24305725100004,32.99589920000005],[71.24376678500005,32.99702835100004],[71.24430847200006,32.998889923000036],[71.25003051800007,33.00028991700003],[71.25047302200005,33.000030518000074],[71.25106811500007,32.99969863900003],[71.25193786600005,32.999401093000074],[71.25321960400004,32.99879074100005],[71.25486755400004,32.99821090700004],[71.25630950900006,32.99827957200006],[71.25746917700008,32.998699188000046],[71.25897216800007,32.99945068400007],[71.25991821300005,32.99988937400008],[71.26033020000006,33.00017929100005],[71.26293945300006,33.00104141200006],[71.26566314700005,33.001808167000036],[71.26957702600004,33.00294876100003],[71.27237701400003,33.003650665000066],[71.27607727100008,33.004638672000056],[71.28061676000004,33.005851746000076],[71.28471374500003,33.00677108800005],[71.28872680700005,33.007930756000064],[71.29371643100006,33.00933837900004],[71.29763031000005,33.010768890000065],[71.30063629200004,33.011631012000066],[71.30284881600005,33.012409210000044],[71.30612182600004,33.013149261000024],[71.31002807600004,33.01422119100005],[71.31382751500007,33.01551055900006],[71.31548309300007,33.01613998400006],[71.31823730500008,33.01670074500004],[71.31804657000004,33.01330947900004],[71.31743621800007,33.01118850700004],[71.31719970700004,33.00917816200007],[71.31675720200008,33.00680923500005],[71.31754303000008,33.00231933600003],[71.32010650600006,33.001148224000076],[71.32171630900007,33.000141144000054],[71.32250976600005,32.999488831000065],[71.32301330600006,32.999080658000025],[71.32373809800004,32.99866104100005],[71.32504272500006,32.997959137000066],[71.32684326200007,32.99697876000005],[71.32943725600006,32.995780945000035],[71.33167266800007,32.99494934100005],[71.33547210700004,32.99359130900007],[71.33783721900005,32.99242019700006],[71.34058380100004,32.99158096300005],[71.34368133500004,32.991348267000035],[71.35189056400003,32.99085998500004],[71.35530090300006,32.990798950000055],[71.35723114000007,32.99140930200008],[71.35825347900004,32.99206161500007],[71.35938262900004,32.99282074000007],[71.36170196500007,32.994720459000064],[71.36348724400005,32.99605941800007],[71.36483764600007,32.99721908600003],[71.36673736600005,32.998859406000065],[71.36834716800007,33.00003624000004],[71.36979675300006,33.00131988500004],[71.37127685500008,33.00252914400005],[71.37436676000004,33.004718781000065],[71.37592315700005,33.00579071000004],[71.37763977100008,33.003929138000046],[71.37975311300005,33.00283050500008],[71.38211822500006,33.001430511000024],[71.38507843000008,32.99908828700006],[71.38658142100007,32.999080658000025],[71.38786315900006,32.99934005700004],[71.38905334500004,32.99958038300008],[71.39067840600006,33.000339508000025],[71.39290618900003,33.000900269000056],[71.39602661100008,33.00202941900005],[71.39842987100008,33.003459930000076],[71.40100860600006,33.005378723000035],[71.40428161600005,33.007141113000046],[71.40550231900005,33.01036071800007],[71.40751647900004,33.00938034100005],[71.41005706800007,33.00865936300005],[71.41364288300008,33.008289337000065],[71.41649627700008,33.00762939500004],[71.41941833500005,33.006031036000024],[71.42112731900005,33.00460815400004],[71.42283630400004,33.003570557000046],[71.42636871300004,33.00307083100006],[71.42829895000006,33.00320053100006],[71.43221283000008,33.00400161700003],[71.43476104700005,33.005210876000035],[71.43657684300007,33.006511688000046],[71.43835332000003,33.00740326600004],[71.43860626200006,33.00753021200006],[71.44207763700007,33.00946044900007],[71.44435882600004,33.01116180400004],[71.44627380400004,33.012329102000024],[71.44835662800006,33.01329040500008],[71.45137786900005,33.014801025000054],[71.45398712200006,33.01649856600005],[71.45626831100003,33.01876068100006],[71.45829772900004,33.02108001700003],[71.45923018200006,33.022619392000024],[71.45958709700005,33.02320861800007],[71.46119689900007,33.027549744000055],[71.46296691900005,33.03020095800008],[71.46307373000008,33.032619476000036],[71.46318054200003,33.034690857000044],[71.46396637000004,33.03900909400005],[71.46513366700003,33.04167938200004],[71.46708679200003,33.04430007900004],[71.46894073500005,33.044689178000056],[71.47238159200003,33.04553985600006],[71.47466278100006,33.04619979900008],[71.47609710700004,33.048149109000065],[71.47473907500006,33.04949951200007],[71.47221004200003,33.05044611300008],[71.46962738000008,33.051528931000064],[71.46803283700007,33.05347061200007],[71.46662902800006,33.05567169200003],[71.46334075900006,33.05963134800004],[71.46096038800005,33.061111450000055],[71.46029663100006,33.06282043500005],[71.46035003700007,33.06515884400005],[71.46079254200004,33.067050934000065],[71.46108245800008,33.068820953000056],[71.45968627900004,33.06986999500003],[71.45604705800008,33.06990051300005],[71.45365905800003,33.06922912600004],[71.45126342800006,33.06819915800003],[71.44886016800007,33.06729888900003],[71.44673919700006,33.06660080000006],[71.44432067900004,33.06698989900008],[71.44138336200007,33.06909942600004],[71.44177246100008,33.07155990600006],[71.44132995600006,33.07429122900004],[71.44019317600004,33.072559357000046],[71.43835332000003,33.072541597000054],[71.43821716300005,33.07254028300002],[71.43608856200007,33.073978424000074],[71.43324279800004,33.07680892900004],[71.43213653600003,33.078689575000055],[71.42957305900006,33.07973098800005],[71.42787170400004,33.08279037500006],[71.42721557600004,33.08561515800005],[71.42613220200008,33.08826065100004],[71.42617034900007,33.09014129600007],[71.42489624000007,33.09188842800006],[71.42326355000006,33.093261719000054],[71.42349243200005,33.09383773800005],[71.42397215900007,33.095009195000046],[71.42591095000006,33.09798049900007],[71.42817688000008,33.10044860800008],[71.42965698200004,33.10226059000007],[71.43190765400004,33.10485076900005],[71.43300628700007,33.106899261000024],[71.43337249800004,33.10866928100006],[71.43329620400004,33.111679077000076],[71.43443298300008,33.11312103300003],[71.43678283700007,33.11545944200003],[71.43767051100008,33.11678409000007],[71.43826293900008,33.11766815200008],[71.44059753400006,33.120079041000054],[71.44315338100006,33.119850159000066],[71.44547271700003,33.11938095100004],[71.44721984900008,33.12049102800006],[71.44824981700003,33.12234878500004],[71.44956060000004,33.125973061000025],[71.45229339600007,33.13019943200004],[71.45017242400007,33.13142013500004],[71.44857025100004,33.13267898600003],[71.44873809800004,33.13455963100006],[71.44721221900005,33.13594055200008],[71.44547271700003,33.136901855000076],[71.44307708700006,33.13811874400005],[71.44125366200007,33.139419556000064],[71.44100952100007,33.14225006100003],[71.44180297900004,33.14648819000007],[71.44180297900004,33.15074920700005],[71.43913269000006,33.152301788000045],[71.43675994900008,33.153961182000046],[71.43546295200008,33.15528869600007],[71.43311309800004,33.15882110600006],[71.43280792200005,33.160720825000055],[71.43302154500003,33.16405868500004],[71.43206787100007,33.165550232000044],[71.43150329600007,33.16868972800006],[71.43122863800005,33.17063903800005],[71.43049621600005,33.173011780000024],[71.43163299600008,33.17522811900005],[71.43460845900006,33.17723846400003],[71.43576049800004,33.17908096300005],[71.43599700900006,33.18101882900004],[71.43434143100006,33.18288040200002],[71.43260192900004,33.18384933500005],[71.42993927000003,33.18421173100006],[71.42765045200008,33.18404007000004],[71.42489624000007,33.18278121900005],[71.42253875700004,33.182609558000024],[71.42099762000004,33.18349838300003],[71.41902160600006,33.18540954600007],[71.41747283900008,33.187099457000045],[71.41541290300006,33.18751907300003],[71.41325378400006,33.187728882000044],[71.41087341300005,33.18888092000003],[71.40962982200006,33.19029998800005],[71.40704345700004,33.19380950900006],[71.40850830100004,33.19609832800006],[71.40894317600004,33.19977951000004],[71.41040039100005,33.20190811200007],[71.41100311300005,33.20409011800007],[71.40924072300004,33.20700073200004],[71.41104126000005,33.209190369000055],[71.41245269800004,33.21068954500004],[71.41416931200007,33.21446991000005],[71.41291809100005,33.215831757000046],[71.41177368200005,33.21907043500005],[71.41348266600005,33.221641541000054],[71.41448974600007,33.22328186000004],[71.41599273700007,33.225490570000034],[71.41776275600006,33.226791382000044],[71.41928863500004,33.22568130500002],[71.42165374800004,33.22615051300005],[71.42408752400007,33.22745895400004],[71.42672729500003,33.22666931200007],[71.43084716800007,33.22920990000006],[71.43102264400005,33.23157882700008],[71.43282318100006,33.23495101900005],[71.43353271500007,33.236679077000076],[71.43493652300003,33.23868942300004],[71.43717193600008,33.239891052000075],[71.44024658200004,33.238361359000066],[71.44270324700005,33.23915100100004],[71.44458007800006,33.24042892500006],[71.44493866000005,33.24014282200005],[71.44578552200005,33.238399506000064],[71.44417572000003,33.23593139600007],[71.44631195100004,33.23360061600005],[71.44711303700007,33.23181152300003],[71.44528961200007,33.23089981100003],[71.44391632100007,33.22967910800003],[71.44283294700006,33.22724151600005],[71.44480133100006,33.22618866000005],[71.44821167000003,33.22536087000003],[71.44914245600006,33.223770142000035],[71.44937133800005,33.22097015400004],[71.45236969000007,33.21977996800007],[71.45465087900004,33.219528198000035],[71.45758056600005,33.21961975100004],[71.46157836900005,33.21937942500006],[71.46433258100006,33.21891021700003],[71.46991729700005,33.21844863900003],[71.47286987300004,33.21781921400003],[71.47704315200008,33.21685028100006],[71.47852325400004,33.21566009500003],[71.48062133800005,33.21456909200003],[71.48238372800006,33.214611053000056],[71.48430633500004,33.21490097000003],[71.48848724400005,33.21596145600006],[71.49191284200003,33.215869904000044],[71.49269104000007,33.213581085000044],[71.49120330800008,33.21051025400004],[71.49011993400006,33.20846939100005],[71.49120330800008,33.206550598000035],[71.49407959000007,33.20693969700005],[71.49665069600007,33.20748901400003],[71.49904632600004,33.20719909700006],[71.50089263900003,33.20758056600005],[71.50134277300003,33.20550918600003],[71.49978637700008,33.203990936000025],[71.49997711200007,33.19961166400003],[71.50209045400004,33.19910049400005],[71.50541687000003,33.19860076900005],[71.50788116500007,33.19974136400003],[71.51107788100006,33.199241638000046],[71.51344299300007,33.19828033400006],[71.51782226600005,33.19713974000007],[71.52127075200008,33.19773101800007],[71.52382659900007,33.200229645000036],[71.52468872100008,33.20206069900007],[71.52377319300007,33.20389175400004],[71.52239227300004,33.20503997800006],[71.52039337200006,33.20465087900004],[71.51896667500006,33.20653152500006],[71.51811218300003,33.20845031700003],[71.51625061000004,33.21171951300005],[71.51560974100005,33.21355056800007],[71.51506042500006,33.21535873400006],[71.51614379900008,33.21722030600006],[71.51905059800004,33.21675109900008],[71.52317810100004,33.218238831000065],[71.52710723900003,33.220180511000024],[71.53270721400008,33.22307968100006],[71.53608703600008,33.224639893000074],[71.54149627700008,33.22645950300006],[71.54662323000008,33.227710724000076],[71.55290222200006,33.22851944000007],[71.55597686800007,33.227340698000035],[71.55610656700003,33.22399139400005],[71.55771637000004,33.22103881800007],[71.55980682400008,33.22040176400003],[71.56424713100006,33.21706008900003],[71.56799316400003,33.213691711000024],[71.57259368900003,33.20914077800006],[71.57498168900008,33.20648956300005],[71.57617187500006,33.20495986900005],[71.57747650100004,33.20299911500007],[71.58262634300007,33.198101044000055],[71.58669281000005,33.195350647000055],[71.59098815900006,33.192329407000045],[71.59600830100004,33.18952941900005],[71.59980011000005,33.18741989100005],[71.60253143300008,33.18421936000004],[71.60201263400006,33.18196106000005],[71.60162353500004,33.178379059000065],[71.60070037800006,33.17391967800006],[71.59957122800006,33.169960022000055],[71.59839630100004,33.16727066000004],[71.59841918900008,33.16487884500003],[71.59918975800008,33.16254043600003],[71.59963226300005,33.15908813500005],[71.60043335000006,33.15438842800006],[71.60092926000004,33.14960098300003],[71.60176086400008,33.14435958900003],[71.60214996300004,33.14076995800008],[71.60272979700005,33.136230469000054],[71.60301208500005,33.13325882000004],[71.60492706300005,33.131240845000036],[71.60723114000007,33.13130950900006],[71.60884094200003,33.129989624000075],[71.61180877700008,33.12583160400004],[71.61338043200004,33.12364959700005],[71.61582946800007,33.12162017800006],[71.61669158900008,33.11988067600004],[71.61947631800007,33.116348267000035],[71.62155151400003,33.113231659000064],[71.62277221700003,33.111938477000024],[71.62638092000003,33.107818604000045],[71.62687157800008,33.10698307700005],[71.62812805200008,33.10543060300006],[71.62973785400004,33.103099823000036],[71.63207244900008,33.09832000700004],[71.63218689000007,33.095111847000055],[71.63182830800008,33.09257888800005],[71.63382720900006,33.08806991600005],[71.63726043700007,33.085491180000076],[71.64100647000004,33.08330154400005],[71.64447784400005,33.08140182500006],[71.64720153800005,33.07971954300007],[71.65068054200003,33.078250885000045],[71.65381622300004,33.07617187500006],[71.65820312500006,33.07349014300007],[71.66397857700008,33.072078705000024],[71.67003631600005,33.071281433000024],[71.67429351800007,33.07091903700007],[71.67775726300005,33.069919586000026],[71.68192291300005,33.06824874900008],[71.68401336700003,33.06692886400003],[71.68570709200003,33.06612014800004],[71.68874359100005,33.06433868400006],[71.69264984100005,33.062641144000054],[71.69735717800006,33.06193924000007],[71.70358276400003,33.06118011500007],[71.70966339100005,33.06090927100007],[71.71372985800008,33.06024169900007],[71.71669769300007,33.05998992900004],[71.71848297100007,33.05982971200007],[71.71808624300007,33.060760498000036],[71.71737670900006,33.06298828100006],[71.71602630600006,33.06723022500006],[71.71485900900007,33.07162094100005],[71.71420288100006,33.07518005400004],[71.71405792200005,33.077030182000044],[71.71336364700005,33.08306884800004],[71.71286773700007,33.087848663000045],[71.71246337900004,33.09062957800006],[71.71215820300006,33.093509674000074],[71.71154785200008,33.10226059000007],[71.71385955800008,33.112018585000044],[71.71900177000003,33.11978149400005],[71.72454071000004,33.12583923300008],[71.73117065400004,33.130649567000034],[71.73558807400008,33.13373184200003],[71.74186706500006,33.13830947900004],[71.74623870800008,33.141929626000035],[71.74788665800008,33.14410018900003],[71.74891662600004,33.14598846400003],[71.74939727800006,33.147129059000065],[71.75013732900004,33.147838593000074],[71.75193786600005,33.150508881000064],[71.75272369400005,33.15213012700008],[71.75379180900006,33.153850555000076],[71.75581359900008,33.157100677000074],[71.75733184800004,33.16078949000007],[71.75826263400006,33.164188385000045],[71.75914764400005,33.167129517000035],[71.76011657700008,33.170440674000076],[71.76069641100008,33.173179626000035],[71.76093292200005,33.177211761000024],[71.76110839800003,33.18027877800006],[71.76129913300008,33.18267059300007],[71.76141357400007,33.18547058100006],[71.76103973400006,33.18790054300007],[71.76027679400005,33.19042968700006],[71.75937652600004,33.193420410000044],[71.75856018100006,33.19607162500006],[71.75695800800008,33.199031830000024],[71.75671784100007,33.199679192000076],[71.75583648700007,33.20204162600004],[71.75512695300006,33.20468139600007],[71.75420379600007,33.206901550000055],[71.75305938700006,33.208831787000065],[71.75198364300007,33.210720062000064],[71.74996948200004,33.21274185200008],[71.74854278600003,33.213939667000034],[71.74600219700005,33.21623992900004],[71.74315643300008,33.218811035000044],[71.74156951900005,33.22034072900004],[71.73960113500004,33.22182083100006],[71.73690795900006,33.224590302000024],[71.73372650100004,33.22689056400003],[71.73088073700006,33.22929000900007],[71.72834777800006,33.231040955000026],[71.72514343300003,33.233409882000046],[71.72221374500003,33.235870361000025],[71.71920776400003,33.23855972300004],[71.71655273400006,33.24124145500008],[71.71385955800008,33.24486923200004],[71.71282959000007,33.246650696000074],[71.71190643300008,33.248340607000046],[71.71179962200006,33.25012970000006],[71.70983123800005,33.25244903600003],[71.70847320600006,33.255371094000054],[71.70883941700004,33.25904083300003],[71.70948028600003,33.262161255000024],[71.70892334000007,33.265838623000036],[71.70812225300006,33.27070999100005],[71.70723724400005,33.27505111700003],[71.70620727500005,33.277389526000036],[71.70574188200004,33.28002166700003],[71.70535278300008,33.282218933000024],[71.70509338400007,33.28490829500004],[71.70659637500006,33.288238525000054],[71.70786285400004,33.28944015500008],[71.71016693100006,33.29087829600007],[71.71276855500008,33.29235076900005],[71.71568298300008,33.294521332000045],[71.71819305400004,33.296020508000026],[71.72039794900007,33.297000885000045],[71.72232818600008,33.29922103900003],[71.72431945800008,33.30199050900006],[71.72624969500004,33.304859161000024],[71.72907257100007,33.31010818500005],[71.73036193800004,33.31592178300008],[71.73037719700005,33.31813049300007],[71.73042297400008,33.324359894000054],[71.73000335700004,33.32619094800003],[71.72881317100007,33.32957077000003],[71.72724151600005,33.33398056000004],[71.72608947800006,33.335300446000076],[71.72377592800007,33.336844521000046],[71.72322082500006,33.33731079100005],[71.72116088900003,33.33769989000007],[71.71823883100006,33.33744812000003],[71.71621704100005,33.33771133400006],[71.71465301500007,33.338989258000026],[71.71531677200005,33.340831757000046],[71.71652221700003,33.34318924000007],[71.71775485900008,33.34471352300005],[71.71925354000007,33.346851349000076],[71.71985626200006,33.34862136800007],[71.72064209000007,33.35110855100004],[71.72476959200003,33.35466003400006],[71.72708129900008,33.35681915300006],[71.72978210400004,33.359420776000036],[71.73271942100007,33.362411499000075],[71.73564910900006,33.36545181300005],[71.74389648400006,33.36774063100006],[71.74707794200003,33.369411469000056],[71.75028991700003,33.370399475000056],[71.75459289600008,33.372501373000034],[71.75936889600007,33.37496185300006],[71.76133728000008,33.375968933000024],[71.76232910200008,33.37646865800008],[71.76634216300005,33.37870025600006],[71.77374267600004,33.382740021000075],[71.77658844000007,33.384109497000054],[71.78350067100007,33.38684845000006],[71.78617165700007,33.38782383700004],[71.78777313200004,33.38840866100003],[71.79210662800006,33.389778137000064],[71.79592132600004,33.39160156200006],[71.80052948000008,33.39410018900003],[71.80581665000005,33.396800995000035],[71.80758633600004,33.39789359700006],[71.81033325200008,33.39958953900003],[71.81533813500005,33.40205001800007],[71.81997680700005,33.40369033800005],[71.82412719700005,33.40531921400003],[71.82872009300007,33.40747070300006],[71.83235168500005,33.409141541000054],[71.83500671400003,33.40890121500007],[71.83740997300004,33.408161163000045],[71.84150695800008,33.40594101000005],[71.84809112500005,33.403919220000034],[71.85192871100008,33.40324020400004],[71.85386657700008,33.40348815900006],[71.85720062300004,33.404479980000076],[71.85903167700008,33.40594101000005],[71.86264801000004,33.40847015400004],[71.86505889900008,33.41025161700003],[71.86692810100004,33.41175079300007],[71.87008667000003,33.41651916500007],[71.87046814000007,33.41910934400005],[71.87061309800004,33.423851013000046],[71.86966705300006,33.427120209000066],[71.86849975600006,33.430500031000065],[71.86802808900006,33.43199431000005],[71.86670684800004,33.43618011500007],[71.86657714800003,33.43939971900005],[71.86685943600008,33.44242095900006],[71.86741638200004,33.44501876800007],[71.86837005600006,33.447200775000056],[71.86942291300005,33.449981689000026],[71.87410736100003,33.45515060400004],[71.87638855000006,33.456439972000055],[71.88095092800006,33.45819091800007],[71.88658142100007,33.45972824100005],[71.89289856000005,33.46189117400007],[71.89482879600007,33.463199615000065],[71.89618682900004,33.46451950100004],[71.90036010700004,33.469329834000064],[71.90260314900007,33.47317123400006],[71.90441894500003,33.47602844200003],[71.90469360400004,33.47883987400007],[71.90491447000005,33.48010315800008],[71.90519714400006,33.481719971000075],[71.90599060100004,33.48492050200008],[71.90776062000003,33.485591888000044],[71.90981292700008,33.48614883400006],[71.91150665300006,33.48662948600003],[71.91448211700003,33.48751068100006],[71.91760253900003,33.48809814500004],[71.92005920400004,33.48873901400003],[71.92285919200003,33.48958969100005],[71.92527008100006,33.49081039400005],[71.92711639400005,33.492000580000024],[71.92855072000003,33.49320983900003],[71.93125915500008,33.49620056200007],[71.93781280500008,33.49964141800007],[71.93878936800007,33.50059890700004],[71.94116973900003,33.502941132000046],[71.94351196300005,33.50450134300007],[71.94738006600005,33.50740051300005],[71.94967651400003,33.50994110100004],[71.95179748500004,33.51208114600007],[71.95346069300007,33.513980865000065],[71.95556640600006,33.516841888000044],[71.95767211900005,33.51988983200005],[71.95993804900007,33.52399826000004],[71.96186828600008,33.52709960900006],[71.96349334700005,33.53018188500005],[71.96565246600005,33.53326034500003],[71.96708679200003,33.53659057600004],[71.96645355200008,33.54116821300005],[71.96515655500008,33.54465103100006],[71.96367645300006,33.54875183100006],[71.96240997300004,33.54996871900005],[71.96187055200005,33.55048057800008],[71.96066284200003,33.55162811300005],[71.95948028600003,33.55273819000007],[71.95777130100004,33.555068970000036],[71.95668029800004,33.559101105000025],[71.95503234900008,33.56188964800003],[71.95394897500006,33.56480026200006],[71.95198822000003,33.57049942000003],[71.95424652100007,33.57434845000006],[71.95732116700003,33.57649993900003],[71.96066284200003,33.57828140300006],[71.96540832500006,33.57936096200007],[71.97026825000006,33.580459595000036],[71.97499084500004,33.583000183000024],[71.97660827600004,33.58478164700006],[71.97837066700004,33.58679962200006],[71.97937011700003,33.58995819100005],[71.97998046900005,33.59415817300004],[71.98043823200004,33.59825897200005],[71.98005676300005,33.603099823000036],[71.97972106900005,33.60493850700004],[71.97940826400003,33.60860061600005],[71.97905731200007,33.61188888500004],[71.97952270500008,33.61637878400006],[71.97952270500008,33.619201660000044],[71.97876739500003,33.622711182000046],[71.97899627700008,33.625461578000056],[71.97949981700003,33.629119873000036],[71.97953033400006,33.631671906000065],[71.98065948500005,33.63341903700007],[71.98419952400008,33.63708114600007],[71.98577117900004,33.63904953000008],[71.98578643800005,33.64226913500005],[71.98512268100006,33.64434051500007],[71.98372650100004,33.64706039400005],[71.98200225800008,33.65102005000006],[71.98164367700008,33.653839111000025],[71.98150634800004,33.65605163600003],[71.98121643100006,33.65937042200005],[71.98216247600004,33.663040161000026],[71.98426818800004,33.66606903100006],[71.98664093000008,33.66836929300007],[71.98869323700006,33.670440674000076],[71.98986816400003,33.67221832300004],[71.99217224100005,33.67419815100004],[71.99389648400006,33.675270081000065],[71.99548339800003,33.67615890500008],[71.99762725800008,33.676849365000066],[71.99897003200005,33.69297409100005],[72.00083923300008,33.70054626500007],[72.00280761700003,33.70811843900003],[72.00498962400007,33.71226501500007],[72.00685882600004,33.71444702100007],[72.00800323500005,33.71527481100003],[72.00932312000003,33.71533966100003],[72.00999259100007,33.71464393300005],[72.01025642800005,33.714293793000024],[72.01076568700006,33.71355415000005],[72.01210784900007,33.71379852300004],[72.01338958700006,33.71453857400007],[72.01611328100006,33.71636962900004],[72.01754973100003,33.71751373700005],[72.02021789600008,33.72023010300006],[72.02324676500007,33.72365188600003],[72.02519989000007,33.72628021200006],[72.02697753900003,33.72879028300002],[72.02822113000008,33.73130035400004],[72.02957153300008,33.732978821000074],[72.03217315700005,33.73598861700003],[72.03397369400005,33.73770141600005],[72.03469085700004,33.73958969100005],[72.03497314500004,33.74140930200008],[72.03488159200003,33.74375152600004],[72.03481292700008,33.74542999300007],[72.03547668500005,33.74829101600005],[72.03610992400007,33.75001144400005],[72.03571319600007,33.75045013400006],[72.03655242900004,33.75177002000004],[72.03800201400003,33.75283050500008],[72.03978729200003,33.75355911300005],[72.04363250700004,33.75457000700004],[72.04885101300005,33.755451202000074],[72.05232238800005,33.755939484000066],[72.05449676500007,33.75708007800006],[72.05683898900008,33.757850647000055],[72.06887817400008,33.75994110100004],[72.07209014900008,33.762130737000064],[72.07627105700004,33.764659882000046],[72.07926940900006,33.768020630000024],[72.08000183100006,33.77069091800007],[72.07929229700005,33.77257156400003],[72.07675933800004,33.775909424000076],[72.07376861600005,33.780139923000036],[72.07176146100005,33.78266934800007],[72.07412719700005,33.784931183000026],[72.07911682100007,33.787090302000024],[72.08612823500005,33.787570953000056],[72.09612274200003,33.78535080000006],[72.10498809800004,33.782070160000046],[72.11440277100007,33.779079437000064],[72.12798309300007,33.77476882900004],[72.14040374800004,33.77183151200006],[72.14241343800006,33.77152048200003],[72.14359283400006,33.77148819000007],[72.14922332800006,33.77108001700003],[72.15804290800008,33.769870758000025],[72.16448974600007,33.76889038100006],[72.17289733900003,33.76729965200008],[72.18003845200008,33.76411056500007],[72.18273925800008,33.76285934400005],[72.19300079300007,33.762058258000025],[72.19992828400007,33.76361084000007],[72.20182037400008,33.76420974700005],[72.20284020500003,33.764338372000054],[72.20404052700007,33.76448822000003],[72.20690918000008,33.76530075100004],[72.21058654800004,33.766189575000055],[72.21090698200004,33.767761230000076],[72.20987701400003,33.76961898800005],[72.20916748000008,33.77182006800007],[72.21008300800008,33.773220062000064],[72.21222686800007,33.77354812600004],[72.21511840800008,33.77331161500007],[72.22171020500008,33.77035903900003],[72.22627258300008,33.76784133900003],[72.23317718500005,33.76420974700005],[72.23889160200008,33.76216888400006],[72.24371190300008,33.76174945100007],[72.24404970100005,33.76212469600006],[72.24478912400008,33.76295089700005],[72.24491882300003,33.76391983000008],[72.24478912400008,33.76483154300007],[72.24352264400005,33.76791000400004],[72.24160766600005,33.77098846400003],[72.24073028600003,33.77248001100003],[72.23795318600008,33.77835083000008],[72.23494720500008,33.784061432000044],[72.23429870600006,33.78630828900003],[72.23459625200007,33.79100036600005],[72.23474884000007,33.79261016800007],[72.23549652100007,33.79747009300007],[72.23586273200004,33.79981994600007],[72.23603820800008,33.802509308000026],[72.23631286600005,33.80570983900003],[72.23683929400005,33.81066894500003],[72.23709869400005,33.81536102300004],[72.23735809300007,33.81975936900005],[72.23751068100006,33.82397079500004],[72.23795318600008,33.82756042500006],[72.23834991500007,33.83105087300004],[72.23832615500004,33.83878045700004],[72.23808288600003,33.840518951000035],[72.23683929400005,33.845718384000065],[72.23594665500008,33.85055923500005],[72.23693084700005,33.85446929900007],[72.23805999800004,33.85678100600006],[72.23905632100008,33.86160348000004],[72.23943328900003,33.862339020000036],[72.23990631100008,33.866348267000035],[72.23914337200006,33.86960983300003],[72.23703002900004,33.873451233000026],[72.23465728800005,33.87722015400004],[72.23224639900008,33.88164901700003],[72.23078918500005,33.88848114000007],[72.23153686500007,33.891929626000035],[72.23275756800007,33.89451980600006],[72.23375701900005,33.89976882900004],[72.23452714100006,33.90053499900006],[72.23573303200004,33.90108871500007],[72.23705291700003,33.90150833100006],[72.24004364000007,33.90327072100007],[72.24349975600006,33.90504074100005],[72.24899292000003,33.90774917600004],[72.25106048600003,33.90896987900004],[72.25508117700008,33.91172027600004],[72.26229095500008,33.915000916000054],[72.26811981200007,33.917839050000055],[72.27580261200006,33.922058105000076],[72.27994539400004,33.92418227100006],[72.28179168700007,33.92512893700007],[72.28639221200007,33.92742919900007],[72.28711700400004,33.92779922500006],[72.287925,33.92824697700007],[72.29134368900003,33.930141449000075],[72.29929351800007,33.93441009500003],[72.30536651600005,33.93732070900006],[72.30931854200003,33.940208435000045],[72.31594848600008,33.944171906000065],[72.31973266600005,33.94675827000003],[72.32187652600004,33.94787979100005],[72.32301330600006,33.94815063500005],[72.32546234100005,33.94749069200003],[72.32849884000007,33.94659042400008],[72.33132171600005,33.94604110700004],[72.33359383900006,33.94530610800007],[72.33442688000008,33.94517898600003],[72.33879089400006,33.944171906000065],[72.34068298300008,33.94498825100004],[72.34654235800008,33.947078705000024],[72.35169982900004,33.94918060300006],[72.35482025100004,33.95029830900006],[72.35800933800004,33.95145034800004],[72.36293029800004,33.953338623000036],[72.36663055400004,33.95468139600007],[72.36837845700006,33.955353667000054],[72.36881256100008,33.955520630000024],[72.37138366700003,33.95632171600005],[72.37335968000008,33.95687103300003],[72.37502288800005,33.95740890500008],[72.37830352800006,33.95967102100008],[72.37853241000005,33.96086883500004],[72.37863159200003,33.963668823000035],[72.37840271000005,33.96509933500005],[72.37841796900005,33.96685028100006],[72.37848663300008,33.96833038300008],[72.37866973900003,33.97079086300005],[72.37975311300005,33.971210480000025],[72.38091729500007,33.97150170500004],[72.38198254700006,33.97155240500007],[72.38242340100004,33.971809387000064],[72.38356781000005,33.972110748000034],[72.38495636000005,33.972400665000066],[72.38655090300006,33.972839355000076],[72.38791656500007,33.973098755000024],[72.38937377900004,33.973388672000056],[72.39102172900004,33.97378921500007],[72.39333343500005,33.97434997600004],[72.39508819600007,33.97480011000005],[72.39647674600008,33.97520828200004],[72.39775848400006,33.975429535000046],[72.39993286100008,33.97595977800006],[72.40135192900004,33.97628021200006],[72.40249633800005,33.977748871000074],[72.40252685500008,33.97932052600004],[72.40270233200005,33.98096084600007],[72.40267944300007,33.98234176600005],[72.40278625500008,33.983718872000054],[72.40297699000007,33.98577880900007],[72.40313720700004,33.98765182500006],[72.40322113000008,33.98984909100005],[72.40323638900003,33.991851807000046],[72.40323638900003,33.99341964700005],[72.40326690700005,33.99460983300003],[72.40319061300005,33.99663925200008],[72.40312957800006,33.99800872800006],[72.40248870800008,34.000171661000024],[72.40244293200004,34.00072860700004],[72.40258789100005,34.00201034500003],[72.40232849100005,34.00386810300006],[72.40232576700004,34.00515674300004],[72.40384674100005,34.006000519000054],[72.40518188500005,34.00656127900004],[72.40686035200008,34.00645065300006],[72.40866088900003,34.00579071000004],[72.41043853800005,34.00524139400005],[72.41217804000007,34.00479126000005],[72.41346740700004,34.004360199000075],[72.41493988000008,34.003849030000026],[72.41706848100006,34.00352096600005],[72.41954803500005,34.00292968700006],[72.42135620100004,34.00254821800007],[72.42353057900004,34.00185012800006],[72.42469024700006,34.00141143800005],[72.42642211900005,34.000930786000026],[72.42720794700006,34.000801086000024],[72.42808360700008,34.00053007400004],[72.42925262500006,34.000518799000076],[72.43119812000003,34.00043869000007],[72.43267059300007,34.000381470000036],[72.43406677200005,34.00046920800003],[72.43679046600005,34.00048828100006],[72.43904876700003,34.00067901600005],[72.44161224400005,34.00064086900005],[72.44313812300004,34.00017929100005],[72.44402313200004,33.99816131600005],[72.44590759300007,33.99541854900008],[72.44721984900008,33.993900299000074],[72.44782257100007,33.99267959600007],[72.44876861600005,33.99147033700007],[72.45330810500008,33.99254989600007],[72.45767974900008,33.99330520700005],[72.46459198000008,33.994991302000074],[72.47091246000008,33.99673563600004],[72.47267150900007,33.99721908600003],[72.47844696000004,33.99832916300005],[72.48319244400005,33.99972915600006],[72.48548889200003,34.00024032600004],[72.48966217000003,34.001449585000046],[72.49762725800008,34.00017929100005],[72.50161743200005,33.998458862000064],[72.50312042200005,33.997600555000076],[72.50488281200006,33.99716949500004],[72.50711822500006,33.99731826800007],[72.50846862800006,33.99734115600006],[72.51017761200006,33.99713897700008],[72.51228332500006,33.99702835100004],[72.51432037400008,33.997039795000035],[72.51658630400004,33.99700164800004],[72.51963806200007,33.99689102200006],[72.52115631100008,33.996681213000045],[72.52295684800004,33.99663925200008],[72.52456665000005,33.99679184000007],[72.52577209500004,33.997749329000044],[72.52658844000007,33.998619080000026],[72.52793121300004,33.99961090100004],[72.52895355200008,34.00027847300004],[72.53011322000003,34.00075149500003],[72.53157806400003,34.00096130400004],[72.53282165500008,34.00072097800006],[72.53407287600004,34.00016021700003],[72.53556823700006,33.999160767000035],[72.53948974600007,33.99694061300005],[72.54062652600004,33.99642944300007],[72.54174804700006,33.99570846600005],[72.54295349100005,33.99514007600004],[72.54434204100005,33.99533081100003],[72.54624176100003,33.996641159000035],[72.54808044400005,33.99753952000003],[72.54887632100008,33.99794750900003],[72.54956817600004,33.99824905400004],[72.54953765900007,33.997009277000075],[72.54911041300005,33.99501037600004],[72.54917846200004,33.993830854000066],[72.54945373500004,33.99332046500007],[72.54876709000007,33.99332046500007],[72.54867079300004,33.98898744400003],[72.55091095000006,33.98276901200006],[72.55068206800007,33.97800064100005],[72.55008697500006,33.97500991800007],[72.55375671400003,33.95547103900003],[72.55883026100008,33.95956039400005],[72.57800293000008,33.95557022100007],[72.58267974900008,33.95331955000006],[72.58821868900003,33.95323944100005],[72.58999633800005,33.951560974000074],[72.59394073500005,33.95032119800004],[72.59829711900005,33.95127868700007],[72.60344696000004,33.95344924900007],[72.60402047500008,33.95334339900006],[72.60685730000006,33.95281982400007],[72.61225691200008,33.95107123200006],[72.61489105200008,33.95021820100004],[72.62132263200004,33.94879913300008],[72.62494659400005,33.948268890000065],[72.62724304200003,33.94686889600007],[72.62933349600007,33.946060181000064],[72.63204193100006,33.94503021200006],[72.63395690900006,33.94430923500005],[72.63878631600005,33.94110107400007],[72.64048767100007,33.938781738000046],[72.64228057900004,33.93692016600005],[72.64878845200008,33.93349075300006],[72.65255737300004,33.93109893800005],[72.65288201800007,33.93067939500003],[72.65332794200003,33.92861175500008],[72.65297699000007,33.92512130700004],[72.64971923800005,33.92280960100004],[72.64707946800007,33.920860291000054],[72.64473724400005,33.919528961000026],[72.63310241700003,33.91654968300003],[72.63063049300007,33.916118622000056],[72.62802887000004,33.91540908800005],[72.62972259500003,33.91267013500004],[72.62921142600004,33.909690857000044],[72.63014984100005,33.90760040300006],[72.62655639600007,33.902828217000035],[72.61933136000005,33.896610260000045],[72.61663055400004,33.89690017700008],[72.60804748500004,33.89152908300008],[72.61010742200006,33.88573074300007],[72.60578155500008,33.88209152200005],[72.60601043700007,33.87712097200006],[72.60948944100005,33.87512970000006],[72.61348492200005,33.875540545000035],[72.61464691200007,33.87565994300007],[72.61755371100008,33.875419617000034],[72.62286377000004,33.874759674000074],[72.62962341300005,33.87714004500003],[72.63377380400004,33.880210876000035],[72.63820648200004,33.873149872000056],[72.64270782500006,33.870479584000066],[72.64090728800005,33.865528107000046],[72.64335632300003,33.86204910300006],[72.64414215100004,33.85750961300005],[72.65574646000005,33.86447143600003],[72.66179657000004,33.861869812000066],[72.66641235400004,33.86285018900003],[72.66985321000004,33.86445999100005],[72.67395782500006,33.866180420000035],[72.67752838100006,33.866729736000025],[72.68582153300008,33.869178772000055],[72.68723297100007,33.87112045300006],[72.69296264600007,33.871379852000075],[72.69334905500006,33.87156284400004],[72.69881468600005,33.875302883000074],[72.69996643100006,33.876091003000056],[72.70677948000008,33.88050842300004],[72.70889282200005,33.88232040400004],[72.70938873300008,33.88908004800004],[72.70858001700003,33.891929626000035],[72.70691680900006,33.89480972300004],[72.70733599300007,33.89659931600005],[72.70810699500004,33.89989090000006],[72.70433807400008,33.902549744000055],[72.70511627200005,33.90568924000007],[72.70928192100007,33.90515899700006],[72.71308898900008,33.904708862000064],[72.71565246600005,33.90528869600007],[72.71883345000003,33.90547066900007],[72.73105621300004,33.90616989100005],[72.73451995800008,33.906288147000055],[72.73573303200004,33.908489227000075],[72.73413085900006,33.91035842900004],[72.73124694800003,33.91184997600004],[72.72740173300008,33.91352081300005],[72.72471618700007,33.914569855000025],[72.72305297900004,33.91643905600006],[72.72389221200007,33.919689178000056],[72.72596740700004,33.92144012500006],[72.72878265400004,33.923419952000074],[72.73301696800007,33.92673111000005],[72.73509216300005,33.928760529000044],[72.73773193400007,33.93095016500007],[72.74330139200003,33.93455886800007],[72.74388885500008,33.93738174400005],[72.74651336700003,33.936828613000046],[72.74958038300008,33.93849945100004],[72.75650787400008,33.94647979700005],[72.75894165000005,33.94887161300005],[72.76226806600005,33.95365905800003],[72.76525116000005,33.95220184300007],[72.76864624000007,33.94952011100003],[72.76865019000007,33.94951848300008],[72.77211761500007,33.94808960000006],[72.77533721900005,33.94615173300008],[72.77851104700005,33.94345855700004],[72.78113818600008,33.942339709000066],[72.78235626200006,33.94179153400006],[72.78381347700008,33.939769745000035],[72.78607940700005,33.93154907200005],[72.78735351600005,33.92692184400005],[72.78923797600004,33.923999786000024],[72.78903961200007,33.920150757000044],[72.78636932400008,33.917121887000064],[72.78366851800007,33.915470123000034],[72.77951812700007,33.91482925400004],[72.77665710400004,33.91495895400004],[72.77014923100006,33.91527175900006],[72.77725982700008,33.90322113000008],[72.78009033200004,33.902381897000055],[72.78288269000006,33.90118026700003],[72.78555297900004,33.899280548000036],[72.78894805900006,33.89804077100007],[72.78965759300007,33.89355087300004],[72.79139709500004,33.89157867400007],[72.79324340800008,33.88948822000003],[72.79422760000006,33.887058258000025],[72.80296325700004,33.88486099200003],[72.80573272700008,33.885219574000075],[72.80721729000004,33.88689745800008],[72.80883789100005,33.88872909500003],[72.81691964400005,33.888242873000024],[72.82964689300007,33.88747710700005],[72.83274078400007,33.887290955000026],[72.83329010000006,33.881439209000064],[72.83376312300004,33.87894821200007],[72.83376297100006,33.87894767800003],[72.83261871300004,33.87493133500004],[72.83204650900007,33.87269973800005],[72.83162689200003,33.869808197000054],[72.83136749300007,33.864379883000026],[72.83158313500007,33.86283956200003],[72.83139038100006,33.86151886000005],[72.83155059800004,33.858829498000034],[72.83328247100008,33.85363006600005],[72.83528137200005,33.851879120000035],[72.83614349400005,33.84526825000006],[72.83506774900007,33.84193038900003],[72.83178710900006,33.83985137900004],[72.83162689200003,33.84289932300004],[72.82911682100007,33.84580993700007],[72.82498931900005,33.845199585000046],[72.82093048100006,33.84466171300005],[72.81796264600007,33.84450912500006],[72.81844329800003,33.83742141700003],[72.82022094700005,33.83470153800005],[72.82111358600008,33.831279755000025],[72.82190004800003,33.829082877000076],[72.82232666000004,33.82816696200007],[72.82256317100007,33.82757186900005],[72.82788085900006,33.82619094800003],[72.83078002900004,33.82614135700004],[72.83319854700005,33.82580184900007],[72.84239959700005,33.83319854700005],[72.84687805200008,33.833480835000046],[72.84979248000008,33.83166885400004],[72.84966278100006,33.826290131000064],[72.85082244900008,33.82455062900004],[72.85388183600008,33.82394027700008],[72.85753631600005,33.82369995100004],[72.85961914100005,33.824600220000036],[72.87183380100004,33.82590866100003],[72.87118013700007,33.822654998000075],[72.87013244600007,33.817440033000025],[72.86961071000007,33.81490479900003],[72.86763000500008,33.81230926500007],[72.86621856700003,33.809238434000065],[72.86324310300006,33.80538177500006],[72.86093902600004,33.803050995000035],[72.85906219500004,33.80091095000006],[72.85695648200004,33.79843139600007],[72.85537719700005,33.79710006700003],[72.85234832800006,33.79730987500005],[72.84706115700004,33.80023956300005],[72.84532928500005,33.801471710000044],[72.84174346900005,33.80281066900005],[72.83966827400008,33.80052948000008],[72.83838653600003,33.798770905000026],[72.83593750000006,33.796649933000026],[72.83307647700008,33.79372024500003],[72.83016204800003,33.790908813000044],[72.82875061000004,33.78852081300005],[72.82727050800008,33.78554153400006],[72.82652282700008,33.78284072900004],[72.82224232000004,33.77905227400004],[72.82166290300006,33.77830886800007],[72.82734680200008,33.77040100100004],[72.82940673800005,33.763328552000075],[72.83217620800008,33.762531281000065],[72.83538818400007,33.763168335000046],[72.83818817100007,33.76388931300005],[72.84149932900004,33.764930725000056],[72.84435272200005,33.76462173500005],[72.84496307400008,33.76255035400004],[72.84707641600005,33.762180328000056],[72.85124969500004,33.76436996500007],[72.85270690900006,33.766571045000035],[72.85202026400003,33.76934051500007],[72.85540771500007,33.76942062400008],[72.85758209200003,33.77022934000007],[72.86216735800008,33.769760132000044],[72.86499786400003,33.76773834200003],[72.86753082300004,33.76208114600007],[72.87072753900003,33.760799408000025],[72.87590789800004,33.76158142100007],[72.88067627000004,33.76399993900003],[72.88873291000004,33.76644897500006],[72.88970947300004,33.76393890400004],[72.88841247600004,33.761940002000074],[72.88829773700007,33.761815564000074],[72.88629150400004,33.75963974000007],[72.88289642300003,33.75851821900005],[72.88073730500008,33.757499695000035],[72.88667297400008,33.75286102300004],[72.88873291000004,33.751251221000075],[72.89228057900004,33.750461578000056],[72.91198730500008,33.74776840200008],[72.91479151400006,33.74803547000005],[72.91681671100008,33.74671936000004],[72.92080688500005,33.74626922600004],[72.92386627200005,33.74560165400004],[72.92606353800005,33.73715972900004],[72.92053985600006,33.73447036700003],[72.91641998300008,33.72937011700003],[72.91578674300007,33.72906494100005],[72.91488647500006,33.72877121000005],[72.91350555400004,33.72843551600005],[72.91249847400007,33.72830963100006],[72.91172790500008,33.728225708000025],[72.91049957300004,33.728218079000044],[72.90943145800003,33.728260040000066],[72.90790557900004,33.728260040000066],[72.90693664600008,33.72818756100003],[72.90573883100006,33.728260040000066],[72.90449523900008,33.728057861000025],[72.90267944300007,33.72776794400005],[72.90142822300004,33.72731399500003],[72.90030670200008,33.72699356100003],[72.89907836900005,33.72642898600003],[72.89785766600005,33.725364685000045],[72.89716339100005,33.72425079300007],[72.89674377400007,33.72329711900005],[72.89674225600004,33.72328573100003],[72.89665985100004,33.72266769400005],[72.89640045200008,33.72181511000008],[72.89639957900005,33.721814108000046],[72.89602661100008,33.72138595600006],[72.89517974900008,33.72111129800004],[72.89302825900006,33.72066497800006],[72.89090728800005,33.720245361000025],[72.88962554900007,33.72004318200004],[72.88716125500008,33.71938705400004],[72.88465118400006,33.719066620000035],[72.88268280000005,33.719001770000034],[72.88152313200004,33.719100952000076],[72.87944030800008,33.71926498400006],[72.87715911900005,33.71957397500006],[72.87536621100008,33.719696045000035],[72.87436676000004,33.719650269000056],[72.87268829300007,33.71932601900005],[72.87017822300004,33.71844863900003],[72.86762237500005,33.71804428100006],[72.86641693100006,33.71792221100003],[72.86480712900004,33.718204498000034],[72.86285400400004,33.71852874800004],[72.86000061000004,33.719306946000074],[72.85797119100005,33.719856262000064],[72.85697937000003,33.71994781500007],[72.85557556200007,33.71980285600006],[72.85301971400008,33.71934509300007],[72.85063934300007,33.718460083000025],[72.84884643600003,33.717304230000025],[72.84610748300008,33.715240479000045],[72.84426879900008,33.713279724000074],[72.84356689500004,33.71200180100004],[72.84285736100003,33.71064376800007],[72.84284904100008,33.710616437000056],[72.84225463900003,33.708663940000065],[72.84196472200006,33.707061768000074],[72.84178924600008,33.70629119900008],[72.84178582700008,33.706288732000075],[72.84121320400004,33.70587552500007],[72.83930969200003,33.70538330100004],[72.83776855500008,33.705108643000074],[72.83600616500007,33.70456314100005],[72.83418273900008,33.704048157000045],[72.83189392100007,33.703578949000075],[72.82833099400005,33.70293426500007],[72.82415008500004,33.70256424000007],[72.82084655800008,33.702198029000044],[72.81846618700007,33.701927185000045],[72.81626129200004,33.70167541500007],[72.814888,33.70153045700005],[72.81388102200003,33.70140276200004],[72.81390225400008,33.701376768000046],[72.81491088900003,33.700141907000045],[72.81643676800007,33.69819259600007],[72.81828308100006,33.69593048100006],[72.81973266600005,33.69387435900006],[72.82144928000008,33.69169616700003],[72.82270050000005,33.69017791700003],[72.82926940900006,33.681789398000035],[72.83213806200007,33.67818069500004],[72.83696746800007,33.67169570900006],[72.84225463900003,33.66490936300005],[72.85040134200005,33.654495877000045],[72.85362243700007,33.650333405000026],[72.86254119900008,33.63899231000005],[72.86540222200006,33.635353088000045],[72.87440490700004,33.623867035000046],[72.87667083700006,33.62097549400005],[72.88192713500007,33.614178723000066],[72.88280487100008,33.61304473900003],[72.88740539600008,33.60720062300004],[72.89614868200005,33.59600067100007],[72.89839856300006,33.59291292800003],[72.89881134000007,33.59234237700008],[72.90802002000004,33.580619812000066],[72.91071319600007,33.57704162600004],[72.91382598900003,33.57307434100005],[72.91421508800005,33.57263183600003],[72.91709137000004,33.574241638000046],[72.92030334500004,33.57596969600007],[72.92133879200003,33.57630005000004],[72.92407226600005,33.577972412000065],[72.92874908400006,33.580459595000036],[72.93331909200003,33.582874298000036],[72.93769073500005,33.58520889300007],[72.94197845500008,33.58744812000003],[72.94667053200004,33.58989334100005],[72.95245361300005,33.59296035800003],[72.95735931400003,33.59553527800006],[72.96406555200008,33.598995209000066],[72.97192382800006,33.603179932000046],[72.98286438000008,33.60885620100004],[72.98572540300006,33.61037445100004],[72.98609832400007,33.610571669000024],[72.98612213100006,33.61058425900006],[72.98327636700003,33.61407089200003],[72.98162841800007,33.61647033700007],[72.97969055200008,33.61894226100003],[72.97746276900006,33.621330261000026],[72.97573089600007,33.62273788500005],[72.97460174600008,33.623554230000025],[72.97354126000005,33.624057770000036],[72.97161865200007,33.62488555900006],[72.96936035200008,33.62573623700007],[72.96764373800005,33.62628555300006],[72.96664428700007,33.62675094600007],[72.96652851200008,33.627168193000045],[72.96652797700006,33.62717012000007],[72.96690368700007,33.62820053100006],[72.96730311100004,33.628977528000064],[72.96778106700003,33.62984848000008],[72.96878051800007,33.631464005000055],[72.96924591100003,33.63152313200004],[72.97048187300004,33.63080596900005],[72.97313690200008,33.62866210900006],[72.97423553500005,33.62765502900004],[72.97463226300005,33.62741851800007],[72.97516632100007,33.627326965000066],[72.97632598900003,33.62755584700005],[72.97972869900008,33.62921142600004],[72.98225402800006,33.63038253800005],[72.98406982400007,33.63130950900006],[72.98691558800004,33.63334274300007],[72.98796081500006,33.63397216800007],[72.98841095000006,33.63402175900006],[72.98881530800008,33.63386917100007],[72.98963928200004,33.632858276000036],[72.99067688000008,33.63159942600004],[72.99372863800005,33.62821579000007],[72.99692535400004,33.624416351000036],[73.00087738000008,33.619873047000056],[73.00177764900008,33.61878967300004],[73.00453186000004,33.62033081100003],[73.00902557400008,33.62273025500008],[73.01329040500008,33.624935150000056],[73.02178192100007,33.629318237000064],[73.02494049100005,33.63104629500003],[73.03118001400003,33.63415312500007],[73.03321075400004,33.63536834700005],[73.03526840700005,33.636472455000046],[73.03714752200005,33.637481689000026],[73.04533386200006,33.64175796500007],[73.05010986300005,33.64426422100007],[73.05361804500006,33.64613225200003],[73.05745697000003,33.64817810100004],[73.06246948200004,33.650741577000076],[73.07090664300006,33.65520442600007],[73.07137298600003,33.65545272800006],[73.07719421400003,33.65848159800004],[73.08477020300006,33.66238784800004],[73.08771514900008,33.66396713300003],[73.08820092600007,33.66418929500003],[73.08980560300006,33.662170410000044],[73.09114074700005,33.660675049000076],[73.09196472200006,33.65995407100007],[73.09322357200006,33.65822219800003],[73.09402465800008,33.657196045000035],[73.09899085400008,33.65066335600005],[73.10463714600007,33.643287659000066],[73.10751500300006,33.639488192000044],[73.10968780500008,33.63661956800007],[73.11128997800006,33.634445190000065],[73.11528778100006,33.629516602000024],[73.11672392500003,33.62771167100004],[73.11837768600003,33.62563324000007],[73.12300109900008,33.619426727000075],[73.12432098400006,33.617809296000075],[73.12547627600003,33.616291905000026],[73.12757873500004,33.61352920500008],[73.13107299800004,33.60899353000008],[73.13539886500007,33.60334777800006],[73.13990783700007,33.59740448000008],[73.14246368400006,33.59400558500005],[73.14733123800005,33.58773422200005],[73.14842224100005,33.586334229000045],[73.15210723900003,33.58145141600005],[73.15449905400004,33.57836914100005],[73.15447653400008,33.57835578900006],[73.15160369900008,33.57665252700008],[73.14627075200008,33.573810577000074],[73.14302825900006,33.57205200200008],[73.13777923600003,33.56914901700003],[73.13159875300005,33.56575186400005],[73.12773132300003,33.563716888000044],[73.12365722700008,33.56175231900005],[73.11837005600006,33.558879852000075],[73.11198425300006,33.55556106600005],[73.10486602800006,33.551849365000066],[73.09994506800007,33.54935073900003],[73.09740448000008,33.547973633000026],[73.09137725800008,33.544696808000026],[73.08987225300007,33.543945664000034],[73.08687591600005,33.54241943400007],[73.08690271700004,33.542408099000056],[73.08920288100006,33.541435242000034],[73.09275054900007,33.53969955400004],[73.09735521300007,33.537556004000066],[73.10093689000007,33.535888672000056],[73.10441589400006,33.534309387000064],[73.10646057100007,33.53342056300005],[73.11489105200008,33.52952194200003],[73.12170410200008,33.52634811400003],[73.12380218500005,33.525318146000075],[73.13043212900004,33.52215576200007],[73.13651275600006,33.519424438000044],[73.14024353000008,33.517608643000074],[73.14773559600008,33.51415252700008],[73.15322876000005,33.511596680000025],[73.16028595000006,33.50817871100003],[73.16673278800005,33.50511932400008],[73.16955566400003,33.50382232700008],[73.17523193400007,33.50105667100007],[73.18146514900008,33.49812316900005],[73.18450164800004,33.49676513700007],[73.19131469700005,33.493629456000065],[73.19674682600004,33.49108886700003],[73.19972885400006,33.48971101600006],[73.20172119100005,33.49186325100004],[73.20419311500007,33.494544983000026],[73.20784759500003,33.49832153300002],[73.21018219000007,33.50076675400004],[73.21562194800003,33.50645065300006],[73.21791839600007,33.50882720900006],[73.22423689700008,33.51544073700006],[73.23085784900007,33.522319794000055],[73.23190307600004,33.523395538000045],[73.23635101300005,33.52810287500006],[73.23992919900007,33.53175354000007],[73.24218106400008,33.534069561000024],[73.24528503400006,33.53726196300005],[73.24677276600005,33.53886795000005],[73.25102233900003,33.54323577900004],[73.25851440400004,33.55008316000004],[73.25951385500008,33.55105590800002],[73.26616668700007,33.55716705300006],[73.26860809300007,33.559661865000066],[73.27351379400005,33.564674377000074],[73.27487945600006,33.56626892100007],[73.27585601800007,33.56727600100004],[73.27883148200004,33.57060241700003],[73.27999877900004,33.571651459000066],[73.28052945200005,33.57187777400003],[73.28204345700004,33.57355880700004],[73.28364563000008,33.57500457800006],[73.28661346400008,33.57844924900007],[73.28845977800006,33.580261230000076],[73.29027557400008,33.58178329500004],[73.29282379200004,33.58481597900004],[73.29341888400006,33.585479736000025],[73.29421234100005,33.58604812600004],[73.29508209200003,33.586853027000075],[73.29595184300007,33.58774185200008],[73.29656982400007,33.588748932000044],[73.29742782900007,33.58965576500003],[73.29872816300008,33.59125469600008],[73.29875183100006,33.59128379800006],[73.29660797100007,33.59140777600004],[73.29496765100004,33.59147262600004],[73.29330444300007,33.59183311500004],[73.29294586200007,33.59239959700005],[73.29288482700008,33.59308624300007],[73.29286193800004,33.594394684000065],[73.29306793200004,33.59553527800006],[73.29306793200004,33.59625625600006],[73.29309082000003,33.597679138000046],[73.29339599600007,33.59899902300003],[73.29370211600008,33.60013017500006],[73.29370880100004,33.60015487700008],[73.29418945300006,33.600994110000045],[73.29471588100006,33.601848602000075],[73.29546356200007,33.603767395000034],[73.29595947300004,33.60484695400004],[73.29664611800007,33.60605239900008],[73.29756164600008,33.60699462900004],[73.29886627200005,33.607833862000064],[73.30014801000004,33.60870742800006],[73.30142211900005,33.60944366500007],[73.30226898200004,33.61002349900008],[73.30260557600008,33.61056722600006],[73.30261612000004,33.61058425900006],[73.30253601100003,33.611763],[73.30211639400005,33.61265564000007],[73.30179595900006,33.613494873000036],[73.30163574200003,33.614597321000076],[73.30166626000005,33.61617660500008],[73.30192565900006,33.61707305900006],[73.30195999200004,33.61773109500007],[73.30121612500005,33.61974716200007],[73.30099487300004,33.62081909200003],[73.30094909700006,33.622520447000056],[73.30077362100008,33.62448120100004],[73.30056762700008,33.625396729000045],[73.30039215100004,33.62600708000008],[73.30028533900008,33.62697219800003],[73.30006408700007,33.629127502000074],[73.30009455500004,33.630944216000046],[73.30009460400004,33.63094711300005],[73.30075073200004,33.63278961200007],[73.30125894600008,33.634082903000035],[73.30126190200008,33.63409042400008],[73.30159759600008,33.635210037000036],[73.30164753500003,33.63579033900004],[73.30144882200005,33.63659858700004],[73.30112457300004,33.63727188100006],[73.30022430400004,33.63804626500007],[73.29965210000006,33.63851547200005],[73.29907226600005,33.639091492000034],[73.29873657200005,33.639652252000076],[73.29827880900007,33.64035797100007],[73.29799652100007,33.64113998400006],[73.29797363300008,33.642223358000024],[73.29820261400005,33.642947234000076],[73.29821014400005,33.64297103900003],[73.29850006100008,33.64379882800006],[73.29904174800004,33.64489364600007],[73.29944610600006,33.645580292000034],[73.30014038100006,33.64651107800006],[73.30117797900004,33.64731216400003],[73.30243682900004,33.64787674000007],[73.30340576200007,33.64841461200007],[73.30412704500003,33.649018804000036],[73.30414009100008,33.64902973200003],[73.30404663100006,33.64955520600006],[73.30355835000006,33.65031433100006],[73.30300140400004,33.65100860600006],[73.30248260500008,33.65190506000005],[73.30212402300003,33.65275955200008],[73.30178070100004,33.65363311800007],[73.30167969200005,33.65447111800006],[73.30167770400004,33.65448761000005],[73.30213165300006,33.65501022300003],[73.30294036900005,33.65518188500005],[73.30569458000008,33.65552902200005],[73.30686950700004,33.655895233000024],[73.30773925800008,33.65636444100005],[73.30841064500004,33.65728759800004],[73.30905151400003,33.65803527800006],[73.30944061300005,33.658432007000044],[73.31034088100006,33.65908050500008],[73.31140136700003,33.65954971300005],[73.31268310500008,33.66006469700005],[73.31360626200006,33.66043853800005],[73.31458282500006,33.66094589200003],[73.31585693400007,33.661651611000025],[73.31698608400006,33.662322998000036],[73.31824493400006,33.66283416700003],[73.31893508800005,33.66333466900005],[73.31895637500008,33.66335010600005],[73.31861114500003,33.66378021200006],[73.31805801400003,33.664205552000055],[73.31813997900008,33.664595777000045],[73.31814575200008,33.66462326000004],[73.31876373300008,33.665008545000035],[73.32019043000008,33.66548156700003],[73.32189941400003,33.665908813000044],[73.32315826400003,33.66632080100004],[73.32375335700004,33.666587830000026],[73.32424926800007,33.66665267900004],[73.32489013700007,33.66643905600006],[73.32534790000005,33.66616058300008],[73.32579803500005,33.66612625100004],[73.32621765100004,33.66626358000008],[73.32701873800005,33.66660690300006],[73.32769394000007,33.66674232500003],[73.32845306400003,33.66656494100005],[73.32888793900008,33.666221619000055],[73.32932281500007,33.66568756100003],[73.32986450200008,33.66539001500007],[73.33065033000008,33.66518783600003],[73.33210754400005,33.66476440400004],[73.33275604200003,33.66460037200005],[73.33587646500007,33.66395950300006],[73.33834838900003,33.663669586000026],[73.34101104700005,33.663539886000024],[73.34278869600007,33.663726807000046],[73.34378814700005,33.66402816800007],[73.34490966800007,33.66411590600006],[73.34658813500005,33.664443970000036],[73.34729003900003,33.66447830200008],[73.34783172600004,33.664333344000056],[73.34816741900005,33.66402816800007],[73.34834289600008,33.663539886000024],[73.34897774300003,33.662314809000065],[73.34931182900004,33.66193771400003],[73.34992981000005,33.661586761000024],[73.35069274900007,33.66133117700008],[73.35149383500004,33.66131210300006],[73.35235595700004,33.66155242900004],[73.35353851300005,33.66212081900005],[73.35454559300007,33.662490845000036],[73.35587310800008,33.66339874300007],[73.35694122300004,33.66436767600004],[73.35766601600005,33.66551971400003],[73.35809929200008,33.66671122300005],[73.35810852100008,33.66673660300006],[73.35822296100008,33.66791534400005],[73.35816955600006,33.66939163200004],[73.35797882100007,33.670398712000065],[73.35800120400006,33.67124554900005],[73.35800170900006,33.67126464900008],[73.35868072500006,33.67206573500005],[73.36031341600005,33.67362976100003],[73.36194610600006,33.67514038100006],[73.36441803000008,33.67730331400003],[73.36635589600007,33.678714752000076],[73.36780548100006,33.679565430000025],[73.36911773700007,33.68017959600007],[73.37023925800008,33.680713654000044],[73.37141418500005,33.68150711100003],[73.37248992900004,33.682285309000065],[73.37563324000007,33.68448257400007],[73.37808990500008,33.686389923000036],[73.37953186000004,33.68749618500004],[73.38067627000004,33.688686371000074],[73.38324737500005,33.691028595000034],[73.38366699200003,33.69140625000006],[73.38501739500003,33.694450378000056],[73.38624572800006,33.69762039200003],[73.38808441200007,33.69972229000007],[73.38925184700008,33.70212538800007],[73.38925933800004,33.702140808000024],[73.38933709400004,33.702658185000075],[73.38939666800007,33.70362854000007],[73.38724517800006,33.704319],[73.38574218700006,33.704006195000034],[73.38448333700006,33.70411682100007],[73.38391113300008,33.704208374000075],[73.38184356700003,33.704311371000074],[73.37949371300004,33.70449829100005],[73.37748718300008,33.704685211000026],[73.37664032000004,33.70466613800005],[73.37595367400007,33.70452499400005],[73.37513732900004,33.70418167100007],[73.37318420400004,33.70319366500007],[73.37203216600005,33.70244979900008],[73.37126541100008,33.702054977000046],[73.37056732200006,33.702541351000036],[73.37001800500008,33.70312118500004],[73.36919403100006,33.70446014400005],[73.36859893800005,33.70518875100004],[73.36792755100004,33.70568466200007],[73.36712646500007,33.70597076400003],[73.36569976800007,33.70625305200008],[73.36418151900006,33.70631790200002],[73.36273956300005,33.70622253400006],[73.36178588900003,33.70612335200008],[73.36094665500008,33.70610809300007],[73.35957336400008,33.70615005500008],[73.35815429700006,33.70626068100006],[73.35626983600008,33.70654678300008],[73.35284423800005,33.70710372900004],[73.35070037800006,33.70759964000007],[73.34855651900006,33.70827865600006],[73.34724426300005,33.70903396600005],[73.34551239000007,33.71050643900003],[73.34297180200008,33.71299743700007],[73.34235382100007,33.71372222900004],[73.34210968000008,33.71414566000004],[73.34188079800003,33.71516799900007],[73.34133911100008,33.71704483000008],[73.34055155300007,33.720085862000076],[73.34043121300004,33.720550537000065],[73.33908539800007,33.72436718400007],[73.33847808800004,33.72608947800006],[73.33779144300007,33.727317810000045],[73.33737182600004,33.72781753500004],[73.33691406200006,33.72807693500005],[73.33540344200003,33.72863769500003],[73.33499145500008,33.72884750400004],[73.32852935800008,33.73190689100005],[73.32607269300007,33.733001709000064],[73.32437896700003,33.733673096000075],[73.32269287100007,33.73437881500007],[73.32015228300008,33.73553085300006],[73.31883239700005,33.73618698100006],[73.31738281200006,33.73661804200003],[73.31341552700007,33.73806762700008],[73.30921173100006,33.739944458000025],[73.30628203800006,33.74150149400003],[73.30547332800006,33.74214172400008],[73.30484008800005,33.742797852000024],[73.30431366000005,33.74362564100005],[73.30397796600005,33.744224548000034],[73.30355835000006,33.744808197000054],[73.30241394000006,33.74559402500006],[73.30110931400003,33.74648666400003],[73.30058288600003,33.74695587200006],[73.30027771000005,33.747398376000035],[73.30026245100004,33.748188019000054],[73.30033111600005,33.74895858800005],[73.30023193400007,33.749423981000064],[73.29952240000006,33.75035858200005],[73.29899597200006,33.75086212200006],[73.29747772200005,33.75162887600004],[73.29594421400003,33.75244903600003],[73.29430389400005,33.75349426300005],[73.29251098600008,33.75490570100004],[73.29107666000004,33.75640869100005],[73.28990173300008,33.75741577100007],[73.28562927200005,33.760799408000025],[73.28231048600003,33.76345825200008],[73.28050231900005,33.764873505000025],[73.27743530300006,33.76748657200005],[73.27605098000004,33.76836021500003],[73.27493286100008,33.769065857000044],[73.27428436300005,33.769504547000054],[73.27364349400005,33.77026748700007],[73.27190399200003,33.77179718000008],[73.26992034900007,33.77332305900006],[73.26862335200008,33.77453994800004],[73.26804351800007,33.77523040800003],[73.26718902600004,33.775764465000066],[73.26590728800005,33.77629852300004],[73.26450347900004,33.77692413300008],[73.26360321000004,33.77737045300006],[73.26240539600008,33.777988434000065],[73.26137542700008,33.77871704100005],[73.26067352300004,33.77901840200008],[73.25970459000007,33.77926635700004],[73.25846862800006,33.77931594800003],[73.25666046100008,33.778961182000046],[73.25530242900004,33.77858734100005],[73.25467681900005,33.778442383000026],[73.25418090800008,33.778442383000026],[73.25362396200006,33.77882766700003],[73.25246429400005,33.77991104100005],[73.25169372600004,33.78083801300005],[73.25088501000005,33.78143692000003],[73.25025939900007,33.78171920800003],[73.24947357200006,33.781940460000044],[73.24830627400007,33.78205490100004],[73.24724578900003,33.78220367400007],[73.24639892600004,33.782546997000054],[73.24539184600008,33.78325653100006],[73.24485015900007,33.783775330000026],[73.24428558300008,33.78466033900003],[73.24388885500008,33.78495025600006],[73.24291229200003,33.78543472300004],[73.24174499500003,33.78589630100004],[73.24071502700008,33.786247253000056],[73.23887634300007,33.78649139400005],[73.23776245100004,33.78666687000003],[73.23705291700003,33.78684997600004],[73.23619079600007,33.787281036000024],[73.23514556900005,33.787681580000026],[73.23459625200007,33.78780746500007],[73.23374176000004,33.787944794000055],[73.23326873800005,33.78789520300006],[73.23278808600008,33.78781127900004],[73.23205566400003,33.787910461000024],[73.23117828400007,33.78806686400003],[73.23030853300008,33.78834152200005],[73.22942352300004,33.78873825100004],[73.22859954800003,33.78906631500007],[73.22799682600004,33.78932952900004],[73.22732025500005,33.78948159300006],[73.22510528600003,33.790050507000046],[73.22348785400004,33.79042816200007],[73.22204589800003,33.79080963100006],[73.22092106200006,33.79125932100004],[73.22034343100006,33.79120711500008],[73.21940612800006,33.791435242000034],[73.21733856200007,33.79191207900004],[73.21585845900006,33.79235076900005],[73.21365356400008,33.792823792000036],[73.21100616500007,33.79329299900007],[73.21012878400006,33.793445587000065],[73.20832824700005,33.79403305100004],[73.20600128200005,33.794609070000035],[73.20311737100008,33.79527664200003],[73.19928741500007,33.79621124300007],[73.19611358600008,33.79693985000006],[73.19498443600008,33.79724121100003],[73.19403076200007,33.79747009300007],[73.19360351600005,33.79753875700004],[73.19311523400006,33.797710419000055],[73.19272613500004,33.79801940900006],[73.19212341300005,33.79828643800005],[73.19063568100006,33.799289703000056],[73.18965148900008,33.80004882800006],[73.18872070300006,33.800636292000036],[73.18818664600008,33.801002502000074],[73.18756866500007,33.801403046000075],[73.18629455600006,33.80208206200007],[73.18445587200006,33.80303192100007],[73.18269348100006,33.80379104600007],[73.18179321300005,33.804271698000036],[73.18090820300006,33.80461883500004],[73.17999267600004,33.80484390300006],[73.17926025400004,33.805027008000025],[73.17781066900005,33.805187225000054],[73.17625427200005,33.80532074000007],[73.17473602300004,33.80532836900005],[73.17263793900008,33.80524063100006],[73.17058563200004,33.80493164100005],[73.16847229000007,33.80450820900006],[73.17163085900006,33.808048248000034],[73.17923736600005,33.81058883700007],[73.18477630600006,33.809780121000074],[73.19049835200008,33.81016159100005],[73.20110321000004,33.813438416000054],[73.209337,33.81610030500008],[73.21029663100006,33.81641006500007],[73.21161651600005,33.815879822000056],[73.21317291300005,33.81568908700007],[73.21649169900007,33.816429138000046],[73.21840667700008,33.816970825000055],[73.21978759800004,33.81718826300005],[73.22118377700008,33.81777954100005],[73.22403717000003,33.81845092800006],[73.22595977800006,33.819259644000056],[73.22801971400008,33.82009887700008],[73.23007965100004,33.82102966300005],[73.23104200800003,33.821512916000074],[73.23268890400004,33.822448730000076],[73.23594665500008,33.82384872400007],[73.23670196500007,33.82466888400006],[73.23703976700006,33.82496147300003],[73.23805236800007,33.82632827800006],[73.23885345500008,33.827899933000026],[73.24102783200004,33.833480835000046],[73.24157714800003,33.83520889300007],[73.24260711700003,33.83777999900008],[73.24336242700008,33.838829041000054],[73.24461364700005,33.84029007000004],[73.24581146200006,33.84149169900007],[73.24735260000006,33.84207916300005],[73.25086212200006,33.84312820400004],[73.25229644800004,33.844020844000056],[73.25388336200007,33.844688416000054],[73.25523376500007,33.84495925900006],[73.25686645500008,33.84532165500008],[73.25739288300008,33.84552002000004],[73.25939940600006,33.84591395000007],[73.26122283900008,33.84495925900006],[73.26271820100004,33.84344101000005],[73.26358795200008,33.84214019800004],[73.26512908900008,33.83908081100003],[73.26596832300004,33.83790969800003],[73.26731109600007,33.83774948100006],[73.27543557100006,33.84266248100005],[73.28235626200006,33.84576034500003],[73.28558349600007,33.846771240000066],[73.28774261500007,33.847080231000064],[73.28962707500006,33.84693908700007],[73.29129791300005,33.846378326000035],[73.29342651400003,33.84571075400004],[73.29508972200006,33.84497070300006],[73.29588830300008,33.84461885300004],[73.29653930700005,33.84466934200003],[73.29821014400005,33.84489059400005],[73.29997253400006,33.845630646000075],[73.30209350600006,33.84804916400003],[73.30416107200006,33.850318909000066],[73.30690002400007,33.85440826400003],[73.30802917500006,33.85531997700008],[73.30995178200004,33.856399536000026],[73.31143188500005,33.85688018800005],[73.31477356000005,33.856449127000076],[73.31566619900008,33.85643005400004],[73.31671905500008,33.856899261000024],[73.31735229500003,33.85776901200006],[73.31823730500008,33.859020233000024],[73.31897735600006,33.85980987500005],[73.31958770800003,33.860290527000075],[73.31920623800005,33.86244964600007],[73.31778717000003,33.86285018900003],[73.31735992400007,33.86371994000007],[73.31890869100005,33.865440369000055],[73.32083129900008,33.86703109700005],[73.32306671100008,33.869171143000074],[73.32663726800007,33.871109009000065],[73.32787323000008,33.872039795000035],[73.32884216300005,33.873229980000076],[73.32975769000006,33.874710083000025],[73.33053803800004,33.87637631000007],[73.33101654100005,33.878650665000066],[73.33116149900007,33.880561829000044],[73.33068084700005,33.88185882600004],[73.32955932600004,33.88277816800007],[73.32830810500008,33.88433837900004],[73.32752990700004,33.885681152000075],[73.32797241200007,33.88742065400004],[73.33029174800004,33.889419556000064],[73.33199310300006,33.89097976700003],[73.33302307100007,33.89186859100005],[73.33383054100005,33.89266481800007],[73.33471679700006,33.893501282000045],[73.33532714800003,33.89434051500007],[73.33618927000003,33.89616012600004],[73.33735656700003,33.89921951300005],[73.33820343000008,33.90087890600006],[73.33924102800006,33.902191162000065],[73.34028625500008,33.90275955200008],[73.34127044700006,33.903099060000045],[73.34245300300006,33.903480530000024],[73.34478759800004,33.904750824000075],[73.34681701700003,33.90610885600006],[73.34754180900006,33.90690994300007],[73.34800720200008,33.907680511000024],[73.34808349600007,33.90966033900003],[73.34828186000004,33.911350250000055],[73.34828949000007,33.912651062000066],[73.34764099100005,33.91447830200008],[73.34662628200005,33.91796875000006],[73.34662628200005,33.918701172000056],[73.34767150900007,33.91886138900003],[73.34915161100008,33.918849945000034],[73.35205841100003,33.91954040500008],[73.35301971400008,33.920040131000064],[73.35593736500005,33.923042929000076],[73.35677337600004,33.923858643000074],[73.35817718500005,33.92536163300008],[73.35999298100006,33.92618942300004],[73.36295318600008,33.926769257000046],[73.36419677700007,33.926879883000026],[73.36613235000004,33.92724962900007],[73.36664981600006,33.92754951100005],[73.36785888700007,33.928218842000035],[73.36839294400005,33.92898941000004],[73.36950683600008,33.93037033100006],[73.37149047900004,33.931758881000064],[73.37364196800007,33.93313980100004],[73.37506866500007,33.934341431000064],[73.37715911900005,33.93568038900003],[73.37840271000005,33.93685913100006],[73.37935638400006,33.938381195000034],[73.38096618700007,33.94044876100003],[73.38215637200005,33.941810608000026],[73.38466644300007,33.94654846200007],[73.38510131800007,33.94871902500006],[73.38548278800005,33.95114898700007],[73.38581848100006,33.95343017600004],[73.38574218700006,33.955028534000064],[73.38549804700006,33.95539093000008],[73.38404846200007,33.95563125600006],[73.38218689000007,33.955299377000074],[73.37950134300007,33.95476150500008],[73.37753295900006,33.95465087900004],[73.37626647900004,33.95457077000003],[73.37437693300006,33.95501963300006],[73.37428283700007,33.95582962000003],[73.37640380900007,33.957370758000025],[73.37815856900005,33.95909881600005],[73.37816619900008,33.960170746000074],[73.37819671600005,33.96097183200004],[73.37870025600006,33.96234130900007],[73.37998962400007,33.96239852900004],[73.38192749000007,33.96207046500007],[73.38371276900006,33.96205902100007],[73.38543701200007,33.96242141700003],[73.38733673100006,33.96397018400006],[73.38848877000004,33.96501159700006],[73.38970947300004,33.96656036400003],[73.39082336400008,33.96871948200004],[73.39177703900003,33.97032928500005],[73.39219665500008,33.97142028800005],[73.39256286600005,33.972240448000036],[73.39341906800007,33.973450315000036],[73.39679718000008,33.97489929200003],[73.39803314200003,33.97520828200004],[73.40135192900004,33.97583007800006],[73.40263366700003,33.97599029500003],[73.40411377000004,33.975780487000065],[73.40466308600008,33.97549819900007],[73.40541839600007,33.97449111900005],[73.40601348900003,33.97320938100006],[73.40696716300005,33.97222900400004],[73.40836334200003,33.971561432000044],[73.40937042200005,33.97103118900003],[73.41123962400007,33.969089508000025],[73.41317749000007,33.96813964800003],[73.41422271700003,33.967201233000026],[73.41488647500006,33.96617126500007],[73.41474914600008,33.96541976900005],[73.41446685800008,33.964420319000055],[73.41481781000005,33.96290969800003],[73.41782379200004,33.96097946200007],[73.41816711400008,33.95988082900004],[73.41747283900008,33.95904922500006],[73.41620636000005,33.95827102700002],[73.41618347200006,33.95656967200006],[73.41767120400004,33.95555114700005],[73.41940307600004,33.955158234000066],[73.42088317900004,33.955219269000054],[73.42259979200003,33.955299377000074],[73.42357635500008,33.95560073900003],[73.42414093000008,33.956279755000025],[73.42359924300007,33.95785903900003],[73.42276763900003,33.95998001100003],[73.42308044400005,33.96155166600005],[73.42362976100003,33.96244049100005],[73.42443084700005,33.96298980700004],[73.42549896200006,33.96348190300006],[73.42720031700003,33.964019775000054],[73.42884826700003,33.964611053000056],[73.43031311000004,33.96530914300007],[73.43129730200008,33.96628952000003],[73.43182373000008,33.96707916300005],[73.43247985800008,33.96784973100006],[73.43396759000007,33.968921661000024],[73.43538665800008,33.96989059400005],[73.43657684300007,33.97092056300005],[73.43743896500007,33.972240448000036],[73.43855285600006,33.97354888900003],[73.43948364300007,33.974098206000065],[73.44029998800005,33.97470855700004],[73.44066619900008,33.97552871700003],[73.44052887000004,33.97642135600006],[73.44069671600005,33.978260040000066],[73.44158935500008,33.979518890000065],[73.44209289600008,33.980819702000076],[73.44239807100007,33.98181915300006],[73.44333648700007,33.982929230000025],[73.44373321500007,33.98353958100006],[73.44523620600006,33.98424911500007],[73.44680023200004,33.98503112800006],[73.44785308800004,33.98566818200004],[73.44901275600006,33.986740112000064],[73.45010376000005,33.98791885400004],[73.45094299300007,33.98871994000007],[73.45211792000003,33.98952865600006],[73.45300293000008,33.99018859900008],[73.45384979200003,33.99100112900004],[73.45433430300005,33.99171224300005],[73.45487213100006,33.99269104000007],[73.45588684100005,33.99370956400003],[73.45667266800007,33.99430084200003],[73.45765686000004,33.99483871500007],[73.45877838100006,33.995548248000034],[73.45982360800008,33.99645996100003],[73.46032714800003,33.997200012000064],[73.46076965300006,33.99824905400004],[73.46197128300008,33.99961471600005],[73.46321106000005,34.00035858200005],[73.46391296400003,34.001068115000066],[73.46470642100007,34.001640320000035],[73.46520996100008,34.00217056300005],[73.46399688700006,34.003879547000054],[73.46508026100008,34.004390717000035],[73.46836853000008,34.007110596000075],[73.46869659400005,34.00772857700008],[73.46956634500003,34.00868988000008],[73.47006988500004,34.01034164400005],[73.47154235800008,34.01176071200007],[73.47147369400005,34.01287841800007],[73.47144317600004,34.014259338000045],[73.47176361100003,34.015861511000026],[73.47190316500007,34.016655625000055],[73.47319793700007,34.016269684000065],[73.47456359900008,34.015911102000075],[73.47541809100005,34.015560150000056],[73.47672271700003,34.01514816300005],[73.47860717800006,34.015560150000056],[73.48002624500003,34.01636123700007],[73.48288726800007,34.017391205000024],[73.48560333300003,34.01808166500007],[73.48696136500007,34.01816940300006],[73.48838043200004,34.01816940300006],[73.49057006800007,34.01824188200004],[73.49268341100003,34.01828002900004],[73.49429321300005,34.01828002900004],[73.49553680400004,34.01805114700005],[73.49655914300007,34.01789093000008],[73.49758911100008,34.017681122000056],[73.49877929700006,34.01762008700007],[73.50019073500005,34.01741027800006],[73.50089263900003,34.01715087900004]]]]}},{"type":"Feature","properties":{"Shape_Leng":30.2968872084,"Shape_Area":12.7182906715,"ADM1_EN":"Sindh","ADM1_PCODE":"PK7","ADM1_REF":null,"ADM1ALT1EN":null,"ADM1ALT2EN":null,"ADM0_EN":"Pakistan","ADM0_PCODE":"PK","date":"2022-09-02T00:00:00","validOn":"2022-09-09T00:00:00","validTo":null},"geometry":{"type":"MultiPolygon","coordinates":[[[[68.18576812700007,23.837411880000047],[68.19127655000005,23.787551880000024],[68.19112012600004,23.78673359100003],[68.18995666500007,23.78064727800006],[68.17869567900004,23.76321220400007],[68.17532348600008,23.75891304000004],[68.15892028800005,23.738027573000068],[68.14830780000005,23.724729538000076],[68.15733337400007,23.722402573000068],[68.15888977000003,23.719913482000038],[68.15914154000006,23.710289001000035],[68.15461731000005,23.702167511000027],[68.14997863800005,23.698627472000055],[68.13713073700006,23.694683075000057],[68.13090515100004,23.69500541700006],[68.12508392300003,23.698549271000047],[68.12015533400006,23.70502281200004],[68.10343170200008,23.726968765000038],[68.10193634000007,23.717535019000024],[68.09326934800004,23.725141525000026],[68.09107208300003,23.72348785400004],[68.09145355200008,23.718452453000054],[68.09481048600003,23.713710785000046],[68.11070251500007,23.706031799000073],[68.11377716100003,23.702659607000044],[68.11064147900004,23.69869422900007],[68.10742950400004,23.69770622300007],[68.07081604000007,23.71143150300003],[68.05714416500007,23.71655273400006],[68.04866027800006,23.717283249000047],[68.04370880100004,23.71625709500006],[68.04029083200004,23.713430405000054],[68.04011535600006,23.710674286000028],[68.04756164600008,23.711526871000046],[68.04985046400003,23.709972382000046],[68.04474639900008,23.705274582000072],[68.03601837200006,23.705539703000056],[68.03397369400005,23.707557678000057],[68.03283691400003,23.713035584000068],[68.03510284400005,23.721340180000027],[68.06176757800006,23.748983383000052],[68.06457519500003,23.74629402200003],[68.06808471700003,23.745452881000062],[68.07051086400003,23.747798920000037],[68.06890869200004,23.752120972000057],[68.06605529800004,23.756414413000073],[68.07224246000004,23.78673359100003],[68.07399749700005,23.795333862000064],[68.07714080800008,23.79907035800005],[68.08456420900006,23.800874710000073],[68.08982849100005,23.808107376000066],[68.09100341800007,23.81175422700005],[68.11765289300007,23.831361771000047],[68.12039947500006,23.831192017000035],[68.13235473600008,23.821594238000046],[68.14466095000006,23.81796264700006],[68.15514373800005,23.81727027900007],[68.16107177700007,23.819002151000063],[68.16740417500006,23.824869156000034],[68.17293548600003,23.822923660000072],[68.17335510200007,23.825912476000042],[68.16673278800005,23.84136009200006],[68.16740417500006,23.844354630000055],[68.18363952700008,23.842638016000024],[68.18576812700007,23.837411880000047]]],[[[67.40456390400004,23.975435257000072],[67.40682220500008,23.97503280600006],[67.42211914100005,23.980466843000045],[67.42395019500003,23.977764130000025],[67.42058563200004,23.973552704000042],[67.41249847400007,23.96876144400005],[67.41058349600007,23.966190338000047],[67.40936279300007,23.957220078000034],[67.40608215300006,23.95850944500006],[67.39097595200008,23.979440689000057],[67.39287567100007,23.98247146600005],[67.39712524400005,23.98212051400003],[67.40456390400004,23.975435257000072]]],[[[67.42226409900007,24.065248489000055],[67.41295623800005,24.059310913000047],[67.40988159200003,24.062547684000037],[67.41041564900007,24.066322327000023],[67.40515136700003,24.070373535000044],[67.40943908700007,24.073801041000024],[67.40864563000008,24.076696396000045],[67.41054534900007,24.080514908000055],[67.41304016100008,24.080595016000075],[67.41515350300006,24.07878685000003],[67.41676330600006,24.072370529000068],[67.42308807400008,24.067569733000028],[67.42226409900007,24.065248489000055]]],[[[67.35784912100007,24.357374191000076],[67.35284423800005,24.357210159000033],[67.33857727100008,24.360912323000036],[67.33708190900006,24.364202499000044],[67.33764648400006,24.367141724000078],[67.34117126500007,24.370182037000063],[67.34609222400007,24.378274918000045],[67.35566711400003,24.38381004300004],[67.35733795100003,24.381776810000076],[67.35578918500005,24.369203567000056],[67.35910034200003,24.360338211000055],[67.35784912100007,24.357374191000076]]],[[[67.33376312300004,24.373275757000044],[67.31542205800008,24.36473465000006],[67.30872345000006,24.378496170000062],[67.31036377000004,24.383142471000042],[67.31571197500006,24.38603401200004],[67.33036804200003,24.384223938000048],[67.33318328900003,24.382022858000028],[67.33473205600006,24.37748146000007],[67.33376312300004,24.373275757000044]]],[[[67.38605499300007,24.421960831000035],[67.37901306100008,24.421520233000024],[67.37416076700003,24.423238754000067],[67.37131500200007,24.426069260000077],[67.37186431900005,24.42942619300004],[67.37738800100004,24.433782578000034],[67.38645935000005,24.434913635000044],[67.39269256600005,24.43282318100006],[67.39510345500008,24.42956161500007],[67.39450836200007,24.427246094000054],[67.39144134500003,24.424222946000043],[67.38605499300007,24.421960831000035]]],[[[67.36525726300005,24.42941856400006],[67.36708831800007,24.423425675000033],[67.36600494400005,24.416292190000036],[67.36322021500007,24.41181755100007],[67.35757446300005,24.410379410000075],[67.34410095200008,24.41703224200006],[67.34163665800008,24.415906906000032],[67.34380340600006,24.413055420000035],[67.34392547600004,24.40992927600007],[67.33866119400005,24.40474510200005],[67.33816528300008,24.400136948000068],[67.34001159700006,24.39372825600003],[67.33874511700003,24.391181946000074],[67.33170318600008,24.39073944100005],[67.32729339600007,24.392679214000054],[67.32181549100005,24.39291572600007],[67.30801391600005,24.390577316000076],[67.30536651600005,24.39424705500005],[67.30966949500004,24.406286240000043],[67.31014251700003,24.411520004000067],[67.30860900900007,24.41564369200006],[67.31611633300008,24.415893555000025],[67.32212066600005,24.419641495000064],[67.33283233700007,24.419580460000077],[67.33997345000006,24.41773033100003],[67.33542633100006,24.423213959000066],[67.32868957500006,24.426330566000047],[67.32205200200008,24.42715454100005],[67.31493377700008,24.422742844000027],[67.31062316900005,24.422389984000063],[67.30646514900008,24.423713684000063],[67.30729675300006,24.425619125000026],[67.31039428700007,24.428018570000063],[67.32060241700003,24.42919349700003],[67.33522033700007,24.434061050000025],[67.34586334200003,24.43587493900003],[67.35289001500007,24.436733246000074],[67.36074066100008,24.434070587000065],[67.36525726300005,24.42941856400006]]],[[[67.37063598600008,24.454851150000025],[67.37276458700006,24.45283317600007],[67.37173461900005,24.450086594000027],[67.35952758800005,24.441753388000052],[67.35274505600006,24.44048500100007],[67.34786224400005,24.442829132000043],[67.34268951400003,24.441196442000034],[67.33719635000006,24.44164085400007],[67.30590820300006,24.432043075000024],[67.30103302000003,24.434177399000077],[67.29663085900006,24.441753388000052],[67.30176544200003,24.45006561300005],[67.30853271500007,24.451751709000064],[67.31230163600003,24.451150894000023],[67.31610870400004,24.450542450000057],[67.33581543000008,24.45349311800004],[67.34608459500004,24.45320701600008],[67.35010528600003,24.455217361000052],[67.36233520500008,24.457290649000072],[67.37063598600008,24.454851150000025]]],[[[67.32103729300007,24.46970176700006],[67.31626129100005,24.469543457000043],[67.30967712400007,24.474542618000044],[67.31002807600004,24.48290252700008],[67.31976318400007,24.49596023600003],[67.32360076900005,24.49692344700003],[67.32903289800004,24.49230194100005],[67.32379913300008,24.486284256000033],[67.32253265400004,24.472255707000045],[67.32103729300007,24.46970176700006]]],[[[67.34075927700007,24.489768982000044],[67.33643341100003,24.489624024000022],[67.33557891800007,24.493980408000027],[67.31427764900008,24.50788497900004],[67.31303405800003,24.510349274000077],[67.31618499700005,24.517133713000078],[67.31905365000006,24.51952552800003],[67.32627105700004,24.510162354000045],[67.33496856700003,24.503562927000075],[67.34658050600007,24.49831008900003],[67.34803009000007,24.49627113400004],[67.34677124000007,24.493515014000025],[67.34481811500007,24.490945816000078],[67.34075927700007,24.489768982000044]]],[[[67.29255676300005,24.52052116400006],[67.30619812000003,24.510330200000055],[67.31276702900004,24.499902725000027],[67.31027984600007,24.493766785000048],[67.30557251000005,24.491731644000026],[67.30328369100005,24.48059082000003],[67.30490112300004,24.47417450000006],[67.30274963400007,24.470972061000055],[67.27508544900007,24.46733284000004],[67.27185058600003,24.468475342000033],[67.26753234900008,24.47375869700005],[67.26068115200007,24.474153519000026],[67.25669097900004,24.476942062000035],[67.25356292700008,24.486646652000047],[67.25615692100007,24.490074158000027],[67.26613616900005,24.491453171000046],[67.27355194100005,24.49420738200007],[67.27461242700008,24.496122360000072],[67.26745605500008,24.498386383000025],[67.26750946100003,24.509645462000037],[67.26754760700004,24.51863861100003],[67.26933288600003,24.519742966000024],[67.27943420400004,24.517993927000077],[67.28372955300006,24.524608612000065],[67.28800201400003,24.52621269200006],[67.29255676300005,24.52052116400006]]],[[[67.36180114700005,24.52866172800003],[67.36148834200003,24.524894714000027],[67.35697937000003,24.517856598000037],[67.35051727300004,24.502405167000063],[67.33290100100004,24.509756088000074],[67.32772827200006,24.513549805000025],[67.32539367700008,24.52077865600006],[67.32178497300004,24.525461197000027],[67.31534576400003,24.52670860300003],[67.31200409000007,24.524717331000033],[67.30799865700004,24.518857956000033],[67.30747985900007,24.518096924000076],[67.30430603000008,24.51757240300003],[67.29440307600004,24.52580070500005],[67.29335022000004,24.529314041000077],[67.29617309600008,24.53274917600004],[67.30400848400006,24.536558151000065],[67.30827331500006,24.54400634800004],[67.31206512500006,24.546012878000056],[67.32002258300008,24.54669380200005],[67.33337402400008,24.543796539000027],[67.34754180900006,24.543012619000024],[67.35949707000003,24.53484916700006],[67.36180114700005,24.52866172800003]]],[[[67.28579711900005,24.581041336000055],[67.29159545900006,24.578729630000055],[67.29585266100008,24.574907303000032],[67.29932403600003,24.568132400000025],[67.30496978800005,24.56372833200004],[67.30576324500004,24.56104087800003],[67.29967498800005,24.55937767000006],[67.29894256600005,24.55475997900004],[67.30287170400004,24.54779434200003],[67.30008697500006,24.543317795000064],[67.29564666700003,24.540246963000072],[67.28706359900008,24.538080215000036],[67.28385925300006,24.532754898000064],[67.27646637000004,24.529375076000065],[67.27322387700008,24.524883270000032],[67.27048492400007,24.524999619000027],[67.26669311500007,24.52862930300006],[67.26026916500007,24.52945709200003],[67.25334930400004,24.536949158000027],[67.24987793000008,24.53829193100006],[67.24533081100003,24.537929535000046],[67.24296569800003,24.528665543000045],[67.24047088600008,24.528371811000056],[67.23862457300004,24.540208816000074],[67.23647308300008,24.542640686000027],[67.21782684300007,24.552238464000027],[67.21628570500008,24.556568146000075],[67.21748352100008,24.560785294000027],[67.22351074200003,24.56391334500006],[67.22470855700004,24.568128586000057],[67.22247314500004,24.572645187000035],[67.22415924100005,24.576042175000055],[67.22753906300005,24.577199936000056],[67.23287200900006,24.575084686000025],[67.23865509000007,24.57882881200004],[67.24445343000008,24.57877349900008],[67.25303649900007,24.578689575000055],[67.25865936300005,24.58054924000004],[67.26990509000007,24.579048157000045],[67.28579711900005,24.581041336000055]]],[[[67.30786895700004,24.588249207000047],[67.30493164100005,24.58752632100004],[67.30062103300008,24.592601776000038],[67.30171966600005,24.59931755100007],[67.30499267600004,24.60318565400007],[67.30861663800005,24.603931427000077],[67.30930328400007,24.592472076000035],[67.30786895700004,24.588249207000047]]],[[[67.34626770000006,24.609771729000045],[67.34240722700008,24.609228134000034],[67.33979797400008,24.61749076800004],[67.34331512400007,24.620946884000034],[67.34786224400005,24.621307373000036],[67.34914398200004,24.617799759000036],[67.34796142600004,24.613168716000075],[67.34626770000006,24.609771729000045]]],[[[67.33450317400008,24.61293220500005],[67.33527374300007,24.61066246000007],[67.33264923100006,24.607860565000067],[67.33500671400003,24.600214005000055],[67.33357238800005,24.596200943000042],[67.32238769500003,24.596246719000078],[67.31969451900005,24.595113754000067],[67.31782531700003,24.590463638000074],[67.31767272900004,24.582731247000027],[67.31469726600005,24.583049774000074],[67.31364440900006,24.586563110000043],[67.31671905500008,24.60107040400004],[67.31533813500005,24.607078552000075],[67.31431579600007,24.60975837700005],[67.30803680400004,24.612680435000073],[67.30463409400005,24.61215019200006],[67.29887390100004,24.602146149000077],[67.29333496100003,24.58651351900005],[67.29135131800007,24.59041214000007],[67.29018402100007,24.613964081000063],[67.29196167000003,24.62070465100004],[67.29606628400006,24.62647819500006],[67.30430603000008,24.631763458000023],[67.31239318800004,24.634954453000034],[67.31654357900004,24.634048462000067],[67.32054901100008,24.630842209000036],[67.32668304500004,24.620189667000034],[67.33450317400008,24.61293220500005]]],[[[67.37400817900004,24.629890442000033],[67.36830139200003,24.618221283000025],[67.36224365200007,24.61551666300005],[67.35709381100008,24.61889648400006],[67.35315704400006,24.626073837000035],[67.34754943800004,24.62922859200006],[67.33219146700003,24.625173569000026],[67.32894134500003,24.62652587900004],[67.32674408000008,24.630002975000025],[67.32820892300003,24.633392334000064],[67.33318328900003,24.63459968600006],[67.33956909200003,24.640447617000063],[67.34765625000006,24.64384651200004],[67.35562133800005,24.64452552800003],[67.37248230000006,24.633806229000072],[67.37400817900004,24.629890442000033]]],[[[67.29858398400006,24.666227341000024],[67.30331420900006,24.662210465000044],[67.30265045200008,24.65592384300004],[67.30701446600006,24.643960953000033],[67.30535888700007,24.639730453000027],[67.29322814900007,24.634733200000028],[67.28385925300006,24.63483810400004],[67.28054809600008,24.637859345000038],[67.27938079800003,24.644083023000064],[67.28321075400004,24.651100159000066],[67.28018188500005,24.658306122000056],[67.28096771200006,24.66146469100005],[67.28340148900003,24.663423538000075],[67.29074859600007,24.662416458000052],[67.29858398400006,24.666227341000024]]],[[[67.36490631100008,24.65213966400006],[67.34468078600008,24.64980316200007],[67.34334564200003,24.65476799000004],[67.34671020500008,24.65613365200005],[67.35211944600007,24.66382598900003],[67.35839843700006,24.666748047000056],[67.36706543000008,24.66703224200006],[67.36878967300004,24.663747787000034],[67.36490631100008,24.65213966400006]]],[[[67.34487152100007,24.66233444200003],[67.34295654300007,24.655002594000052],[67.33415222200006,24.650499344000025],[67.33275604200003,24.64544105500005],[67.32926178000008,24.641359329000068],[67.32427215600006,24.640567780000026],[67.31259918200004,24.647069931000033],[67.30661773700007,24.659606934000067],[67.30879211400003,24.66218376200004],[67.31176757800006,24.66207313500007],[67.31624603300008,24.658672333000027],[67.31990051300005,24.65858650200005],[67.32529449500004,24.66648864800004],[67.33133697500006,24.66961288500005],[67.33425140400004,24.676597595000032],[67.33789825400004,24.67108154300007],[67.34283447300004,24.667486191000023],[67.34487152100007,24.66233444200003]]],[[[67.23704528800005,24.663326263000044],[67.24305725100004,24.66144180300006],[67.25352478000008,24.66242218000008],[67.25654602000003,24.661062241000025],[67.25823974600007,24.653184891000024],[67.26586914100005,24.65072822600007],[67.26943969700005,24.647089004000065],[67.27709960900006,24.632732391000047],[67.28176117000004,24.63038444500006],[67.28303527800006,24.627086639000026],[67.28060150200008,24.613851547000024],[67.27281188900008,24.603153229000043],[67.26547241200007,24.598314285000072],[67.25616455100004,24.597166061000053],[67.24614715600006,24.602254868000045],[67.24199676500007,24.60879516600005],[67.23801422100007,24.611375809000037],[67.22573089600007,24.61597061200007],[67.21959686300005,24.620773315000065],[67.21710968000008,24.625907898000037],[67.22168731700003,24.636709213000074],[67.22000122100008,24.638948441000025],[67.21453857400007,24.63855552700005],[67.20323181200007,24.624599457000045],[67.19551849400005,24.62913894600007],[67.19196319600007,24.626720429000045],[67.18201446500007,24.62429237400005],[67.18029785100003,24.62691497800006],[67.17933654800004,24.628377915000044],[67.18196106000005,24.636817932000042],[67.17509460400004,24.64827346800007],[67.17553710900006,24.654134750000026],[67.17150116000005,24.663391113000046],[67.17206573500005,24.666334152000047],[67.18306732200006,24.676523209000038],[67.19340515100004,24.680635452000047],[67.19818115200007,24.681007385000044],[67.20304870600006,24.67929267900007],[67.20873260500008,24.67447662400008],[67.21603393600003,24.663450241000078],[67.23704528800005,24.663326263000044]]],[[[67.32082366900005,24.669681549000074],[67.31604766900006,24.663469314000054],[67.29110717800006,24.687482834000036],[67.29611206000004,24.688066482000067],[67.30099487300004,24.685934067000062],[67.30814361600005,24.678445816000078],[67.32082366900005,24.669681549000074]]],[[[67.13134002700008,24.673700333000056],[67.12541961700003,24.673286438000048],[67.12060546900005,24.673746109000035],[67.11589813200004,24.67692375200005],[67.11417388900003,24.679996490000065],[67.11349487300004,24.685400009000034],[67.11579132100007,24.69049072300004],[67.12111663800005,24.688796997000054],[67.12572479200003,24.682275772000025],[67.13344574000007,24.677949906000038],[67.13356018100006,24.675239563000048],[67.13134002700008,24.673700333000056]]],[[[67.41518402100007,24.674448013000074],[67.41581726100003,24.669876099000078],[67.42620849600007,24.66102790800005],[67.43697357200006,24.64843177800003],[67.43572998100007,24.645259857000042],[67.43209075900006,24.64493370100007],[67.41983795200008,24.654254913000045],[67.41655731200007,24.656747818000042],[67.41196441700004,24.657434463000072],[67.40995788600003,24.65632438700004],[67.40686798100006,24.647665024000048],[67.40187835700004,24.64687538100003],[67.39852142300003,24.65094184900005],[67.39507293700007,24.651456833000054],[67.38991546600005,24.649200439000026],[67.38689422600004,24.650562286000024],[67.37723541200006,24.66381645200005],[67.36988830600006,24.67067337000003],[67.36663055400004,24.67223739600007],[67.34745788600003,24.671815872000025],[67.34182739300007,24.675596237000036],[67.33929443400007,24.68198394800004],[67.34051513700007,24.68578147900007],[67.35180664100005,24.688869476000036],[67.36400604300007,24.688894272000027],[67.38561248800005,24.688934326000037],[67.40564727800006,24.696475983000028],[67.42086792000003,24.698432922000052],[67.42572784400005,24.696920395000063],[67.42893219000007,24.690759659000037],[67.42201995800008,24.68072509800004],[67.41518402100007,24.674448013000074]]],[[[67.24566650400004,24.670299530000023],[67.24486541700003,24.667558670000062],[67.24124145500008,24.666809082000043],[67.23159027100007,24.66836166400003],[67.22224426300005,24.667837143000042],[67.21826171900005,24.67041587800003],[67.21372985800008,24.680700302000048],[67.21090698200004,24.681884765000063],[67.18885803200004,24.691127777000077],[67.18780517600004,24.694641113000046],[67.18955230700004,24.696578979000037],[67.19522857700008,24.697399139000026],[67.19969940200008,24.70527839700003],[67.20284271200006,24.706638336000026],[67.20954132100007,24.71605110200005],[67.21224975600006,24.716770172000054],[67.21993255600006,24.690933227000073],[67.22183227500005,24.689117432000046],[67.23148345900006,24.687774658000023],[67.23879242000004,24.68217659000004],[67.24339294400005,24.675649643000042],[67.24566650400004,24.670299530000023]]],[[[67.32534790000005,24.72808074900007],[67.32971954400006,24.727390289000027],[67.33213806200007,24.729766846000075],[67.33785247800006,24.735383987000034],[67.34653472900004,24.73546218900003],[67.35324096700003,24.727748871000074],[67.36136627200005,24.724466324000048],[67.36851501500007,24.71697616600005],[67.37485504200004,24.718437195000035],[67.38128662100007,24.711757660000046],[67.38497161900005,24.711042404000068],[67.38570404000006,24.703968048000036],[67.39086914100005,24.700380325000026],[67.39147186300005,24.696641922000026],[67.38269043000008,24.69343185400004],[67.37213897700008,24.69454765300003],[67.34954834000007,24.694013596000048],[67.34025573700006,24.69224548300008],[67.33338165300006,24.68700790400004],[67.33008575500003,24.678131103000055],[67.32715606700003,24.676990509000063],[67.32201385500008,24.67995071400003],[67.31724548300008,24.679374695000035],[67.31236267100007,24.681509018000042],[67.30468750000006,24.690649033000057],[67.29294586200007,24.69297218300005],[67.29014587400007,24.692361832000074],[67.28728485100004,24.691738129000044],[67.28604888900003,24.688356399000043],[67.28739929200003,24.683183670000062],[67.29550933900003,24.674684524000043],[67.29496765100004,24.671117783000057],[67.29226684600008,24.669984817000056],[67.27558898900003,24.670261383000025],[67.27247619600007,24.668069839000054],[67.27171325700004,24.664285660000075],[67.27485656700003,24.65436935400004],[67.27100372300004,24.65361404400005],[67.26563263000003,24.656564713000023],[67.26294708200004,24.66086006200004],[67.26550293000008,24.67117500300003],[67.27323150600006,24.67769813500007],[67.27227020300006,24.678918838000072],[67.26882171600005,24.679430008000054],[67.26592254700006,24.677661896000075],[67.25994873000008,24.678504944000053],[67.25322723400006,24.675355911000054],[67.24813842800006,24.677062988000046],[67.24592590300006,24.680746079000073],[67.23969268800005,24.693689346000042],[67.23635864200003,24.697126388000072],[67.22721862800006,24.69723510700004],[67.22370910700005,24.69920349100005],[67.21730804500004,24.71610641500007],[67.21714782700008,24.72006797800003],[67.22000122100008,24.722879410000075],[67.22572326700003,24.722656250000057],[67.24301147500006,24.707580567000036],[67.24787902800006,24.705865860000074],[67.25448608400006,24.706296921000046],[67.26117706300005,24.710281372000054],[67.27494812000003,24.72577476500004],[67.27908325200008,24.72806167600004],[67.28500366200007,24.731330872000058],[67.29486846900005,24.736045838000052],[67.30305481000005,24.737154007000072],[67.31275940000006,24.73434448300003],[67.32534790000005,24.72808074900007]]],[[[67.13708496100003,24.755329132000043],[67.15145874000007,24.739328384000032],[67.15253448500005,24.735399246000043],[67.14781189000007,24.711643219000052],[67.14400482200006,24.69313812300004],[67.14138793900008,24.690124512000068],[67.13287353500004,24.691709519000028],[67.12324523900003,24.70348548900006],[67.11602783200004,24.723072052000077],[67.11576843300003,24.724546432000068],[67.11304473900003,24.739879608000024],[67.11343383800005,24.746992111000054],[67.11635923900008,24.751918930000045],[67.11685180700005,24.752748489000055],[67.11790821800008,24.752671848000034],[67.12074279800004,24.75246620200005],[67.12435150100004,24.74820709200003],[67.12821197500006,24.748758316000078],[67.13068389900008,24.755315781000036],[67.13708496100003,24.755329132000043]]],[[[67.19284820600006,24.705253601000038],[67.18900299100005,24.704286575000026],[67.17874145500008,24.715002060000074],[67.17392730700004,24.726528168000073],[67.17880249000007,24.735673904000066],[67.18613433800004,24.740726471000073],[67.20375824000007,24.745712280000077],[67.20749664300007,24.74776077300004],[67.23058319100005,24.760402679000038],[67.23835754400005,24.760248184000034],[67.24143981900005,24.757637024000076],[67.24446868900003,24.75043296800004],[67.24971771300005,24.74497222900004],[67.24822235100004,24.742416382000044],[67.23449707000003,24.73715019200006],[67.21800231900005,24.72698783900006],[67.19915008500004,24.724258423000038],[67.19284820600006,24.705253601000038]]],[[[67.31741333000008,24.766651154000044],[67.32417297300003,24.763326645000063],[67.33533477800006,24.764322281000034],[67.34121704100005,24.760131836000028],[67.34104919400005,24.758455276000063],[67.34185028100006,24.755559921000042],[67.33743286100008,24.74601745600006],[67.33221435500008,24.739374161000057],[67.32598114000007,24.735200882000072],[67.32046508800005,24.73606109600007],[67.31649017300003,24.744071960000042],[67.31066894500003,24.746593475000054],[67.28778839100005,24.74165535000003],[67.27863311800007,24.73633766200004],[67.26281738300008,24.720565796000074],[67.25035095200008,24.712631226000042],[67.24422454800003,24.711589813000046],[67.24029541000004,24.715616226000066],[67.23516082800006,24.720888138000078],[67.23371887200005,24.728355408000027],[67.23799133300008,24.729961395000032],[67.24349212700008,24.729520798000067],[67.24938964800003,24.736190796000074],[67.26754760700004,24.744945526000038],[67.27218627900004,24.748859406000065],[67.27580261200006,24.75566101100003],[67.28565979000007,24.766222],[67.29664611800007,24.77159881600005],[67.30271911600005,24.773889541000074],[67.31050109900008,24.773729324000044],[67.31741333000008,24.766651154000044]]],[[[67.28592681900005,24.78230667100007],[67.28884887700008,24.777811050000025],[67.28623962400007,24.774591446000045],[67.27949523900003,24.771652222000057],[67.27246856700003,24.76452636700003],[67.26741027800006,24.75391769400005],[67.26432800300006,24.75110054000004],[67.25702667200005,24.75085449200003],[67.25052642800006,24.75335121100005],[67.24874877900004,24.757675171000074],[67.24947357200006,24.762292862000038],[67.25170135500008,24.763830185000074],[67.23984527600004,24.774288178000063],[67.23665618900003,24.779607773000066],[67.24485015900007,24.780511856000032],[67.24834442100007,24.778959274000044],[67.25207519500003,24.782842636000055],[67.26065063500005,24.785427094000056],[67.27114105200008,24.786197662000063],[67.28033447300004,24.784835815000065],[67.28592681900005,24.78230667100007]]],[[[67.21506500200007,24.793285370000035],[67.22774505600006,24.785154343000045],[67.22924041800007,24.78207206700006],[67.22696685800008,24.77614975000006],[67.19718933100006,24.76657676700006],[67.19049072300004,24.76259040800005],[67.18851470900006,24.75521469100005],[67.18250274700006,24.751251221000075],[67.16903686500007,24.75642776500007],[67.16452026400003,24.76065826400003],[67.16239929200003,24.77311325100004],[67.16523742700008,24.77634239200006],[67.16907501200006,24.777517319000026],[67.17161560000005,24.775850296000044],[67.17753601100003,24.771961212000065],[67.18177795400004,24.774402619000057],[67.18778228800005,24.77293777500006],[67.19158935500008,24.774946213000078],[67.19385528500004,24.780870437000033],[67.19832611100003,24.783319473000063],[67.20423126200006,24.789993286000026],[67.20951080300006,24.789337158000023],[67.21506500200007,24.793285370000035]]],[[[67.23291015600006,24.793054581000035],[67.23181915300006,24.791763306000064],[67.22509002700008,24.794250488000046],[67.22187042200005,24.800197601000036],[67.21172332800006,24.802358627000046],[67.21183013900003,24.80528640800003],[67.21568298300008,24.80625152600004],[67.22642517100007,24.80076789800006],[67.23291015600006,24.793054581000035]]],[[[66.61578369100005,24.887096405000023],[66.61198425300006,24.88507080100004],[66.59831237800006,24.88872146600005],[66.59614563000008,24.890935898000066],[66.59649658200004,24.893247604000067],[66.60095214800003,24.895925522000027],[66.60176849400005,24.903057098000033],[66.60623169000007,24.90552711500004],[66.61271667500006,24.903896332000045],[66.61747741700003,24.899902344000054],[66.61882782000004,24.895359039000027],[66.61814117400007,24.890527725000027],[66.61578369100005,24.887096405000023]]],[[[69.61000824000007,28.44883918800008],[69.60558319100005,28.444112778000033],[69.60483551000004,28.44195938100006],[69.60482788100006,28.440448761000027],[69.60594619500006,28.439543593000053],[69.60677337600004,28.43914604200006],[69.61311340300006,28.436527252000076],[69.61969757100007,28.434555054000043],[69.62701416000004,28.432147980000025],[69.63896942100007,28.429718018000074],[69.64702606200007,28.42838287400008],[69.65679168700007,28.427688599000078],[69.65921272100007,28.427769547000025],[69.66802978500004,28.428064346000042],[69.67493031400005,28.429448755000067],[69.67536926300005,28.429536819000077],[69.68148040800008,28.43015289300007],[69.68610471400007,28.42995026500006],[69.68709564200003,28.429906845000062],[69.69460296600005,28.428289413000073],[69.70045471200007,28.42674827600007],[69.71144104000007,28.42539405800005],[69.71607208300003,28.424291611000058],[69.72607421900005,28.42164611800007],[69.73094135600007,28.419678316000045],[69.73217010500008,28.419073105000052],[69.73502349900008,28.416334152000047],[69.74202728300008,28.410303116000023],[69.74851226800007,28.405101776000038],[69.74967508900005,28.40422484800007],[69.75138881000004,28.40293246500005],[69.75149536100008,28.401935577000074],[69.75192260800003,28.401084900000058],[69.75260162400008,28.400348663000045],[69.75423431400003,28.397344589000056],[69.75704631200006,28.39374970500006],[69.75926971400008,28.39090728700006],[69.76103973400006,28.38633918800008],[69.76190185500008,28.384708405000026],[69.76284027100007,28.38448143000005],[69.76438140900007,28.38451957700005],[69.76792907700008,28.384071350000056],[69.77098846400008,28.383041382000044],[69.78003692600004,28.38122749300004],[69.78417205800008,28.380039215000068],[69.78490448000008,28.380058288000043],[69.78699493400006,28.38075828600006],[69.79264068600008,28.380434036000054],[69.79430389400005,28.37988281300005],[69.79338073700006,28.37761497500003],[69.79145050000005,28.375745773000062],[69.79028320300006,28.374279022000053],[69.78992462200006,28.372797012000035],[69.78994751000005,28.37183761600005],[69.79031372100008,28.370517731000064],[69.79126739500003,28.36874389600007],[69.79190063500005,28.367898941000078],[69.79247283900008,28.367841721000048],[69.79325866700003,28.36808204600004],[69.79351043700007,28.370883942000034],[69.79372406000005,28.37164497400005],[69.79420471200007,28.371871948000035],[69.79534149200003,28.371793747000027],[69.79597473200005,28.371234894000054],[69.79644012500006,28.366828919000056],[69.79683685300006,28.36565971400006],[69.79907226600005,28.363723755000024],[69.80130767800006,28.36272621100005],[69.80526733400006,28.361965179000038],[69.80955521300007,28.362601317000042],[69.81190490700004,28.36236572300004],[69.81294250500008,28.36192703300003],[69.81507110600006,28.359445572000027],[69.81593322800006,28.358066559000065],[69.81649017300003,28.35554313700004],[69.81649017300003,28.354360580000048],[69.81572723400006,28.350355148000062],[69.81565094000007,28.349035263000076],[69.81602478000008,28.347391129000073],[69.81664276100008,28.345790863000047],[69.81967926000004,28.34225273100003],[69.82069397000004,28.339593887000035],[69.82076263400006,28.33747863800005],[69.81978607200006,28.332572937000066],[69.81868743900003,28.33017540000003],[69.81712232100006,28.32757266300007],[69.81624347500008,28.326175946000035],[69.81497192400008,28.32456207300004],[69.81499481200007,28.323881149000044],[69.81587982200006,28.322595596000042],[69.81758117700008,28.321380615000066],[69.81797027600004,28.320816040000068],[69.81555938700006,28.31738090500005],[69.81492614800004,28.31578445400004],[69.81271362300004,28.312795639000058],[69.81238555900006,28.31160354600007],[69.81273651100008,28.309564590000036],[69.81276702900004,28.308559418000073],[69.81111908000008,28.30686569200003],[69.81048584000007,28.305826187000036],[69.81018829300007,28.302515030000052],[69.81114959700005,28.297798157000045],[69.81195831300005,28.296014786000057],[69.81223297100007,28.295413971000073],[69.81356048600003,28.287233353000033],[69.81453704800003,28.283786774000077],[69.814888,28.28042411800004],[69.81531231900004,28.278250207000042],[69.81547546400003,28.277183533000027],[69.81626129200004,28.275156021000043],[69.81828308100006,28.272462845000064],[69.82011413600003,28.27109527600004],[69.82231140100004,28.27008438100006],[69.82596588100006,28.269147873000065],[69.82941436800007,28.26872062700005],[69.83211517300003,28.268915176000064],[69.83436584500004,28.269571304000067],[69.83538055400004,28.26959800700007],[69.83640289300007,28.26936531100006],[69.83671569800003,28.268774033000057],[69.83642578100006,28.26735115100007],[69.83461761500007,28.264863968000043],[69.83233642600004,28.262002945000063],[69.83145904500003,28.26078224200006],[69.83114624000007,28.260002136000026],[69.83135986300005,28.259279251000066],[69.83473205600006,28.256534576000035],[69.83615112300004,28.254684448000035],[69.83651733400006,28.253664017000062],[69.83634948700006,28.252889633000052],[69.83306121800007,28.24961090100004],[69.83239746100003,28.247581482000044],[69.83268737800006,28.246131897000055],[69.83248138400006,28.24509811400003],[69.83187866200007,28.242937088000076],[69.83164978000008,28.24112892100004],[69.83220660400008,28.239607290000038],[69.83274483000008,28.23755183800006],[69.83326721200007,28.236566544000027],[69.83482360800008,28.234161377000078],[69.83614349400005,28.232116699000073],[69.83766937200005,28.230602264000026],[69.84208679200003,28.227315903000033],[69.84251403800005,28.226234436000027],[69.84243011500007,28.224187851000067],[69.84268951400003,28.22211647000006],[69.84364318800004,28.22093772900007],[69.84364318800004,28.21924018900006],[69.84436798100006,28.21514129600007],[69.84506225600006,28.21344375600006],[69.84596252400007,28.212482452000074],[69.85158538800005,28.206848145000038],[69.85164642300003,28.206245422000052],[69.85231781000005,28.20355796800004],[69.85529327400008,28.200391769000078],[69.85687255900007,28.197937012000068],[69.85763549800004,28.197050095000066],[69.85707855200008,28.194704056000035],[69.85358428900008,28.191205978000028],[69.85009765600006,28.186182022000025],[69.84749603300008,28.18378639200006],[69.84691619900008,28.18221664400005],[69.84236145000006,28.17994499200006],[69.83873748800005,28.173004150000054],[69.83769989000007,28.169696808000026],[69.83760070800008,28.167535782000073],[69.83765411400003,28.166650772000025],[69.83819580100004,28.166318894000028],[69.83861541700003,28.166244507000044],[69.83916473400006,28.166473389000032],[69.84129333500005,28.170022964000054],[69.84167480500008,28.17022705100004],[69.84342193600008,28.17009925800005],[69.84386444100005,28.169807434000063],[69.84268951400003,28.165502548000063],[69.84294128400006,28.163782120000064],[69.84593963600008,28.158050537000065],[69.84683990500008,28.155653],[69.84767150900007,28.15260887100004],[69.84771728500004,28.149559021000073],[69.84648904200003,28.14372998500005],[69.84568786600005,28.13989448500007],[69.84464263900003,28.13578224200006],[69.84464263900003,28.13431358300005],[69.84511566200007,28.13324546800004],[69.84745025600006,28.131576538000047],[69.86515808100006,28.104574203000027],[69.86941593700004,28.099393500000076],[69.87169647200005,28.096067429000072],[69.87322235100004,28.09403228800005],[69.87498474100005,28.090345383000056],[69.87673187300004,28.084127426000066],[69.87879279300006,28.080198507000034],[69.88355255100004,28.07567405700007],[69.89810180700005,28.055944443000044],[69.90706634500003,28.04499435400004],[69.91357895500005,28.037039117000063],[69.91609954800003,28.033958435000045],[69.91748616300004,28.032177827000055],[69.92272949200003,28.02544212300006],[69.93045806900005,28.01817703200004],[69.93881988500004,28.010307312000066],[69.94528961200007,28.004808426000068],[69.94739532500006,28.00271225000006],[69.95231628400006,27.99673271200004],[69.95848846500007,27.990240097000026],[69.96290954900007,27.985753775000035],[69.96379089400006,27.984859467000035],[69.96786499000007,27.980718612000032],[69.97015380900007,27.97743415800005],[69.97228241000005,27.971035004000044],[69.97390747100008,27.966917038000076],[69.97787475600006,27.96254348800005],[69.98117862800007,27.958469584000056],[69.98208618200005,27.95735168500005],[69.98780822800006,27.949056625000026],[69.99166107200006,27.944425583000054],[69.99427795400004,27.94246673600003],[70.00082397500006,27.937433243000044],[70.01938629200004,27.931766510000045],[70.02610778800005,27.93012046800004],[70.03514862100008,27.927133560000073],[70.04058837900004,27.922460556000033],[70.04332733200005,27.91984367400005],[70.04784393300008,27.91311645500008],[70.06643676800007,27.897472382000046],[70.06916046100008,27.895391464000056],[70.07616424600008,27.894393921000074],[70.08596038800005,27.889938354000037],[70.09052276600005,27.888391495000064],[70.09739685100004,27.886940002000074],[70.10491180400004,27.885114670000064],[70.11854553200004,27.882341385000075],[70.12357330300006,27.88200950600003],[70.14131164600008,27.874526978000063],[70.18050812500007,27.854901706000078],[70.16839461400008,27.844179259000043],[70.15695221400006,27.834050855000044],[70.11352493600003,27.774683750000065],[70.10781003100004,27.766871209000044],[70.10416224700003,27.758224539000025],[70.08312925400003,27.70836814200004],[70.05142208500007,27.63534080900007],[70.04150346200004,27.611093269000037],[70.02456725300004,27.56969020500003],[70.01626720400003,27.55599430600006],[70.00381979100007,27.54761585500006],[70.00000107200003,27.545045445000028],[69.95253545900005,27.513076668000053],[69.93624949400004,27.50210783500006],[69.92488312800003,27.48502873700005],[69.92113587400007,27.479398115000038],[69.90762332900005,27.459576223000056],[69.88517342600005,27.431647475000034],[69.86196814900006,27.40277900500007],[69.84954905300003,27.393476277000048],[69.84870282900005,27.39282875300006],[69.83253326200008,27.37876288800004],[69.81254438700006,27.35961220300004],[69.80452006900003,27.35395957000003],[69.79387828100005,27.34646309200008],[69.77038372100003,27.328914707000024],[69.72467846500007,27.294776870000078],[69.69870766100007,27.27773803200006],[69.68563157800008,27.26724031300006],[69.66594620600006,27.25143653600003],[69.60362871900003,27.193107001000044],[69.60175413600007,27.190803420000066],[69.60060992400008,27.18939735400005],[69.58666191300006,27.17798355900004],[69.57812612300006,27.165489285000035],[69.56518655900004,27.138474017000078],[69.56483579800005,27.137588228000027],[69.56148649300007,27.129130124000028],[69.55678501100004,27.117257324000036],[69.54933855500008,27.099430248000033],[69.54020783200008,27.07757097600006],[69.53844820000006,27.072614679000026],[69.53726106900007,27.069270927000048],[69.53558247100005,27.065614200000027],[69.51320566100003,27.01686766000006],[69.51302898500006,27.015550415000064],[69.51287824300005,27.014382556000044],[69.50359266600003,26.943293538000034],[69.50093730500004,26.90032973500007],[69.49574118000004,26.872492648000048],[69.48987018200006,26.84435357700005],[69.48551263800005,26.823468336000076],[69.48373475800008,26.806233047000035],[69.48569522100007,26.79970043800006],[69.48750988900008,26.793653643000027],[69.49885230500007,26.76820142300005],[69.50765265000007,26.748453574000052],[69.51544847500003,26.740058574000045],[69.51941303400008,26.737753988000065],[69.52241593300005,26.736008412000047],[69.54360007300005,26.727419444000077],[69.55044619600005,26.724643730000025],[69.55414778400007,26.723246166000024],[69.57460637800006,26.71552186200006],[69.58053592000005,26.711920262000035],[69.59066363600004,26.707818150000037],[69.59210338100007,26.707234999000036],[69.60184429000003,26.705054305000033],[69.60597607000005,26.70202140300006],[69.60830752300006,26.70031001700005],[69.67665932600005,26.672626816000047],[69.68245750200003,26.670555832000048],[69.68974950200004,26.66795128600006],[69.69898269200007,26.665070006000064],[69.72186921800005,26.65384284000004],[69.74326926500004,26.63846073700006],[69.77194160300007,26.613747018000026],[69.77326280800008,26.61295274500003],[69.79483761600005,26.599982562000037],[69.81536018200006,26.592160543000034],[69.83175728100008,26.587733851000053],[69.85555402900007,26.58291753000003],[69.87239700300006,26.58161995300003],[69.87931148600006,26.58108726300003],[69.91094334900004,26.58230853300006],[69.91834299800007,26.582606483000063],[69.93291712400003,26.58448439600005],[69.95478135800005,26.587301659000047],[69.99631434500003,26.593869666000046],[69.99802367800004,26.594161133000057],[70.00000107200003,26.594498309000073],[70.00947793100005,26.59610546600004],[70.02484883200003,26.598712180000064],[70.03209449600007,26.59909473400006],[70.04041428900007,26.599533999000073],[70.04782048600003,26.599137823000035],[70.06619191600004,26.599291710000045],[70.08843997600007,26.595572240000024],[70.10688016300003,26.589521554000044],[70.10973612500004,26.588173659000063],[70.13893112100004,26.574394837000057],[70.14336724000003,26.571996066000054],[70.15022377200006,26.568288490000043],[70.15821110100006,26.561043222000023],[70.16051452300007,26.55895380000004],[70.16325374800005,26.555842228000074],[70.16774064000003,26.550745428000027],[70.17273704000007,26.53494750400006],[70.17424502200004,26.529533060000063],[70.17854216300003,26.51410406800005],[70.18225835900006,26.498522241000046],[70.18389871100004,26.48683022800003],[70.18100107300006,26.46959812500006],[70.17664630600007,26.43802107500005],[70.17599487900003,26.43329687100004],[70.17804776200006,26.40416361800004],[70.17849343300003,26.38438737300004],[70.17933778900004,26.37525587400006],[70.17790369800008,26.365836055000045],[70.17827621500004,26.350977777000026],[70.17830642200005,26.349772923000046],[70.17585657900008,26.34071085900007],[70.16674201500007,26.306995748000077],[70.16480383000004,26.292419292000034],[70.16460397500003,26.290916245000062],[70.16476158200004,26.28753573700004],[70.16524571400004,26.277151588000038],[70.16681732100005,26.27257428300004],[70.17076270900003,26.25906173800007],[70.17256012600006,26.245871415000067],[70.17266828300006,26.24507771100008],[70.17046172600004,26.236430289000054],[70.16725794600006,26.223874781000063],[70.16163756700007,26.20184869900004],[70.15941767200007,26.194488340000078],[70.14954550000004,26.17482126400006],[70.14519463000005,26.166153577000046],[70.12902036200006,26.143131152000024],[70.12851262500004,26.142408440000054],[70.12714610700004,26.140463341000043],[70.12638773400005,26.139383873000043],[70.09427784100006,26.097363034000068],[70.08714629600007,26.08418598000003],[70.08604327500007,26.082147915000064],[70.08257264400004,26.073857688000032],[70.08045097400003,26.058236571000066],[70.08400106700003,26.04253972300006],[70.08656387000008,26.031208207000077],[70.09098074000008,25.996822758000064],[70.09130161000007,25.96515815300006],[70.09273386700005,25.958905535000042],[70.09607536600004,25.944317991000048],[70.10668043800007,25.924207971000044],[70.14166178800008,25.875380109000048],[70.14232094600004,25.874034811000058],[70.14502109800003,25.868523974000027],[70.17266866300008,25.842910785000072],[70.19154680600008,25.82542174100007],[70.20767255200008,25.810482568000054],[70.21126472500004,25.805462876000036],[70.21844754600005,25.798707684000078],[70.22506797000005,25.79248140800007],[70.23263873000008,25.78267119700007],[70.23263950300003,25.782670196000026],[70.23624692400006,25.777995490000023],[70.24250001500008,25.76989254500006],[70.25431980900004,25.750470104000044],[70.26165387000003,25.732612305000032],[70.26524265700004,25.723871599000063],[70.26744918500003,25.718501220000064],[70.27538916400005,25.711317447000056],[70.29593036400007,25.705970913000044],[70.30866139100004,25.70265723800003],[70.32821807400006,25.69544094300005],[70.33730406300003,25.69266920700005],[70.37464923500005,25.681276836000052],[70.38967747800007,25.681045914000038],[70.39617081700004,25.680946250000034],[70.39755040600005,25.681321034000064],[70.40652338800004,25.683758665000028],[70.40983685900005,25.68125391700005],[70.41489546800005,25.681970963000026],[70.43310646300006,25.68368008500005],[70.48420660600004,25.689465563000056],[70.49053887200006,25.689039919000038],[70.50464295300003,25.688840818000074],[70.52648938000004,25.688532421000048],[70.53671637400004,25.691880137000055],[70.54215306200007,25.693659789000037],[70.56008247700004,25.700856439000063],[70.56242492600006,25.701220314000068],[70.56311764300006,25.70132792100003],[70.56360130600007,25.701770993000025],[70.56865755700005,25.706402901000047],[70.59392441200004,25.715695027000038],[70.60349427300008,25.71815881200007],[70.60479780600008,25.71849441100005],[70.60552042500007,25.71837486900006],[70.61290811400005,25.71715203800005],[70.62506187400004,25.717204425000034],[70.64001505800007,25.715429818000075],[70.64940541000004,25.71110789900007],[70.65388033000005,25.706780666000043],[70.65932617800007,25.701514549000024],[70.66617800100005,25.690386276000027],[70.66876891600003,25.68617828500004],[70.67048039500008,25.679239437000035],[70.67238688600008,25.671509954000044],[70.67243272500008,25.661415654000052],[70.66536708200005,25.606324592000078],[70.66520781400004,25.599197373000038],[70.66474167300004,25.57833331100005],[70.66461973100007,25.569026501000053],[70.66437496500004,25.550345612000058],[70.67043220000005,25.50104626800004],[70.66840165700006,25.473235284000054],[70.66498723700005,25.426470247000054],[70.66491034900008,25.42468717500003],[70.66437569900006,25.412288285000045],[70.66407701500003,25.405361602000028],[70.66488304600006,25.40119347800004],[70.66589418500007,25.39596470200007],[70.67379005500004,25.38885078900006],[70.70417918400005,25.361471205000043],[70.72209080700003,25.342075832000035],[70.73718292800004,25.32573352000003],[70.73789123000006,25.323214971000027],[70.74431736900004,25.300365165000073],[70.74470746300005,25.297251817000074],[70.74483468900007,25.29623642300004],[70.75250282100006,25.271719355000073],[70.77285945000006,25.252011564000043],[70.78184880500004,25.24330898000005],[70.79122983400003,25.23422670900004],[70.85204447300003,25.176964557000076],[70.86385094200006,25.16517063400005],[70.87669250700003,25.152342716000078],[70.88124689300008,25.145931869000037],[70.88309823900005,25.139048856000045],[70.88716635100008,25.123924258000045],[70.88913766900004,25.116595207000046],[70.88890847700003,25.109254493000037],[70.89376081300003,25.085644374000026],[70.89842650900005,25.064264122000054],[70.89952712000007,25.05922064300006],[70.90166468600006,25.049425364000058],[70.90168761200005,25.041400344000067],[70.90776109100005,25.02083994900005],[70.91391667100004,25.000001621000024],[70.91613396700006,24.99249748400007],[70.91793736600005,24.98639412500006],[70.95564283400006,24.901671417000045],[70.96250879200005,24.88731740700007],[70.98618494100003,24.85696278000006],[70.99619356600004,24.84413096000003],[70.99997475300006,24.838306227000032],[71.02088089100005,24.806101347000038],[71.03296589300004,24.786397326000042],[71.03385763400007,24.782804702000078],[71.03524144900007,24.777229619000025],[71.04391970800003,24.756177394000076],[71.04506726600005,24.75339358100007],[71.04831688100006,24.74729406000006],[71.05583878600004,24.73317545900005],[71.05715226800004,24.73071005500003],[71.06745284200008,24.71765262100007],[71.07423378500005,24.71330100600005],[71.07901724900006,24.703675142000066],[71.08230749200004,24.698853842000062],[71.08605346400003,24.693364746000043],[71.08580787900007,24.687634885000023],[71.08375065800004,24.683429379000074],[71.07929891100008,24.674328825000032],[71.06501685100005,24.662623461000067],[71.05850123100004,24.65894983000004],[71.04345636900007,24.654120413000044],[71.02090381000005,24.645152431000042],[71.00813450400005,24.635735886000077],[71.00319413000005,24.62916864600004],[70.99812205900008,24.62242634100005],[70.98938654400007,24.60315451100007],[70.98937919300005,24.602722164000056],[70.98848614400003,24.55019790700004],[70.99680256400006,24.527059270000052],[70.99883910400007,24.51055739800006],[70.99387217200007,24.487169923000067],[70.99439931500007,24.473418362000075],[70.99793217200005,24.459670076000066],[70.99893086100008,24.459669595000037],[71.00070866200008,24.448898021000048],[71.00253294000004,24.44570096500007],[71.00397610200008,24.443171816000074],[71.00630152800005,24.442466056000058],[71.00998769100005,24.441347759000053],[71.01829750800005,24.43487044500006],[71.02026226300006,24.433339114000034],[71.04973293300003,24.433492625000042],[71.07557608500008,24.433627241000067],[71.08118448200008,24.43436629100006],[71.09309295300005,24.435935538000024],[71.09983006000004,24.434640654000077],[71.10736838300005,24.433191774000022],[71.11404698100006,24.429410494000024],[71.11788177800008,24.42723931300003],[71.12339877300008,24.420596],[71.12393732700008,24.414578927000036],[71.12440394600003,24.409365559000037],[71.11160189900005,24.39871792300005],[71.08065761400007,24.391373935000047],[71.06773812600005,24.378973001000077],[71.05014879500004,24.362089660000038],[71.03815547000005,24.356117553000047],[71.02739651100006,24.353583337000032],[71.01570708500003,24.352577094000026],[71.01389378900006,24.352421003000075],[71.00601850800007,24.355388792000042],[71.00227152900004,24.356818754000074],[70.99136414900005,24.36270193100006],[70.98085730200006,24.363373138000043],[70.96754817000004,24.353390416000025],[70.95590149400005,24.344654646000038],[70.93138770100006,24.33807681600007],[70.92212140700008,24.32979795800003],[70.91467300700003,24.323143276000053],[70.91120245200005,24.321406827000033],[70.90593749200008,24.318772245000048],[70.89719816100006,24.31453371400005],[70.89644564100007,24.314168746000064],[70.89550699900008,24.313803884000038],[70.87271765200006,24.30494537800007],[70.86648688500003,24.298740805000023],[70.86451591500008,24.29165640800005],[70.86578325300007,24.28430465200006],[70.87255066800003,24.278133110000056],[70.89280802600007,24.273595095000076],[70.90408430600007,24.26514116000004],[70.89410460200008,24.257096497000077],[70.88287416100007,24.253632413000048],[70.86563887200003,24.25084281100004],[70.85886670500008,24.248883859000046],[70.85365209600008,24.247375453000075],[70.84736427100006,24.24370067900003],[70.84616783700005,24.243001451000055],[70.84172473300004,24.23798658800007],[70.84053694000005,24.23706405400003],[70.83718951300006,24.234498099000064],[70.83370905900006,24.232883928000035],[70.816756,24.22527507500007],[70.81624523000005,24.225045832000035],[70.80576392400008,24.22272414500003],[70.80060822700005,24.22246876500003],[70.79102356100003,24.22199400200003],[70.76379547200008,24.220762910000076],[70.74709372600006,24.220807552000053],[70.72582152000007,24.220864410000047],[70.68983499700005,24.223254562000022],[70.65880963800004,24.224902030000067],[70.65530548400005,24.225088103000076],[70.63357474400004,24.232658010000023],[70.62508913600004,24.23557037200004],[70.61379869100006,24.239445387000046],[70.59355115600005,24.240273755000032],[70.58949166400004,24.241964134000057],[70.58428849700005,24.24413074000006],[70.57424985800003,24.25233256300004],[70.57363157800006,24.254407017000062],[70.57220349500005,24.25919852100003],[70.57237541300003,24.263622867000038],[70.57242614000006,24.26492833800006],[70.57737015300006,24.27388977100003],[70.57944678100006,24.275724354000033],[70.58296757600004,24.278889900000024],[70.58780721500005,24.285395564000055],[70.57418079400003,24.289642886000024],[70.57225915600003,24.293577422000055],[70.57348680200005,24.298167179000075],[70.57753473000008,24.301647657000046],[70.58741793800004,24.31014540800004],[70.57761244200003,24.319269920000067],[70.57154865900003,24.331158471000037],[70.56191929300007,24.35220163300005],[70.56138586600008,24.35838665500006],[70.57386689100008,24.362800237000044],[70.58158729800004,24.36833679700004],[70.58400820700007,24.37207027200003],[70.58531331600005,24.37408298500003],[70.59472003800005,24.392231770000024],[70.59586485700004,24.39985974700005],[70.59611608300008,24.400266591000047],[70.59319427000008,24.411732792000066],[70.57486842100008,24.420314391000034],[70.56970196800006,24.419711905000042],[70.56012831600003,24.418595475000075],[70.53752315600008,24.411829728000043],[70.53155453800008,24.410043315000053],[70.52543680900004,24.407608468000035],[70.50623634000004,24.400040906000072],[70.48313267500004,24.390771485000073],[70.47447032400004,24.388736918000063],[70.46613967500008,24.386780259000034],[70.46128197600007,24.38692694300005],[70.45963387800003,24.386976709000066],[70.38311473400006,24.358256786000027],[70.37031422000007,24.35345237000007],[70.35900960200007,24.352160165000043],[70.35756783300008,24.351995359000057],[70.34973747800007,24.35087925700003],[70.32559218100005,24.347437699000068],[70.30872626500008,24.34251336600005],[70.30691654200007,24.342002213000058],[70.29689071000007,24.33991363100006],[70.27071363300007,24.329878267000026],[70.24752915700003,24.321237703000065],[70.23706160100005,24.317266121000046],[70.23081118900006,24.316532705000043],[70.21449938900008,24.313136865000047],[70.19087927700008,24.308219559000065],[70.16705225800007,24.303713518000052],[70.15045296400007,24.300574347000065],[70.14397336000007,24.298000840000043],[70.12856329700003,24.293488110000055],[70.11904047200005,24.29069941700004],[70.11009868300005,24.284897568000076],[70.10728166800004,24.27788152100004],[70.10400543200006,24.269721739000033],[70.09202952800007,24.243328167000072],[70.08834829900007,24.23521514500004],[70.07730776000005,24.215642091000063],[70.07202947000007,24.208946082000068],[70.05930303900004,24.19280140400008],[70.05392681400008,24.188017647000038],[70.04890424000007,24.18354856900004],[70.03203566000008,24.17309083400005],[70.02408594800005,24.16935499400006],[70.01858532400007,24.169764267000062],[70.01628355600008,24.169036625000047],[70.01186343000006,24.16763932300006],[70.00138448400008,24.166477713000063],[70.00063953800003,24.166395134000027],[70.00000107200003,24.166355844000066],[69.99176113700008,24.165850893000027],[69.97868288000006,24.16504944600007],[69.95224561100008,24.16471191000005],[69.93571267800007,24.16450082700004],[69.92016173600007,24.16430228200005],[69.91226284400005,24.164201433000073],[69.90669097900008,24.165981051000074],[69.90599933500005,24.166201958000045],[69.89876618400007,24.165216447000034],[69.87378777200007,24.166116760000023],[69.87030748800004,24.16470565700007],[69.86697025000007,24.16518379200005],[69.86580548900008,24.165350671000056],[69.85804895400008,24.166418054000076],[69.85710067100007,24.166464546000043],[69.83480881800006,24.16755746900003],[69.82992686100005,24.16750859800004],[69.82532351500004,24.167462517000047],[69.79471678200008,24.169647981000026],[69.76658470800004,24.171656743000028],[69.76017246900005,24.17261405200003],[69.75081625200005,24.174010879000036],[69.74132440100004,24.174135298000067],[69.72458024000008,24.175097907000065],[69.71652902800008,24.179593358000034],[69.71464064600008,24.181827656000053],[69.70866444600006,24.188898580000057],[69.70488519900005,24.189825118000044],[69.70240093700005,24.19043417100005],[69.69305315100007,24.197892756000044],[69.68737964000007,24.201342991000047],[69.68121371200004,24.205092680000064],[69.67511718700007,24.21235808700004],[69.67016378700004,24.216184122000072],[69.66956417600005,24.216647265000063],[69.66679954000006,24.218963003000056],[69.61747850400008,24.260275727000078],[69.61287828000007,24.267554231000076],[69.60565818200007,24.273643983000056],[69.59010307700004,24.286763851000046],[69.58670570200007,24.286794185000076],[69.57910182900008,24.286862076000034],[69.55973832200004,24.277458629000023],[69.54254232300008,24.274037109000062],[69.52960395200006,24.27031596000006],[69.50421148600003,24.263012942000046],[69.48972219700005,24.262577618000023],[69.47772901100006,24.262280283000052],[69.47771354100007,24.263363135000077],[69.47265952900005,24.26390608500003],[69.46820204300008,24.264384824000047],[69.44284678600008,24.270929912000042],[69.43832514200005,24.27270451800007],[69.43654300600008,24.272955401000047],[69.43158032900004,24.273654030000046],[69.42118492300006,24.273756381000055],[69.41162747000004,24.273850481000068],[69.40784323800005,24.272867835000056],[69.40036756100005,24.27092663700006],[69.39514196800008,24.26869364600003],[69.39188415800004,24.269106193000027],[69.38218603400003,24.265995721000024],[69.37887564800008,24.26602516300005],[69.36964781700004,24.26610723500005],[69.36193849800003,24.26617580100003],[69.35531598200004,24.26783996300003],[69.33081086000004,24.273997819000044],[69.31027192200008,24.276689196000063],[69.29256515100008,24.27391596500007],[69.28270536400004,24.27108529900005],[69.27491076700005,24.26884753300004],[69.27212022800006,24.26714630600003],[69.27144662800004,24.266735486000073],[69.27124316000004,24.266010691000076],[69.27073618600008,24.26420474400004],[69.26774685900006,24.263703794000037],[69.24340004900006,24.25532843900004],[69.23642654300005,24.25183841200004],[69.23301818700008,24.251555172000053],[69.22897400700003,24.25121934200007],[69.22831088300006,24.250845380000044],[69.22229140400003,24.24745076000005],[69.19976831300005,24.235198774000025],[69.19876742000008,24.235254566000037],[69.19001780200006,24.23574228800004],[69.15808798800003,24.246258958000055],[69.15548316900004,24.248970808000024],[69.14828361300005,24.24917060000007],[69.14826872500004,24.25000435100003],[69.14537474200006,24.250839374000066],[69.13696297200005,24.253265705000047],[69.12508638700007,24.259062362000066],[69.11829359200004,24.26237775100003],[69.10547517400005,24.26607430100006],[69.09292523800008,24.269083274000025],[69.08801243800008,24.268554600000073],[69.08544079400008,24.26827786100006],[69.08439751300006,24.267769652000027],[69.07927845100005,24.265275401000054],[69.07003598700004,24.26020430500006],[69.05796535100006,24.253061185000035],[69.03945131300003,24.24210074800004],[69.01371625100006,24.229076056000054],[69.00415038900007,24.22675705900008],[69.00053439800007,24.225880455000038],[68.98628188800006,24.226332292000052],[68.98149176100003,24.22854563800007],[68.97056581900006,24.23752999100003],[68.96000003700004,24.253629139000054],[68.95734467600005,24.261375851000025],[68.95308649400005,24.267750699000032],[68.94780698700004,24.275654555000074],[68.94444685200006,24.281455813000036],[68.94003139400007,24.289079083000047],[68.93899616600004,24.290866400000027],[68.93563257700004,24.292636366000067],[68.93393755600005,24.293528309000067],[68.92840325300006,24.29378554400006],[68.92668197100005,24.293865550000078],[68.92554848900005,24.293337303000044],[68.91034053300007,24.286249805000068],[68.89727698200005,24.276856489000068],[68.88901572000003,24.265484713000035],[68.88794654400004,24.261986910000076],[68.88105625800006,24.239445387000046],[68.88099763300005,24.233697736000067],[68.88097440400003,24.231420369000034],[68.87910484600008,24.225428618000024],[68.87358785100008,24.214329144000033],[68.86750769700006,24.20620262700004],[68.86403706500005,24.205223647000025],[68.85364717500005,24.205664197000033],[68.85253159300004,24.205711500000064],[68.85168899500007,24.206178717000057],[68.84772509600003,24.20837668300004],[68.84476710200005,24.216279032000045],[68.84030907600004,24.22818875300004],[68.83940603100007,24.232585206000067],[68.83585291500003,24.249883476000036],[68.83104641800003,24.287850879000075],[68.83153664300005,24.293429581000055],[68.83205486500003,24.29932688400004],[68.82635451600004,24.30839636500008],[68.80521312900004,24.303206788000068],[68.79228338800004,24.299994817000027],[68.77265139900004,24.294137307000028],[68.76750111200005,24.289687695000055],[68.76625843600004,24.28764185500006],[68.76421528300006,24.284278114000074],[68.76412979800006,24.277103974000056],[68.76417454400007,24.23598785200005],[68.76306787100003,24.206628271000056],[68.76216092300007,24.191026798000053],[68.76196844100008,24.174653232000026],[68.76181058600008,24.161225202000026],[68.76160632000006,24.130922613000052],[68.76141764000005,24.10293205000005],[68.76139803900003,24.10002421100006],[68.76110044000006,24.08962202400005],[68.75956122300005,24.035820795000063],[68.75092393400007,24.00000125500003],[68.74990463500006,23.97696866800004],[68.74924427900004,23.96204694900007],[68.56797139000008,23.96310097500003],[68.38491902800007,23.964165992000062],[68.38463535300008,23.964517185000034],[68.38415546800007,23.965018030000067],[68.38209399100003,23.96731838000005],[68.38065989900008,23.97048778800007],[68.37917997000005,23.976842973000032],[68.37804545900008,23.97885799900007],[68.37632815800004,23.98190813100007],[68.37422940800008,23.98315559400004],[68.37174600300006,23.98220515500003],[68.37078169500006,23.981836099000077],[68.36942591800005,23.98110252500004],[68.36595882700004,23.979226577000077],[68.36381658000005,23.978062185000056],[68.36114578100006,23.976610506000043],[68.35980302300004,23.97340822600006],[68.35709580600007,23.972372622000023],[68.35290466700008,23.97076936700006],[68.35101487700007,23.97024734000007],[68.34806870100005,23.969433501000026],[68.34320981700006,23.969371292000062],[68.33907452600005,23.967406783000058],[68.33630570800005,23.966089237000062],[68.33493923600008,23.965439],[68.33316242200004,23.961707],[68.33157992600007,23.958383140000024],[68.33170287600007,23.950007154000048],[68.33171089300004,23.949460997000074],[68.33181894100005,23.942450975000042],[68.33269280300004,23.93905089200007],[68.33328904800004,23.93673098100004],[68.33255978900007,23.932726582000043],[68.33200884400003,23.929701315000045],[68.33124538500005,23.927745810000033],[68.33000831900006,23.92457722100005],[68.32780614100005,23.92318600400006],[68.32588285100007,23.921970973000043],[68.32188493200005,23.920738610000058],[68.31957320900005,23.92002541100004],[68.31877136200006,23.92358207700005],[68.31523132300003,23.922416687000066],[68.30696868900003,23.923851013000046],[68.28616333000008,23.938318253000034],[68.27893066400003,23.93862724300004],[68.27447509800004,23.937160492000032],[68.26371765100004,23.92868423400006],[68.24731445300006,23.906793594000078],[68.23776245100004,23.900175095000066],[68.21336364700005,23.888887405000048],[68.20905304000007,23.887731552000048],[68.20040893600003,23.885417938000046],[68.18562316900005,23.886302948000036],[68.19287109400005,23.871490479000045],[68.19038391100008,23.851951599000074],[68.18893432600004,23.850088119000077],[68.17811584500004,23.85421180700007],[68.17321014400005,23.85112762500006],[68.16783905000005,23.856513977000077],[68.15990448000008,23.854740143000072],[68.14350128200005,23.869649887000037],[68.13604736300005,23.869544983000026],[68.13469696000004,23.865888596000048],[68.13694000200007,23.85630798300008],[68.14330291700003,23.841545105000023],[68.14210510300006,23.83968544000004],[68.12409973100006,23.842275620000066],[68.11954498300008,23.84469985900006],[68.11687469500004,23.851749420000033],[68.11165618900003,23.85352706900005],[68.10353088400007,23.855539322000027],[68.10755920400004,23.84581565900004],[68.10438537600004,23.843223572000056],[68.08393859900008,23.834295273000066],[68.07598877000004,23.833206177000022],[68.07295990000006,23.83474350000006],[68.07005310100004,23.841098786000032],[68.06339263900003,23.84805870100007],[68.05559539800004,23.850866318000044],[68.05302429200003,23.853790283000023],[68.04705810500008,23.881397247000052],[68.04782867400007,23.889896393000072],[68.05038452100007,23.897058487000038],[68.05533599800003,23.903003693000073],[68.04847717300004,23.90518379200006],[68.04563903800005,23.911024094000027],[68.04196167000003,23.911851883000054],[68.02983093300003,23.90321350100004],[68.03275299100005,23.89460563700004],[68.02816009500003,23.879604339000025],[68.02768707300004,23.86927795400004],[68.04218292200005,23.83016777100005],[68.04016876200006,23.821641922000026],[68.04270172100007,23.810693741000023],[68.04016876200006,23.802843094000025],[68.04372406000005,23.800170898000033],[68.04460907000004,23.79491615300003],[68.04273986800007,23.79029083200004],[68.03523254400005,23.788431168000045],[68.03358459500004,23.788024902000075],[67.99625396700003,23.786733627000046],[67.98104858400006,23.796482086000026],[67.97862243700007,23.803304672000024],[67.97018432600004,23.81136894200006],[67.96309661800007,23.815336227000046],[67.95809936500007,23.81591224700003],[67.95523834200003,23.811262131000035],[67.95197296100008,23.81210517900007],[67.93632507300003,23.83788490300003],[67.92643737800006,23.844079971000042],[67.92232513400006,23.848800659000062],[67.92024993900003,23.851734161000024],[67.91934204100005,23.84850311300005],[67.92203521700003,23.840999603000057],[67.92984008800005,23.829027176000068],[67.92433929500004,23.829587937000042],[67.89417266900006,23.848386765000043],[67.87196350100004,23.85865211500004],[67.86505126900005,23.89219093300005],[67.86528778100006,23.901594162000038],[67.87091064400005,23.923730850000027],[67.87299346900005,23.929510117000063],[67.88621521000005,23.947463989000028],[67.90268707300004,23.964721680000025],[67.89393615700004,23.97507476800007],[67.89202117900004,23.97212219200003],[67.88069152800006,23.967048645000034],[67.87204742400007,23.954931259000034],[67.86355590800008,23.946254730000078],[67.85451507600004,23.92151832600007],[67.84563446100003,23.90916252100004],[67.83784484900008,23.875514984000063],[67.83891296400003,23.87301826500004],[67.83622741700003,23.853010178000034],[67.83496856700003,23.844497681000064],[67.83602142300003,23.824577331000057],[67.83417511000005,23.819492340000068],[67.83107757600004,23.816812515000038],[67.82736206100003,23.81360244800004],[67.82094574000007,23.811388016000024],[67.80764770500008,23.814746857000046],[67.80069732700008,23.813667297000052],[67.79065704400006,23.81641006500007],[67.78227996800007,23.821947098000066],[67.77168273900003,23.826511383000025],[67.75312805200008,23.830657959000064],[67.73498535200008,23.83779144300007],[67.73178519800007,23.839905076000036],[67.71187757800004,23.85305363200007],[67.70903778100006,23.856201172000056],[67.70506286600005,23.85564804100005],[67.70922088600008,23.849218369000027],[67.71732330300006,23.836683273000062],[67.74849700900006,23.809455872000058],[67.75112152100007,23.804702759000065],[67.75022125200007,23.801471710000044],[67.74653625500008,23.79954910300006],[67.72561645500008,23.799282074000075],[67.71755218500005,23.80252838100006],[67.70695495600006,23.798377991000052],[67.69284820600006,23.803998947000025],[67.68508911100008,23.805189133000056],[67.67685699500004,23.79696464500006],[67.67156219500004,23.79890251200004],[67.66336059600008,23.798244476000036],[67.65599060100004,23.794628143000068],[67.65200805700005,23.794530869000027],[67.638237,23.80543136600005],[67.62693023700007,23.808822632000044],[67.62608337400007,23.812242508000054],[67.63268280000005,23.833724976000042],[67.63185119600007,23.836685181000064],[67.62677002000004,23.841646194000077],[67.62543487500005,23.84294700600003],[67.61750793500005,23.841379166000024],[67.60108184800004,23.849229813000022],[67.60034179700006,23.84049987800006],[67.59791564900007,23.83814811700006],[67.58470153800005,23.83828163100003],[67.58342742900004,23.839395523000064],[67.57899475100004,23.854417801000068],[67.58052063000008,23.870275497000023],[67.57912445100004,23.883766174000073],[67.57623291000004,23.888967514000058],[67.57216644300007,23.883136749000073],[67.57342529300007,23.874225616000047],[67.57256317100007,23.86962127700008],[67.57036590600006,23.868190765000065],[67.56512451200007,23.86828994800004],[67.54877471900005,23.873388290000037],[67.54920196500007,23.875690460000044],[67.55464935300006,23.876972198000033],[67.54609680200008,23.887992859000065],[67.53547668500005,23.89300155600006],[67.53074646000005,23.892885208000052],[67.53402710000006,23.883108139000058],[67.53498840300006,23.876026154000044],[67.53353118900003,23.87461280800005],[67.51917266800007,23.879756927000074],[67.50953674300007,23.885248184000034],[67.49670854700008,23.89764771600005],[67.49566650400004,23.89865493800005],[67.49363708500005,23.899980545000062],[67.46960449200003,23.90327262900007],[67.46551513700007,23.906608581000057],[67.46171569800003,23.916828155000076],[67.46260070800008,23.920518875000027],[67.46605682400008,23.921522140000036],[67.46833801300005,23.92043495200005],[67.47280120900007,23.91298103300005],[67.47996521000005,23.906972885000073],[67.48346710200008,23.906600952000076],[67.48836517300003,23.909475326000063],[67.49097442600004,23.91389656100006],[67.48673248300008,23.922273636000057],[67.48847961400003,23.930339813000046],[67.48552703800004,23.937372208000056],[67.48120117200006,23.94024276700003],[67.46951294000007,23.939262390000067],[67.46598053000008,23.942131043000074],[67.46608734100005,23.94536399800006],[67.46902465800008,23.947042465000038],[67.47901153600003,23.94683647100004],[67.48689773600006,23.956189907000066],[67.48888397200005,23.958545685000047],[67.49428558300008,23.96120262100004],[67.50148010300006,23.962530136000055],[67.50437164300007,23.966039658000057],[67.50076293900008,23.969846725000025],[67.49267578100006,23.97331237800006],[67.48641967800006,23.97407150300006],[67.48454867200007,23.973396398000034],[67.48308754800007,23.97286918800006],[67.47753906300005,23.970867157000043],[67.42797851600005,23.943710327000076],[67.42245483400006,23.94494628900003],[67.41981506300004,23.94969177200005],[67.42121887200005,23.960960388000046],[67.42739105200008,23.971202850000054],[67.42823791500007,23.976268768000068],[67.43476867700008,23.98285293600003],[67.43652343700006,23.99069023100003],[67.43572235100004,23.992504120000035],[67.43289947500006,23.995183945000065],[67.41569519000006,23.994745255000055],[67.41012573200004,23.997583389000056],[67.40830993600008,24],[67.42175293000008,24.002429962000065],[67.40918731700003,24.03373336800007],[67.40920257600004,24.03915786700003],[67.40999603300008,24.042104721000044],[67.42433929400005,24.058637619000024],[67.43534088100006,24.061183930000027],[67.43802642800006,24.063631058000055],[67.43013763400006,24.079065323000066],[67.42089080800008,24.083147049000047],[67.41804504400005,24.086183548000065],[67.41841888400006,24.08828163100003],[67.42829132100007,24.091524124000046],[67.43310546900005,24.09627151500007],[67.43524932900004,24.105522156000063],[67.43762207000003,24.108728409000037],[67.44655609100005,24.112773895000032],[67.44889831500006,24.116813660000048],[67.44648742700008,24.12028312700005],[67.44308471700003,24.12017250100007],[67.43370056200007,24.110271454000042],[67.42314910900006,24.095321655000077],[67.40882110600006,24.084005356000034],[67.40502929700006,24.076370239000028],[67.40457153300008,24.07051277200003],[67.40142059300007,24.04641532900007],[67.39689636200006,24.046058655000024],[67.39205932600004,24.047777176000068],[67.38139343300003,24.059110642000064],[67.37796020500008,24.06567573500007],[67.37852478000008,24.068614960000048],[67.38147735600006,24.068712235000078],[67.38968658400006,24.06209564200003],[67.39379119900008,24.061605454000073],[67.39553833000008,24.06333160400004],[67.39497375500008,24.066234589000032],[67.38791656500007,24.072469711000053],[67.38488006600005,24.080299377000074],[67.37937164300007,24.08178710900006],[67.37592315700005,24.08292579700003],[67.37097930900006,24.08735275300006],[67.36895751900005,24.092502594000052],[67.36904907200005,24.101688385000045],[67.36474609400005,24.107179642000062],[67.36532592800006,24.10970306400003],[67.36595153800005,24.111183166000046],[67.36250305200008,24.117956161000052],[67.36261749300007,24.132356644000026],[67.37216949500004,24.132253647000027],[67.41183471700003,24.123331070000063],[67.42067718500005,24.123826980000047],[67.42505645700004,24.12814331100003],[67.42451477100008,24.130212784000037],[67.42285919200003,24.132036209000034],[67.41457366900005,24.12884521500007],[67.39909362800006,24.129383087000065],[67.38283538800005,24.132604599000047],[67.36946868900003,24.13738250700004],[67.36062622100008,24.142515182000068],[67.35635376000005,24.147174835000044],[67.35515594500004,24.154438019000054],[67.35171508800005,24.15536689700008],[67.34532928500005,24.15578270000003],[67.33816528300008,24.16451835600003],[67.33443450900006,24.172533035000072],[67.33473968500005,24.176298141000075],[67.33684539800004,24.18054199200003],[67.34020233200005,24.18190574700003],[67.35118103000008,24.18039131200004],[67.35449218800005,24.182796478000057],[67.35091400100004,24.187059403000035],[67.34352111800007,24.189945221000073],[67.33943939200003,24.19544410700007],[67.33753204300007,24.203519821000043],[67.33436584500004,24.208839416000046],[67.33460998500004,24.214065552000022],[67.33633422900004,24.216417313000022],[67.34416198700006,24.214172363000046],[67.34567260700004,24.216100693000044],[67.34510803200004,24.219003677000046],[67.33879852300004,24.22317695600003],[67.33707428000008,24.226459503000058],[67.33917269600005,24.23020047800003],[67.34196472200006,24.235177994000026],[67.35057067900004,24.236087799000074],[67.36122131300004,24.231431961000055],[67.35960388200004,24.237848282000073],[67.36253356900005,24.238571167000032],[67.38834381100008,24.235870361000025],[67.40163421600005,24.233385086000055],[67.40701293900008,24.22959518400006],[67.41247558600003,24.229564667000034],[67.41516113300008,24.224853516000053],[67.41516368200007,24.220878189000075],[67.41516876200006,24.21295738200007],[67.41683960000006,24.210926056000062],[67.42074585000006,24.209800720000032],[67.42814636200006,24.212545395000063],[67.43121337900004,24.221410751000064],[67.43294525200008,24.24129104600007],[67.43254997900004,24.24309783800004],[67.43165588400007,24.247184753000056],[67.42726898200004,24.246950150000032],[67.42644500700004,24.238784790000068],[67.42774138200008,24.23014587800003],[67.42828369100005,24.22653198200004],[67.42501068100006,24.217035294000027],[67.42115783700007,24.21670150800003],[67.41982362600004,24.217840997000053],[67.41915130600006,24.227487564000057],[67.41434478800005,24.23400878900003],[67.40910339400006,24.234254837000037],[67.39720153800005,24.242004395000038],[67.38558960000006,24.242250443000046],[67.37394714400006,24.24332809400005],[67.35098375000007,24.253816889000063],[67.35008239700005,24.25422859200006],[67.34893798800005,24.260242462000065],[67.35102081300005,24.265111923000063],[67.36129760700004,24.275676727000075],[67.36555096900008,24.27655367400007],[67.36852264400005,24.277166367000063],[67.37549591100003,24.27343177800003],[67.38141632100007,24.27320861800007],[67.39810943600008,24.28272819500006],[67.39568328900003,24.28661537200003],[67.39337921100008,24.28737449600004],[67.37896728500004,24.277719498000067],[67.37506103500004,24.278633118000073],[67.36922270000008,24.285136501000068],[67.36317443900003,24.28575515700004],[67.35847473100006,24.283721924000076],[67.35189056400003,24.277662277000047],[67.34339904800004,24.262145996000072],[67.33795929000007,24.255912781000063],[67.33411407500006,24.255369186000053],[67.33013153100006,24.252523422000024],[67.33049774200003,24.250572205000026],[67.33099365200007,24.24796104400008],[67.32885742200006,24.24434280400004],[67.32588195800008,24.244869232000042],[67.31282043500005,24.258626938000077],[67.30842590300006,24.26620101900005],[67.30520629900008,24.27840614300004],[67.29991912800006,24.285533905000023],[67.29979705800008,24.288452149000022],[67.30377197300004,24.291507721000073],[67.30632019000006,24.30181884800004],[67.30440521200006,24.30425834600004],[67.30188751200006,24.30459213200004],[67.29736328100006,24.298179626000035],[67.29542541500007,24.301036835000048],[67.29722595200008,24.307357788000047],[67.30181121800007,24.31210327200006],[67.30670929000007,24.314979553000057],[67.31626129100005,24.315090179000038],[67.32176208500005,24.319864273000064],[67.32258605900006,24.32218742400005],[67.32088470400004,24.324844360000043],[67.31539917000003,24.325286865000066],[67.31443786600005,24.326715469000078],[67.31636810300006,24.329702377000046],[67.32531738300008,24.33354759200006],[67.32985687300004,24.33390808100006],[67.33409881600005,24.330291748000036],[67.33850097600003,24.32271575900006],[67.34018707300004,24.30878830000006],[67.34310913100006,24.30408477800006],[67.35469818100006,24.292989731000034],[67.35956573500005,24.290645599000072],[67.36214447000003,24.294487],[67.359375,24.301282883000056],[67.34133148200004,24.32819938600005],[67.33856964100005,24.332319260000077],[67.33882141100008,24.33754348800005],[67.34392547600004,24.34084320100004],[67.34658050600007,24.342809677000048],[67.35089874300007,24.342952728000057],[67.37372589100005,24.33577346800007],[67.40047454800003,24.32141494800004],[67.40629577600004,24.31221389800004],[67.41088104200003,24.311319351000066],[67.41500854500003,24.31646347000003],[67.42012786900005,24.31934165900003],[67.42808532700008,24.319601059000036],[67.43330283200004,24.31733767000003],[67.43479919400005,24.31668853800005],[67.44210815400004,24.31608963000008],[67.44643402100007,24.322072983000055],[67.44899749800004,24.332174301000066],[67.45239257800006,24.332700729000067],[67.45873260500008,24.32768821700006],[67.46623992900004,24.327930450000053],[67.47376251200006,24.32170105000006],[67.48213958700006,24.322805405000054],[67.49060058600003,24.321825027000045],[67.49635314900007,24.33223342900004],[67.50508880600006,24.336061478000033],[67.51463317900004,24.342416763000074],[67.51808929400005,24.341274261000024],[67.52513122600004,24.32981109600007],[67.52905273400006,24.334526062000066],[67.52545929000007,24.339212418000045],[67.51632690400004,24.35186195400007],[67.51242828400007,24.352573395000036],[67.50857543900008,24.345981598000037],[67.50634002700008,24.344865799000047],[67.49997711200007,24.33861160300006],[67.49388122600004,24.337371826000037],[67.48724365200007,24.326307297000028],[67.47565460200008,24.325727463000078],[67.46646881100008,24.33378028900006],[67.46091461200007,24.336105347000057],[67.45798492400007,24.341228485000045],[67.45658111600005,24.34222793600003],[67.44846344000007,24.340087891000053],[67.43799591100003,24.32242584200003],[67.43443029600007,24.32271801400003],[67.43186950700004,24.327653885000075],[67.42737579300007,24.326255798000034],[67.42460632300003,24.32720947300004],[67.42592620900007,24.334140778000062],[67.42095947300004,24.333143234000033],[67.41723632800006,24.329265595000038],[67.41111755400004,24.328649521000045],[67.40336608900003,24.328813553000032],[67.39667511000005,24.33110046400003],[67.36961364700005,24.347743988000047],[67.36652374300007,24.350980759000038],[67.36901855500008,24.357116699000073],[67.36463165300006,24.364276886000027],[67.36202240000006,24.372747421000042],[67.36360931400003,24.37864494300004],[67.36902618400006,24.385709763000023],[67.37635803200004,24.390542984000035],[67.38742828400007,24.392784118000066],[67.39791107200006,24.39270973200007],[67.40545654300007,24.39191246000007],[67.41774749700005,24.386468887000035],[67.42221832300004,24.38264846800007],[67.42317199700005,24.37579155000003],[67.41814422600004,24.36456680300006],[67.41938781700003,24.361894608000057],[67.42285919200003,24.360338211000055],[67.42830657900004,24.36093139600007],[67.42955017100007,24.369945526000038],[67.42876434300007,24.37847709700003],[67.42778778100006,24.391803742000036],[67.41963958700006,24.390495300000055],[67.41754913300008,24.39147186300005],[67.41890716600005,24.397567749000075],[67.41579437300004,24.401432037000063],[67.40943908700007,24.39496421800004],[67.40627288800005,24.394443512000066],[67.40137481700003,24.39712524400005],[67.39836120600006,24.398777008000025],[67.38739776600005,24.399461746000043],[67.37561798100006,24.397823334000066],[67.36262512200005,24.392179489000057],[67.36051940900006,24.38772583000008],[67.35064697200005,24.389696121000043],[67.34777832000003,24.393150330000026],[67.34690094000007,24.39813041700006],[67.34908294700006,24.40049743700007],[67.35704803500005,24.40076065100004],[67.36569213900003,24.40688896200004],[67.37345886200006,24.406311035000044],[67.38591003400006,24.41402435300006],[67.39028930700005,24.418550492000065],[67.39837646500007,24.42152786200006],[67.40021514900008,24.427015305000054],[67.40305328400007,24.43023872400005],[67.40614318900003,24.432844162000038],[67.41692352300004,24.436742782000067],[67.42463684100005,24.437620163000076],[67.43332672100007,24.43685722300006],[67.44469451900005,24.431798935000074],[67.45196533200004,24.42639732400005],[67.45657348600008,24.425085068000044],[67.46460723900003,24.423465729000043],[67.47049713200005,24.42448997500003],[67.47267913800005,24.426855087000035],[67.47209167500006,24.430385589000025],[67.46926879900008,24.43259048500005],[67.45982360800008,24.429365158000053],[67.45344543500005,24.429367065000065],[67.44545745800008,24.43558120700004],[67.44042205800008,24.436044693000042],[67.43448638900003,24.442321777000075],[67.40882873500004,24.439819336000028],[67.39836120600006,24.43947792000006],[67.39580535900006,24.440647125000055],[67.39522552500006,24.443967819000022],[67.39317321800007,24.449745178000057],[67.39019775400004,24.45006561300005],[67.38866424600008,24.44855308500007],[67.38822174100005,24.44227790800005],[67.38127136200006,24.43933677700005],[67.37532806400003,24.434131622000052],[67.37066650400004,24.436691284000062],[67.37167358400006,24.440065384000036],[67.38185882600004,24.447704315000067],[67.38421630900007,24.451538086000028],[67.38341522200005,24.45443534900005],[67.37615203900003,24.45941543600003],[67.36949920600006,24.460657120000064],[67.36110687200005,24.459547043000043],[67.36037445100004,24.460775375000026],[67.38011169400005,24.468936920000033],[67.38743591300005,24.479822159000037],[67.39504241900005,24.48341178900006],[67.40093231200007,24.484437942000056],[67.40779113800005,24.484035492000032],[67.41319274900007,24.479827881000062],[67.41848754900008,24.466850281000063],[67.42177581800007,24.464452743000038],[67.42702484100005,24.464204788000075],[67.43148040800008,24.46685409500003],[67.43513488800005,24.466764450000028],[67.44335937500006,24.460350036000023],[67.45043182400008,24.460161209000034],[67.45400238100007,24.462156296000046],[67.45500946000004,24.465526581000063],[67.44459533700007,24.46372985900007],[67.44065094000007,24.465480804000038],[67.43495941200007,24.471141815000067],[67.43503570600006,24.475109100000054],[67.43721008300008,24.47789382900004],[67.43599700900006,24.479732514000034],[67.42803192100007,24.47926712000003],[67.42646026600005,24.47295379700006],[67.42130279600008,24.470699310000043],[67.41768646200006,24.47579956000004],[67.41546630900007,24.48595619200006],[67.40790557900004,24.49259758000005],[67.40394592300004,24.506454468000072],[67.40531921400003,24.512134552000077],[67.41311645500008,24.51698112500003],[67.41202545200008,24.521537781000063],[67.40250396700003,24.514129639000032],[67.39820098900003,24.51336479200006],[67.39580535900006,24.51641655000003],[67.39193725600006,24.516082764000032],[67.39110565200008,24.514175415000068],[67.39487457300004,24.505323410000074],[67.39994049100005,24.50402832000003],[67.40209960900006,24.501174927000022],[67.40219116200007,24.493038178000063],[67.39957428000008,24.49003028900006],[67.38865661600005,24.48925590500005],[67.38249206600005,24.48383522000006],[67.37429046600005,24.472085953000033],[67.35903930600006,24.465740204000042],[67.35314178500005,24.464920044000053],[67.35083007800006,24.463672638000048],[67.34243011500007,24.45913887000006],[67.32852172800006,24.45930481000005],[67.32270050000005,24.456605911000054],[67.31748199400005,24.456016540000064],[67.31220245300005,24.456884384000034],[67.30938720700004,24.458877563000044],[67.30994415300006,24.462236404000066],[67.31307983400006,24.46359252900004],[67.32151794400005,24.463455200000055],[67.32577514600007,24.46526718100006],[67.32827758800005,24.471195221000073],[67.32632446300005,24.48010444600004],[67.32817840600006,24.485176086000024],[67.33065033000008,24.486093521000043],[67.33576202400008,24.48354911800004],[67.33960723900003,24.472822189000055],[67.34684753400006,24.474313736000056],[67.35233306900005,24.47971344000007],[67.35138702400008,24.48636245700004],[67.35547637900004,24.491239548000067],[67.35660553000008,24.49258804300007],[67.35529327400008,24.502771378000034],[67.37017059300007,24.53039741500004],[67.37599945100004,24.532884598000066],[67.38014984100005,24.531768799000076],[67.39094543500005,24.523981094000078],[67.39532470700004,24.52287292500006],[67.39753723200005,24.524614334000034],[67.40133667000003,24.532461167000065],[67.40197753900003,24.539371491000054],[67.40156555200008,24.543949127000076],[67.39871978700006,24.54677963300003],[67.39527893100006,24.547292709000033],[67.39151001000005,24.544456482000044],[67.38912963900003,24.54709243800005],[67.38387298600003,24.541492462000065],[67.38001251200006,24.541158676000066],[67.37666320800008,24.545015335000073],[67.37393188500005,24.54492569000007],[67.37351989800004,24.54435730000006],[67.37284851100003,24.543428421000044],[67.37486267100007,24.538692474000072],[67.37358856200007,24.53614616400006],[67.36835479800004,24.535974502000045],[67.35785675100004,24.541891098000065],[67.35518646200006,24.54597854600007],[67.35706329300007,24.55042457600007],[67.38066101100003,24.571029663000047],[67.39787292500006,24.58015251200004],[67.40895843500005,24.58259964000007],[67.41362762400007,24.585674286000028],[67.41820526100008,24.58540535000003],[67.43235778800005,24.573339462000035],[67.43857574500004,24.57187080400007],[67.43961334200003,24.574617386000057],[67.43719482400007,24.57808876000007],[67.41710662800006,24.59017181400003],[67.40708923300008,24.589427948000036],[67.40044403100006,24.584411621000072],[67.38337707500006,24.577381134000063],[67.36748504600007,24.563709259000063],[67.36099243200005,24.56057357800006],[67.35208892800006,24.555061340000066],[67.33609008800005,24.549940109000033],[67.32334899900007,24.549100876000068],[67.31518554700006,24.553630829000042],[67.30911254900008,24.551549911000052],[67.30546569800003,24.551427841000077],[67.30402374300007,24.553258896000045],[67.30552673300008,24.555604935000076],[67.31459808300008,24.556951523000066],[67.31520843500005,24.55885124200006],[67.29964447000003,24.577119827000047],[67.29901123000008,24.58148384100008],[67.30055236800007,24.582996368000067],[67.30509185800008,24.583564758000023],[67.31546020500008,24.575349808000055],[67.32023620600006,24.57571792600004],[67.32331085200008,24.57874298100006],[67.32347869900008,24.579549789000055],[67.32389068600008,24.58147621100005],[67.32157135000006,24.588079452000045],[67.32306671100008,24.59063339200003],[67.33319854800004,24.588254929000072],[67.33683013900003,24.588792801000068],[67.33813476600005,24.59050560000003],[67.34098815900006,24.598951340000042],[67.34979248100007,24.607173920000037],[67.35588836700003,24.60883712800006],[67.36605072000003,24.60583114600007],[67.37098693900003,24.608079910000072],[67.37670898400006,24.613487244000055],[67.37989807100007,24.619436264000058],[67.38088226300005,24.63491821300005],[67.38374328600008,24.637723923000067],[67.39012146000005,24.638141632000043],[67.39888763400006,24.635713577000047],[67.40687561000004,24.63576507600004],[67.41217803900008,24.640321732000075],[67.41433715800008,24.649368286000026],[67.41938781700003,24.64869690000006],[67.43408203100006,24.640613556000062],[67.44048309300007,24.64040374800004],[67.44653320300006,24.643312454000068],[67.45320892300003,24.65375709500006],[67.45230102600004,24.659572601000036],[67.45040130600006,24.65688133200007],[67.44385528600003,24.64760971100003],[67.44155883800005,24.64795303300008],[67.43804931600005,24.65598297100007],[67.43149566600005,24.660154343000045],[67.42027282700008,24.672735214000056],[67.43438720700004,24.68571662900007],[67.43627929700006,24.689954758000056],[67.43587493900003,24.694324493000067],[67.43253326400003,24.698183060000076],[67.42882537800006,24.699525833000052],[67.41547393800005,24.702014923000036],[67.40411377000004,24.700601578000033],[67.39321899400005,24.704631805000076],[67.39146423300008,24.708541870000033],[67.39279174800004,24.71547508200007],[67.39135742200006,24.717098236000027],[67.38722229000007,24.71758842500003],[67.38516998300008,24.723367691000078],[67.38212585400004,24.725355148000062],[67.37142944300007,24.724170685000047],[67.36838531500007,24.72615814200003],[67.36517334000007,24.732107163000023],[67.35771179200003,24.736038208000025],[67.35592651400003,24.740573883000025],[67.35151672400008,24.742307663000076],[67.34955596900005,24.74579238900003],[67.35089111300005,24.752307892000033],[67.34933471700003,24.762905121000074],[67.35460662800006,24.76829719500006],[67.36483001700003,24.769886017000033],[67.37441253700007,24.77604675300006],[67.38056945800008,24.776456833000054],[67.39335632300003,24.771028519000026],[67.39792633100006,24.77096939100005],[67.40970611600005,24.773649216000024],[67.42657470700004,24.76897621200004],[67.43356323300003,24.771497726000064],[67.43352508500004,24.77254104600007],[67.44275665300006,24.775970459000064],[67.45281219500004,24.776084900000058],[67.45613098100006,24.773059845000034],[67.45625305200008,24.76993179300007],[67.46059417700008,24.76401710500005],[67.46200561500007,24.756963730000052],[67.46575927700007,24.754579544000023],[67.46807098400006,24.753818512000066],[67.47086334200003,24.758501053000032],[67.46936798100006,24.76179313700004],[67.45970153800005,24.769416809000063],[67.45935058600003,24.772537231000058],[67.46315002500006,24.77474784800006],[67.46372985800008,24.777479172000028],[67.46088409400005,24.78010368400004],[67.44914245600006,24.782230377000076],[67.44390106200007,24.781852722000053],[67.42822265600006,24.773622513000078],[67.42367553700007,24.77305793800008],[67.40857696500007,24.779249191000076],[67.40017700200008,24.777723312000035],[67.39659118700007,24.775936127000023],[67.39060974100005,24.776784897000027],[67.38053894000006,24.782928467000033],[67.37549591100003,24.783390045000033],[67.36794808800005,24.779407493000065],[67.36452484100005,24.77760124200006],[67.35025787400008,24.77984809900005],[67.34526062000003,24.779056549000074],[67.33550262500006,24.771635056000036],[67.32957458500005,24.771230698000068],[67.32910770300003,24.771424722000063],[67.32492065400004,24.773164749000046],[67.32459259000007,24.775659561000055],[67.29915618900003,24.78295707700005],[67.27463531500007,24.790281296000046],[67.26179353200007,24.789618516000075],[67.24858856200007,24.784187317000033],[67.24558258100006,24.784921646000043],[67.24495697000003,24.789075851000064],[67.24644470200008,24.79183960000006],[67.24498748800005,24.79408836400006],[67.23959350600006,24.797454834000064],[67.23804473900003,24.80178833000008],[67.23543548600003,24.80399704000007],[67.22647857700008,24.804946899000072],[67.22364807100007,24.807147980000025],[67.22349865400008,24.810759846000053],[67.22344970700004,24.81194305400004],[67.21993255600006,24.81412124600007],[67.21377563500005,24.813703537000038],[67.20997619600007,24.811487198000066],[67.20954885400005,24.810897889000046],[67.20283508300008,24.801639557000044],[67.19498443600008,24.798030853000057],[67.19159698500005,24.791442871000072],[67.18890380900007,24.790098190000037],[67.18569946300005,24.78476905800005],[67.18303680400004,24.78279876700003],[67.17754364000007,24.782819748000065],[67.17562103300008,24.781854630000055],[67.17396545400004,24.781026840000038],[67.16873168900008,24.780429840000068],[67.16351488200007,24.790010304000077],[67.16304016100008,24.79088211100003],[67.15996551500007,24.793283463000023],[67.15469360400004,24.79372787500006],[67.14906311000004,24.79165458700004],[67.13840484600007,24.783979416000022],[67.13521305000006,24.783722789000024],[67.13385009800004,24.78361320500005],[67.12921142600004,24.779695511000057],[67.12239074700005,24.778831482000044],[67.11792755100004,24.781600952000076],[67.10881805400004,24.79715538000005],[67.10491180400004,24.797645569000053],[67.10294342000003,24.795488358000057],[67.10443878200005,24.787187576000065],[67.10230255100004,24.77813530000003],[67.09902954100005,24.779901505000055],[67.09328460700004,24.791393280000023],[67.09073638900003,24.79214096100003],[67.09143066400003,24.786527634000038],[67.08782959000007,24.77972030600006],[67.08989715600006,24.774152756000035],[67.09901428200004,24.769250870000064],[67.10104370100004,24.76451873800005],[67.09987640400004,24.759675980000054],[67.09657287600004,24.756637573000035],[67.09313201900005,24.756935120000037],[67.08707065700008,24.76002320300006],[67.06130981400008,24.773147583000025],[67.05669403100006,24.77549743700007],[67.04961395300006,24.78067779500003],[67.02757327400008,24.804318142000056],[67.02661895800003,24.805341721000048],[67.02169036900005,24.808300018000068],[66.99604359500006,24.81577519800004],[66.99534300800008,24.81595214500004],[66.99459284400007,24.81609585600006],[66.99387454100008,24.81641411800007],[66.99228668200004,24.816654205000077],[66.98610088300006,24.81684714900007],[66.98231506300004,24.814626694000026],[66.98001861600005,24.809534073000066],[66.97584533700007,24.81084632900007],[66.97215271000005,24.816978455000026],[66.97497558600003,24.825641632000043],[66.97362518300008,24.830604553000057],[66.96958923300008,24.82858085600003],[66.96820831300005,24.82647132900007],[66.96636962900004,24.82366371200004],[66.96343994100005,24.822723389000032],[66.96265411400003,24.824993134000067],[66.96537780800003,24.841379166000024],[66.96865844700005,24.84483718900003],[66.97893524200003,24.850633621000043],[66.97959220400003,24.851281576000076],[66.98310852100008,24.854749680000054],[66.98251342800006,24.857860565000067],[66.97939841600004,24.858377348000033],[66.97836303700007,24.85854911800004],[66.97528839100005,24.855724335000048],[66.97142028800005,24.85516738900003],[66.96908569300007,24.850908279000066],[66.96400451700003,24.851980209000033],[66.96100616500007,24.857927322000023],[66.95791626000005,24.86053276100006],[66.95378112800006,24.861009598000066],[66.93771362300004,24.85688209500006],[66.91903686500007,24.854955673000063],[66.91253662100007,24.852006912000036],[66.91195678700007,24.849479675000055],[66.91216278100006,24.84468460100004],[66.91860199000007,24.83865165700007],[66.92348480200008,24.836948395000036],[66.93419647200005,24.837753296000074],[66.93599700900006,24.83720016500007],[66.93906402600004,24.83625793500005],[66.95781707800006,24.82586288500005],[66.96838378900003,24.808908463000023],[66.98152168900003,24.794812592000028],[66.97917938200004,24.791753769000024],[66.92467498800005,24.82760047900007],[66.91986084000007,24.830762863000075],[66.89631652800006,24.840976715000068],[66.87031555200008,24.854858398000033],[66.86199188200004,24.856851578000033],[66.85150146500007,24.856048584000064],[66.83668095100006,24.850367722000044],[66.83463287400008,24.849582672000054],[66.82888793900008,24.844985962000067],[66.82241058400007,24.836185455000077],[66.81906127900004,24.834390640000038],[66.81082153300008,24.83450508100003],[66.80373382600004,24.835966110000072],[66.78935241700003,24.83893013000005],[66.77299499500003,24.836442947000023],[66.76792144800004,24.837297440000043],[66.75619506800007,24.84375190700007],[66.75139617900004,24.843572617000063],[66.73423004100005,24.838752747000058],[66.72880554200003,24.832284927000046],[66.71621704100005,24.832437515000038],[66.69261169400005,24.823400497000023],[66.68332672100007,24.821378708000054],[66.67472076400003,24.82120704700003],[66.67166900600006,24.821146011000053],[66.65753936800007,24.824993134000067],[66.65139007600004,24.82935333200004],[66.65190887500006,24.83313179000004],[66.65821838400007,24.840057373000036],[66.65956115700004,24.85075950600003],[66.68427276600005,24.875715256000035],[66.68648294900004,24.876370844000064],[66.68991851800007,24.877389908000055],[66.69473266600005,24.88216781600005],[66.70310974100005,24.879142761000026],[66.71176147500006,24.88009452800003],[66.72199249300007,24.891757965000068],[66.72142028800005,24.894243240000037],[66.71554565400004,24.892559051000035],[66.71260673200004,24.894837807000044],[66.70855712900004,24.895219803000032],[66.70295106300006,24.89268902200007],[66.70785522500006,24.90022468600006],[66.71488189700005,24.907354355000052],[66.72224426300005,24.913915634000034],[66.73209381100008,24.921703339000032],[66.74137115500008,24.92803192100007],[66.75181579600007,24.936988831000065],[66.76191711400003,24.946802139000056],[66.77264404300007,24.956918716000075],[66.78406524700006,24.965326309000034],[66.78982544000007,24.968582153000057],[66.80141449000007,24.972377777000077],[66.81140899700006,24.976415634000034],[66.82232666000004,24.981344223000065],[66.83065795900006,24.98763847300006],[66.83868408200004,24.993635178000034],[66.84584808300008,24.99730110200005],[66.85739135800003,25.002532959000064],[66.87248992900004,25.005556107000075],[66.88123826000003,25.00737607600007],[66.88853454600007,25.008893967000063],[66.90525054900007,25.011095047000026],[66.91593933100006,25.013702392000027],[66.92309570300006,25.01765060400004],[66.93823892400007,25.029362761000073],[66.94893646200006,25.040861130000053],[66.96147918700007,25.052661896000075],[66.97283172600004,25.063932419000025],[66.98075103800005,25.073667526000065],[66.99152374300007,25.083478928000034],[67.00012207000003,25.09207725500005],[67.00506665700004,25.09781342100007],[67.00775909400005,25.10093689000007],[67.00952911400003,25.105022431000066],[67.00907897900004,25.10904884400003],[67.00621032700008,25.11906433100006],[67.00341033900008,25.127063751000037],[67.00410461400003,25.136535645000038],[67.00624084500004,25.148708344000056],[67.00698852600004,25.155075073000035],[67.00833129900008,25.162321091000024],[67.01195526100008,25.167900085000042],[67.01828765900007,25.17816734300004],[67.02584838900003,25.189620972000057],[67.02703572300004,25.19154725900006],[67.02946472200006,25.195487976000038],[67.03182220500008,25.20103263900006],[67.03549194300007,25.205457687000035],[67.04138183600003,25.209655762000068],[67.04808044400005,25.212989807000042],[67.05929565400004,25.21963691700006],[67.06826798000003,25.225008677000062],[67.06988525400004,25.225976944000024],[67.07514953600008,25.230155945000035],[67.08261871300004,25.234970093000072],[67.08972168000008,25.241214752000076],[67.09443808000003,25.247065388000067],[67.096138,25.24917411800004],[67.09816741900005,25.255285263000076],[67.10153961200007,25.259124756000062],[67.10650634800004,25.26271820100004],[67.11017608600008,25.26714134200006],[67.11066436800007,25.271770477000075],[67.11022949200003,25.275508881000064],[67.11105346700003,25.279569626000068],[67.11368560800008,25.286563873000034],[67.12088775700005,25.300024033000057],[67.12609100300006,25.306217194000055],[67.13229370100004,25.311725617000036],[67.13696289100005,25.314731598000037],[67.13780813400007,25.315238657000066],[67.13580725300005,25.316357392000043],[67.13461985200007,25.316913700000043],[67.13580322300004,25.329038620000063],[67.13545990000006,25.336397171000044],[67.13561248800005,25.344551086000024],[67.13829803500005,25.35091781600005],[67.13906097400007,25.357315063000044],[67.14236450200008,25.362506866000047],[67.15351104700005,25.37515258800005],[67.15883636500007,25.384973526000067],[67.16223907500006,25.395406723000065],[67.16075897200005,25.41873550400004],[67.16035461400003,25.431560516000047],[67.16064453100006,25.446704865000072],[67.16332244900008,25.45248985300003],[67.17313385000006,25.461660385000073],[67.18815612800006,25.47482681300005],[67.19313812300004,25.486351013000046],[67.20110321000004,25.49962806700006],[67.20957183800004,25.50531959500006],[67.21927642800006,25.50866127000006],[67.23158264200003,25.513708115000043],[67.24398803700007,25.523412704000066],[67.24996185300006,25.53264045700007],[67.25533294700006,25.544208527000023],[67.25549316400003,25.552366257000074],[67.25630188000008,25.560512543000073],[67.25704956100003,25.56574440000003],[67.26291656500007,25.569728851000036],[67.28041839600007,25.576433182000073],[67.29212188700006,25.582651138000074],[67.30002594000007,25.591844559000037],[67.31135559100005,25.610889435000047],[67.31613159200003,25.624214172000052],[67.32096881500007,25.64045357400005],[67.32115173300008,25.649194717000057],[67.32668304400005,25.667755127000078],[67.33290863000008,25.688634872000023],[67.33373260500008,25.697366714000054],[67.33713530500006,25.70605275500003],[67.34667968700006,25.723892212000067],[67.35797119100005,25.740022659000033],[67.36856842000003,25.753833771000075],[67.37982940700005,25.768215179000038],[67.39299011200006,25.780811310000047],[67.40210301400003,25.791367313000023],[67.40290832500006,25.792299271000047],[67.41098785400004,25.808485031000032],[67.41313934300007,25.818359375000057],[67.41464233400006,25.828245163000076],[67.41103363000008,25.840555191000078],[67.40493774400005,25.856990814000028],[67.40130615200007,25.868133545000035],[67.39957428000008,25.877494812000066],[67.39904022200005,25.882753372000025],[67.40244293200004,25.890857697000058],[67.40410614000007,25.90832519500003],[67.40383148200004,25.925825119000024],[67.40558624300007,25.946165085000075],[67.40528869600007,25.96250152600004],[67.40976715100004,25.990419388000078],[67.41343689000007,26.010770798000067],[67.41556549100005,26.019483566000076],[67.41718292200005,26.034620285000074],[67.41929626500007,26.042749405000052],[67.42677307100007,26.059535980000078],[67.42755889900008,26.06593895000003],[67.42642211900005,26.072959900000058],[67.42204284700006,26.080036163000045],[67.41314737900007,26.08719436900003],[67.40634918200004,26.101898193000068],[67.39822387700008,26.114875793000067],[67.39392089800003,26.125453949000075],[67.39082336400003,26.131925583000054],[67.38768005400004,26.136064529000066],[67.37811279300007,26.14264679000007],[67.37235260000006,26.145664215000068],[67.36463165300006,26.147548676000042],[67.35950470000006,26.149969101000067],[67.35449981700003,26.158224106000034],[67.35076904300007,26.165288925000027],[67.34567260700004,26.178730011000027],[67.34333801300005,26.191022873000065],[67.33786773700007,26.208036423000067],[67.32843780500008,26.221616745000063],[67.32163238500004,26.23690414400005],[67.30798339800003,26.266309738000075],[67.29608917200005,26.286348343000043],[67.28732299800004,26.301666260000047],[67.28047180200008,26.315202713000076],[67.27302551300005,26.33166694600004],[67.26555633500004,26.346961975000056],[67.25673675500008,26.359947205000026],[67.24605560300006,26.37704467800006],[67.23728942900004,26.39294624300004],[67.22515869100005,26.414709091000077],[67.21374511700003,26.428316116000076],[67.20748901400003,26.440088272000025],[67.20370483400006,26.445985794000023],[67.19796752900004,26.451330185000074],[67.18964386000005,26.457298279000042],[67.18264007600004,26.464412689000028],[67.17758178700007,26.471496582000043],[67.17330932600004,26.48557281500007],[67.16344451900005,26.513162613000077],[67.15784454300007,26.52609252900004],[67.15107727100008,26.546045303000028],[67.14380645800003,26.57359695400004],[67.13844299300007,26.599367142000062],[67.13102722200006,26.61991691600008],[67.12872314500004,26.63571548500005],[67.12378751600005,26.653095716000053],[67.13307952900004,26.663248062000036],[67.13296508800005,26.672094345000062],[67.13022613500004,26.690393448000066],[67.12649536100008,26.719667435000076],[67.12647247300004,26.738306046000048],[67.13029480000006,26.744165421000048],[67.13410949700005,26.749179840000068],[67.13984680200008,26.75754547100007],[67.14459991500007,26.762552261000053],[67.14655304000007,26.768428802000074],[67.14479064900007,26.77855110200005],[67.13967895500008,26.822391510000045],[67.13712310800008,26.844312668000043],[67.13376617400007,26.87803268400006],[67.13357577800008,26.915516049000075],[67.13338171500004,26.940352421000057],[67.13726806600005,26.938493729000072],[67.13928222700008,26.946203232000073],[67.14312744100005,26.952905655000052],[67.14596557600004,26.956362725000076],[67.14126586900005,26.97462081900005],[67.13890838600008,26.98437690700007],[67.13890075700004,26.989952087000063],[67.13889312700007,26.996227264000026],[67.14509582500006,27.012268066000047],[67.15362548800005,27.041555405000054],[67.16060638400006,27.065963745000033],[67.15821838400007,27.094543457000043],[67.15662384000007,27.119638443000042],[67.15188598600008,27.155887604000043],[67.14417266800007,27.197534561000055],[67.13394928000008,27.240751266000075],[67.12686157200005,27.270029068000042],[67.12605285600006,27.28606605500005],[67.12603759800004,27.295829773000037],[67.12991333000008,27.313966751000066],[67.13137569700007,27.31673348000004],[67.13692474400005,27.32722663900006],[67.14862823500005,27.341190338000047],[67.16111755400004,27.354455948000066],[67.16431427000003,27.370464325000057],[67.16739654500003,27.403247833000023],[67.17516315500006,27.44719691100005],[67.17745971700003,27.486957550000056],[67.17795472100005,27.491097453000066],[67.18288421600005,27.53230476400006],[67.18679046600005,27.53998184200003],[67.19461822500006,27.546268463000047],[67.20480346700003,27.553253174000076],[67.22046661400003,27.56303024300007],[67.22908020000006,27.574895859000037],[67.23611450200008,27.594432831000063],[67.24325561500007,27.622875214000032],[67.24872589100005,27.647994995000033],[67.25421142600004,27.658462524000072],[67.26989746100003,27.671724319000077],[67.29640239600008,27.69023700400004],[67.30992126500007,27.698938370000064],[67.33739471400008,27.72544860800008],[67.34112101100004,27.73169597100008],[67.35153961200007,27.74916648900006],[67.35704803500005,27.76800346400006],[67.35470581100003,27.795917511000027],[67.36045074500004,27.815334320000034],[67.37226104700005,27.84184646600005],[67.38485717800006,27.86486816400003],[67.39274597200006,27.889986038000075],[67.39424133300008,27.909675598000035],[67.40428161600005,27.909938812000064],[67.40914154100005,27.908033371000045],[67.41184997600004,27.90516853300005],[67.41293335000006,27.90181922900007],[67.41455841100003,27.89847183200004],[67.41618347200006,27.895126343000072],[67.41996765100004,27.89274025000003],[67.42589569100005,27.892749786000024],[67.43883514400005,27.894208908000053],[67.45069885300006,27.896142960000077],[67.46795654300007,27.898561478000033],[67.48305511500007,27.90049743700007],[67.49330139200003,27.901466370000037],[67.50624084500004,27.902917862000038],[67.51864624000007,27.904846191000047],[67.53320312500006,27.906774521000045],[67.53859710700004,27.90582084700003],[67.54453277600004,27.902954102000024],[67.54939270000006,27.901523590000068],[67.55208649900004,27.902004548000036],[67.55586242700008,27.906791687000066],[67.56070709200003,27.910623550000025],[67.56826019300007,27.914457321000043],[67.57679548500005,27.918070615000033],[67.57958221400008,27.919250488000046],[67.59468841600005,27.922128677000046],[67.61357116700003,27.925483704000044],[67.63460540800008,27.92883682300004],[67.64756012000004,27.931230545000062],[67.65673065200008,27.932664871000043],[67.66266632100007,27.933143616000052],[67.67067835600005,27.934242321000056],[67.68085479700005,27.935163498000065],[67.69297027600004,27.936420441000053],[67.70487213100006,27.937858582000047],[67.71015255200007,27.937906312000052],[67.72158050500008,27.93990898100003],[67.73202514600007,27.940958023000064],[67.74350738500004,27.94294548000005],[67.75185394300007,27.94452476500004],[67.76083374000007,27.945739746000072],[67.76501464800003,27.945787430000053],[67.76857757600004,27.945270538000045],[67.76985168500005,27.944169998000064],[67.77090454100005,27.94362449600004],[67.77259063700006,27.94271659900005],[67.77488708500005,27.94329834000007],[67.77758789100005,27.944255829000042],[67.78007507300003,27.945955276000063],[67.78193664600008,27.947830200000055],[67.78525672800004,27.949537896000038],[67.78857421900005,27.951616287000036],[67.78917694100005,27.953479767000033],[67.78913116500007,27.956632614000057],[67.78967285200008,27.963134766000053],[67.79043579100005,27.96815490700004],[67.79206848100006,27.97132682800003],[67.79437240100003,27.976157949000026],[67.79721069300007,27.97788047800003],[67.80073547400008,27.980146408000053],[67.80676269500003,27.98336601300008],[67.81238555900006,27.98546981800007],[67.81798553500005,27.986742020000065],[67.82822418200004,27.98796463000008],[67.83910369900008,27.98826599100005],[67.84703826900005,27.989648819000024],[67.85475921600005,27.991214752000076],[67.86058044400005,27.994617462000065],[67.86389923100006,27.997064590000036],[67.86571967700007,27.997986393000076],[67.86639404300007,27.99839019800004],[67.86888885500008,27.999156952000078],[67.87725067100007,28.000171661000024],[67.88249206500006,28.000040054000067],[67.88982391400003,27.999557495000033],[67.89444732700008,27.99811935400004],[67.91296358200003,27.99429501800006],[67.91436767600004,27.996265411000024],[67.91635131800007,27.99862289400005],[67.91774749800004,28.001472473000035],[67.91892242400007,28.004215240000065],[67.92066192600004,28.006868362000034],[67.92263793900008,28.009428024000044],[67.92569732700008,28.013822556000036],[67.93016815200008,28.02046012900007],[67.93569183300008,28.030342102000077],[67.94017761900005,28.038179717000048],[67.94190216100003,28.041437149000046],[67.94286346400008,28.043773651000038],[67.94418335000006,28.045211792000032],[67.94825744600007,28.04992866500004],[67.95130920400004,28.05482482900004],[67.95569610600006,28.060554504000038],[67.95977783200004,28.065170288000047],[67.96442413300008,28.06959724400008],[67.96968078600008,28.072729111000058],[67.97472381600005,28.07525062600007],[67.98506927500006,28.078983307000044],[67.98765564000007,28.07994461100003],[67.99243427100004,28.08170627900006],[67.99980926500007,28.08442497300007],[68.00936889600007,28.087945938000075],[68.01419830300006,28.090059280000048],[68.01778411900005,28.09204673800008],[68.01801740700006,28.092275775000076],[68.01966857900004,28.093896866000023],[68.02310943600008,28.09678840600003],[68.02968597400007,28.10175514200006],[68.04071044900007,28.11043739300004],[68.05414581300005,28.120868683000026],[68.06512838300006,28.129735346000075],[68.07378475100006,28.136723974000063],[68.08345031700003,28.14391136200004],[68.09009716100007,28.149302053000042],[68.09681701700003,28.154750824000075],[68.10871124300007,28.16404724100005],[68.11785125700004,28.171276093000074],[68.12777710000006,28.179023743000073],[68.14027370500008,28.188632561000077],[68.15438842800006,28.199655533000055],[68.16007232700008,28.204298019000078],[68.16888427700007,28.21131515500008],[68.17469024700006,28.215856552000048],[68.18302546500007,28.22230352400004],[68.18528747600004,28.22431755100007],[68.19009399400005,28.228033066000023],[68.19656372100008,28.23329162600004],[68.20337677000003,28.23835563700004],[68.20534515400004,28.239809036000054],[68.20770263700007,28.241149902000075],[68.20899963400007,28.242517471000042],[68.21234130900007,28.243482590000042],[68.22508239700005,28.247215271000073],[68.23522949200003,28.250156403000062],[68.247612,28.253658295000037],[68.25962829600007,28.25681686400003],[68.27137756300004,28.260520935000045],[68.28289032000004,28.263998032000075],[68.28836226300007,28.265570195000066],[68.29378509500003,28.267127991000052],[68.30514842400004,28.27016898000005],[68.31123218700003,28.271797082000035],[68.32237243700007,28.27504158000005],[68.32350700200004,28.275383670000053],[68.33784484900008,28.279708862000064],[68.34664917000003,28.281902313000046],[68.35037174000007,28.28287123800004],[68.35343933100006,28.284820557000046],[68.35611724900008,28.287202835000073],[68.35912323000008,28.29102706900005],[68.36348724400005,28.299964905000024],[68.36809539800004,28.309894562000068],[68.36997222900004,28.31413650500008],[68.37273518800004,28.32014823000003],[68.37443542500006,28.323848724000072],[68.37873289600003,28.332785182000066],[68.38233184800004,28.34026908900006],[68.38871765100004,28.353544235000072],[68.38939084700007,28.35498960900003],[68.39366149900007,28.36415100100004],[68.39907074000007,28.375764847000028],[68.40176391600005,28.38223266600005],[68.40379860500008,28.385393751000038],[68.40522766100008,28.387615204000042],[68.40912628200005,28.391237259000036],[68.41286464600006,28.394502742000043],[68.42304229700005,28.401472092000063],[68.43421078800003,28.409013451000078],[68.44819641100008,28.418605804000038],[68.45850372300004,28.42568588300003],[68.46463012700008,28.430130005000024],[68.46710205100004,28.431179047000057],[68.47068786600005,28.431472778000057],[68.47918701200007,28.431659698000033],[68.49133300800008,28.43137359600007],[68.50370788600003,28.43164444000007],[68.50465998000004,28.43162798800006],[68.51784492700006,28.431400151000048],[68.52252960200008,28.431295395000063],[68.52674102800006,28.43129158000005],[68.53755950900006,28.431531906000032],[68.55505371100003,28.431306839000058],[68.57511138900003,28.430801392000035],[68.58866390200006,28.430854672000066],[68.60909128900005,28.430522414000052],[68.62975311300005,28.430456161000052],[68.63800764600006,28.430541608000055],[68.64520879300005,28.43067747300006],[68.66598510700004,28.43042373700007],[68.67774963400007,28.43030357400005],[68.69554901100008,28.429965973000037],[68.70854950000006,28.430006027000047],[68.72274845400005,28.430196316000035],[68.72420501700003,28.43021583600006],[68.73031609600008,28.43014130000006],[68.74620056200007,28.429946899000072],[68.75714874300007,28.429811478000033],[68.76963806200007,28.430028915000037],[68.78407287600004,28.43068695100004],[68.79763927800008,28.43137749300007],[68.81353759800004,28.43109321600008],[68.82633209200003,28.430761337000035],[68.83124350500003,28.43073720600006],[68.83389775600006,28.430724165000072],[68.83558801000004,28.430715860000078],[68.83953094500004,28.430696487000034],[68.84884643600003,28.430650711000055],[68.85846710200008,28.431234360000076],[68.86972808800004,28.431808472000057],[68.88446044900007,28.43200302100007],[68.89152526900006,28.431964874000073],[68.89949798600003,28.431468964000032],[68.90727233900003,28.43097496000007],[68.91313934300007,28.43045425400004],[68.92007488800004,28.43022006800004],[68.92948913600003,28.429452896000043],[68.94612121600005,28.430006027000047],[68.96401977500005,28.43054199200003],[68.986763,28.431201935000047],[68.99122320800006,28.43120613600007],[69.00128936800007,28.431215286000054],[69.00971984900008,28.431856155000048],[69.01814270000006,28.432312012000068],[69.03710174600008,28.433382034000033],[69.05522155800003,28.434459686000025],[69.06615448000008,28.434703827000078],[69.06918204300007,28.435077086000035],[69.07163238500004,28.435379028000057],[69.08155059800004,28.436555862000034],[69.08745575000006,28.437223434000032],[69.09524536100008,28.437496185000043],[69.10430908200004,28.43812370300003],[69.11654663100006,28.439825058000054],[69.12750265700004,28.440611061000027],[69.12800636600008,28.44062131900006],[69.14414215100004,28.440950394000026],[69.16288757300003,28.44163131700003],[69.17490387000004,28.442586899000048],[69.18792724600007,28.443506241000023],[69.19530487100008,28.443777084000033],[69.20499420200008,28.444202423000036],[69.21511077900004,28.44462204000007],[69.21700286900005,28.444595337000067],[69.23089599600007,28.44458961500004],[69.24605560300006,28.444562912000038],[69.25616455100004,28.44516372700008],[69.26417645100008,28.445615891000045],[69.27507019000006,28.446260452000047],[69.28485475600007,28.44613296500006],[69.29437255900007,28.44600868200007],[69.31587219200003,28.446180344000027],[69.32254786600004,28.446165445000076],[69.34470367400007,28.446115494000026],[69.36376190200008,28.445636749000073],[69.37768554700006,28.445600510000077],[69.39405822800006,28.446418762000064],[69.40433566500008,28.447328293000055],[69.41358947800006,28.448146820000034],[69.41652679400005,28.449216843000045],[69.41816388600006,28.45101318500008],[69.41848754900008,28.451368332000072],[69.42118835400004,28.455028534000064],[69.42488098100006,28.46149063100006],[69.42710113500004,28.46666145300003],[69.42882537800006,28.470109940000043],[69.43103027300003,28.47247505200005],[69.43347930900006,28.473762512000064],[69.43715667700008,28.475261688000046],[69.44670105000006,28.477821350000056],[69.45683584300008,28.47927830200007],[69.46284484900008,28.480571747000056],[69.46945190400004,28.482707977000075],[69.47556304900007,28.483764648000033],[69.48485565200008,28.484165192000034],[69.50441741900005,28.484956741000076],[69.51199340800008,28.48492813100006],[69.52127838100006,28.484462738000047],[69.53837585400004,28.481590271000073],[69.56471252400007,28.476655960000073],[69.56831278800007,28.47628818100003],[69.57863616900005,28.475517273000037],[69.59572601300005,28.472854614000028],[69.61502075200008,28.469530106000036],[69.62454223600008,28.467544556000064],[69.62599945100004,28.46624183700004],[69.62599182100007,28.464946747000056],[69.625,28.463010788000076],[69.62058258100006,28.459579468000072],[69.61541748000008,28.454423904000066],[69.61000824000007,28.44883918800008]],[[69.59584808300008,28.26650428800008],[69.59621429400005,28.25720787000006],[69.59719848600008,28.251066208000054],[69.59725246900007,28.245205660000067],[69.59729766800007,28.244689941000047],[69.59779357900004,28.244249344000025],[69.59886169400005,28.241254807000075],[69.60045623800005,28.234930038000073],[69.60204315200008,28.227523804000043],[69.60344696000004,28.223005295000064],[69.60445404100005,28.22047424300007],[69.60567474300007,28.220287323000036],[69.60751342800006,28.220821381000064],[69.61119842500005,28.223691940000037],[69.61631012000004,28.225833893000072],[69.62304687500006,28.226705551000066],[69.62937164300007,28.22649383600003],[69.63269796200007,28.226130373000046],[69.63976287800006,28.22536087000003],[69.64954376200006,28.223690033000025],[69.65626525900007,28.222032547000026],[69.66258239800004,28.220556259000034],[69.66370547200006,28.220722391000038],[69.66482543900008,28.220907211000053],[69.66891479500003,28.222509384000034],[69.67218780500008,28.224298477000048],[69.67364502000004,28.229164123000032],[69.67367553700007,28.23331451400003],[69.67066192600004,28.240549088000023],[69.67008209200003,28.245965958000056],[69.67256164600008,28.250104904000068],[69.67726898200004,28.252428055000053],[69.68422699000007,28.255640030000052],[69.6875,28.25760841400006],[69.69404602100008,28.259199142000057],[69.69709777800006,28.25846099900008],[69.70197296200007,28.255186081000033],[69.70562744100005,28.253000259000032],[69.70806121800007,28.250459671000044],[69.70987701400003,28.247383118000073],[69.71230316200007,28.243940353000028],[69.71452331500006,28.240678787000036],[69.71837616000005,28.237770080000075],[69.72244262700008,28.23576355000006],[69.72875976600005,28.23446464500006],[69.73276519800004,28.234664917000032],[69.73808288600003,28.236619949000044],[69.74321746800007,28.241283417000034],[69.74735336600008,28.249207255000044],[69.74971008300008,28.264347076000035],[69.75024414100005,28.278553009000063],[69.75070953400007,28.281141281000032],[69.75318145800003,28.292844772000024],[69.75549316400003,28.298927307000042],[69.75798797600004,28.305229187000066],[69.75801849400005,28.309200287000067],[69.75783459400003,28.311548405000053],[69.75621032700008,28.312641144000054],[69.75151825000006,28.313570023000068],[69.74947357200006,28.31322097800006],[69.74578857400007,28.312158585000077],[69.74087524400005,28.309659958000054],[69.73369598400006,28.304645538000045],[69.72711944600007,28.298906326000065],[69.72362518300008,28.295316696000043],[69.71891021700003,28.29299545300006],[69.71441650400004,28.29211807300004],[69.70788574200003,28.292154312000036],[69.70259094200003,28.293806076000067],[69.69629669200003,28.299255371000072],[69.69265747100008,28.303424835000044],[69.68562316900005,28.312528610000072],[69.67893981900005,28.320686340000066],[69.67689023200006,28.322756858000048],[69.67427063000008,28.325403213000072],[69.67002105700004,28.33083915700007],[69.66921830200005,28.331454316000077],[69.66148376500007,28.337381363000077],[69.65077329500008,28.345613537000077],[69.64990234400005,28.346282959000064],[69.63870239200008,28.35193252600004],[69.63544464100005,28.35284996000007],[69.63156127900004,28.353050232000044],[69.62706756600005,28.352348328000062],[69.61929321300005,28.34967804000007],[69.61356353800005,28.34807968100006],[69.60457611100003,28.34757995600006],[69.59803772000004,28.34796905500008],[69.58804321300005,28.34927749600007],[69.58506011900005,28.350990296000077],[69.58343505900007,28.353162766000025],[69.58223724400005,28.356958389000056],[69.58123779300007,28.36165618900003],[69.57922363300008,28.36726188700004],[69.57656930500008,28.371036273000072],[69.56584930400004,28.386270523000064],[69.55915069600007,28.395143509000036],[69.55568695100004,28.396602631000064],[69.55200958300003,28.39625740100007],[69.54853057900004,28.395910263000076],[69.53993988000008,28.39341735800008],[69.53501892100007,28.39054870600006],[69.53357696500007,28.388750076000065],[69.53336701900008,28.387973572000078],[69.53272927700004,28.385489806000066],[69.53253173800005,28.38315773000005],[69.53353881800007,28.380807877000052],[69.53739166300005,28.374654770000063],[69.53941345200008,28.371217728000033],[69.54063415500008,28.369226456000035],[69.54306793200004,28.36687088000008],[69.54631805400004,28.363428116000023],[69.54996490500008,28.357637405000048],[69.55341339100005,28.352388382000072],[69.55644989000007,28.346960068000044],[69.56143826900006,28.337622534000047],[69.56311798100006,28.33447837800003],[69.56594848600008,28.32905197100007],[69.57345581100003,28.31568336500004],[69.57569122300004,28.31081199600004],[69.57933044400005,28.30484008800005],[69.58379364000007,28.29958725000006],[69.58866119400005,28.294511795000062],[69.59169006300004,28.28836250300003],[69.59429168700007,28.28004837000003],[69.59527587900004,28.273183823000068],[69.59584808300008,28.26650428800008]],[[69.47719779500005,28.263913185000035],[69.47513580300006,28.264833450000026],[69.47589874200008,28.260910034000062],[69.47731018100006,28.257837296000048],[69.47953033400006,28.252054214000054],[69.48031616200007,28.245630264000056],[69.48030090300006,28.242742539000062],[69.47863769500003,28.23516655000003],[69.47554779100005,28.228681564000055],[69.47144317600004,28.222198486000025],[69.46795654300007,28.21751785300006],[69.46691894500003,28.213911057000075],[69.46670532200005,28.21138572700005],[69.46893310500008,28.208671570000035],[69.47442627000004,28.205404282000075],[69.47924420000004,28.20370856100004],[69.48277282700008,28.202486038000075],[69.49050140400004,28.198308945000065],[69.49640655500008,28.19576072700005],[69.50392150900007,28.190500259000032],[69.50824737500005,28.187099457000045],[69.51068115200007,28.18474388100003],[69.51311492900004,28.18220901500007],[69.51412200900006,28.178955078000058],[69.51612854000007,28.173534393000068],[69.51836395300006,28.17136001600005],[69.52467346200007,28.169530868000038],[69.52609252900004,28.16808128400004],[69.52729797300003,28.16374588000008],[69.52764892600004,28.152917862000038],[69.52819061300005,28.138477325000053],[69.52938079800003,28.13233757000006],[69.53322601300005,28.127269745000035],[69.53769683800004,28.124183655000024],[69.54277801500007,28.122539520000032],[69.54909515400004,28.12251472500003],[69.55419158900008,28.123756409000066],[69.55874712800005,28.126467468000044],[69.55926513700007,28.126775742000063],[69.56237793000008,28.130039215000068],[69.56430053700007,28.13441848800005],[69.56513977100008,28.13820457500003],[69.56515502900004,28.142175674000043],[69.56395721400008,28.146329880000053],[69.56235504100005,28.151571274000048],[69.56237030000005,28.154277802000024],[69.56319427500006,28.156438828000034],[69.56443786600005,28.159862518000068],[69.56669616700003,28.163642883000023],[69.56691742000004,28.166709900000058],[69.56797790500008,28.173563004000073],[69.56983947800006,28.178607941000053],[69.57496643100006,28.185083389000056],[69.58030700700004,28.192098617000056],[69.58175659200003,28.19606399500003],[69.58176422100007,28.19750785800005],[69.58177185100004,28.198228836000055],[69.58055877700008,28.200038910000046],[69.57762146000005,28.20126724200003],[69.57253265400004,28.202552796000077],[69.56072235100004,28.205310822000058],[69.55155944800003,28.207513809000034],[69.54666900600006,28.208074570000065],[69.53993988000008,28.208282471000075],[69.53627014200003,28.209379196000043],[69.53302764900008,28.212099075000026],[69.53099823000008,28.21481514000004],[69.52960205100004,28.221138],[69.52778625500008,28.225475311000025],[69.52536010700004,28.229816437000068],[69.52191162100007,28.233440399000074],[69.51907348600008,28.23723983800005],[69.51461321200003,28.24078008300006],[69.51358795200008,28.24159240700004],[69.50707244900008,28.244504929000072],[69.50198364300007,28.24705123900003],[69.49771881100008,28.250675201000035],[69.49182128900003,28.255208969000023],[69.48796081500006,28.25865173300008],[69.48206329300007,28.261741638000046],[69.47719779500005,28.263913185000035]]]]}}]
