{
  "type": "FeatureCollection",
  "features": [
    {
      "type": "Feature",
      "geometry": {
        "type": "MultiPolygon",
        "coordinates": [
          [
            [
              [
                57.52944183351626,
                -20.52055740355202
              ],
              [
                57.78958129870204,
                -20.28597450266749
              ],
              [
                57.6244430541338,
                -19.986389160168688
              ],
              [
                57.30708312988265,
                -20.43403053284419
              ],
              [
                57.52944183351626,
                -20.52055740355202
              ]
            ]
          ],
          [
            [
              [
                8.6819429396145,
                3.1970832348001714
              ],
              [
                8.911387443501841,
                3.7512497902311166
              ],
              [
                8.449720382657443,
                3.4352774618610717
              ],
              [
                8.6819429396145,
                3.1970832348001714
              ]
            ]
          ],
          [
            [
              [
                -23.525836944640393,
                14.896110534677256
              ],
              [
                -23.6950035095831,
                15.294998168936024
              ],
              [
                -23.78951644906899,
                15.065415382357378
              ],
              [
                -23.525836944640393,
                14.896110534677256
              ]
            ]
          ],
          [
            [
              [
                39.50444030767829,
                -6.4705562591378945
              ],
              [
                39.3111076353588,
                -5.724166870134566
              ],
              [
                39.20138549805033,
                -6.226944923583213
              ],
              [
                39.50444030767829,
                -6.4705562591378945
              ]
            ]
          ],
          [
            [
              [
                39.73332977306013,
                -5.4634728431570725
              ],
              [
                39.85721588135727,
                -4.908611297578088
              ],
              [
                39.67763519298411,
                -4.938611507483604
              ],
              [
                39.73332977306013,
                -5.4634728431570725
              ]
            ]
          ],
          [
            [
              [
                6.523888587941579,
                0.01833334752336183
              ],
              [
                6.687777519207059,
                0.4022222161925204
              ],
              [
                6.467222213721955,
                0.25972214331847293
              ],
              [
                6.523888587941579,
                0.01833334752336183
              ]
            ]
          ],
          [
            [
              [
                55.674163818373614,
                -21.373889923240885
              ],
              [
                55.853050231918864,
                -21.168613433879308
              ],
              [
                55.68777465807676,
                -20.928058624157057
              ],
              [
                55.294441222993065,
                -20.921669006262462
              ],
              [
                55.343330383380874,
                -21.26861190793209
              ],
              [
                55.674163818373614,
                -21.373889923240885
              ]
            ]
          ],
          [
            [
              [
                43.4536056518902,
                -11.93611145018206
              ],
              [
                43.28694152821706,
                -11.378334045405476
              ],
              [
                43.220134734965434,
                -11.763473510866511
              ],
              [
                43.4536056518902,
                -11.93611145018206
              ]
            ]
          ],
          [
            [
              [
                43.43110657063338,
                -21.663890840360505
              ],
              [
                43.238883969749075,
                -22.28250122017353
              ],
              [
                43.759994506541815,
                -23.46805763391845
              ],
              [
                43.66416167912504,
                -24.31138992403305
              ],
              [
                44.03221893657425,
                -25.00444793472887
              ],
              [
                45.2147216789532,
                -25.588336944262434
              ],
              [
                47.094444272154625,
                -24.973892213148414
              ],
              [
                49.36833190710081,
                -18.3513908414653
              ],
              [
                49.422775266883086,
                -17.31583404268612
              ],
              [
                49.862777706559065,
                -16.47389220991812
              ],
              [
                49.6336059581805,
                -15.557500838487062
              ],
              [
                49.86610412760962,
                -15.432500839056164
              ],
              [
                50.232215882453545,
                -15.974445342684742
              ],
              [
                50.50138854890027,
                -15.322778700415492
              ],
              [
                49.943328857625076,
                -13.039445875969793
              ],
              [
                49.51832580571396,
                -12.345834734783764
              ],
              [
                49.2709655737583,
                -12.282084468124534
              ],
              [
                49.272216798086326,
                -11.947084423527567
              ],
              [
                48.782218935912994,
                -12.465833666439533
              ],
              [
                48.959442142044246,
                -12.822223666538848
              ],
              [
                48.79277038639293,
                -13.367778780595952
              ],
              [
                48.50054931638104,
                -13.444168091535293
              ],
              [
                48.287216183415794,
                -13.808055877736765
              ],
              [
                48.06333160695881,
                -13.518056868587069
              ],
              [
                47.90527343729142,
                -13.596389767363224
              ],
              [
                48.04833221220575,
                -14.155555726607052
              ],
              [
                47.6994400051968,
                -14.420557021013968
              ],
              [
                47.99707794124751,
                -14.767223358588398
              ],
              [
                47.81127548218896,
                -14.603890421065277
              ],
              [
                47.427215575164354,
                -15.110555650979409
              ],
              [
                47.45499420460035,
                -14.665279386855527
              ],
              [
                47.058326721187754,
                -15.185001374081933
              ],
              [
                47.19610595530158,
                -15.401390072217023
              ],
              [
                46.95944213717347,
                -15.558055876757543
              ],
              [
                46.94721984854129,
                -15.198890685305825
              ],
              [
                46.338333131253144,
                -15.624723432952266
              ],
              [
                46.477775572398144,
                -15.961389542756706
              ],
              [
                46.151382447036475,
                -15.703611376987109
              ],
              [
                44.442771908661996,
                -16.203891755516345
              ],
              [
                44.4377746564474,
                -16.692222595097967
              ],
              [
                43.921661378857465,
                -17.580558778836135
              ],
              [
                44.48277282673017,
                -19.9658355680265
              ],
              [
                43.43110657063338,
                -21.663890840360505
              ]
            ]
          ],
          [
            [
              [
                -5.3834367904033815,
                35.88343707807363
              ],
              [
                -5.918744071472275,
                35.790649416915315
              ],
              [
                -6.933333407608359,
                33.94166565814557
              ],
              [
                -8.538333892300225,
                33.25054930377114
              ],
              [
                -9.27934074954871,
                32.543952940128776
              ],
              [
                -9.277778632235606,
                32.18360902187442
              ],
              [
                -9.809167872205322,
                31.44666290819052
              ],
              [
                -9.640973106864688,
                30.164997087591885
              ],
              [
                -10.228196147750154,
                29.317914957483097
              ],
              [
                -11.511945715522106,
                28.303747190830833
              ],
              [
                -12.962709432298578,
                27.92048453022896
              ],
              [
                -13.57416726637786,
                26.73166656997094
              ],
              [
                -14.48333358876031,
                26.16333006374228
              ],
              [
                -14.900902764453802,
                24.689649563687354
              ],
              [
                -15.911666851911878,
                23.821941393449713
              ],
              [
                -15.993976584063867,
                23.648504270192063
              ],
              [
                -15.764723772038394,
                23.78652571259736
              ],
              [
                -16.36270905122037,
                22.564582814636594
              ],
              [
                -16.916252146441693,
                21.945415489348058
              ],
              [
                -17.101528182781028,
                20.83742905122645
              ],
              [
                -16.88916779488947,
                21.113609329616303
              ],
              [
                -16.196807875224007,
                20.226108536799288
              ],
              [
                -16.309448247253297,
                19.467498778691883
              ],
              [
                -16.511669159028393,
                19.352218616548
              ],
              [
                -16.179168713105675,
                18.9130554357916
              ],
              [
                -16.039447796771583,
                17.73458099054094
              ],
              [
                -16.546390516234606,
                15.756666165518297
              ],
              [
                -17.12916946440013,
                14.931110397144458
              ],
              [
                -17.532779681615636,
                14.75013732662552
              ],
              [
                -17.17555619074006,
                14.654443752137489
              ],
              [
                -16.77583694342503,
                14.012498848364551
              ],
              [
                -16.365196218766023,
                14.162288677365332
              ],
              [
                -16.745347988589447,
                13.953471173461999
              ],
              [
                -16.51333617894519,
                13.368610400228647
              ],
              [
                -15.294584271812976,
                13.485970502298429
              ],
              [
                -16.155904768004156,
                13.42486000431174
              ],
              [
                -16.194725052139866,
                13.252637873507695
              ],
              [
                -16.709932344700665,
                13.471734982410709
              ],
              [
                -16.752918238041087,
                12.564721122472989
              ],
              [
                -16.021377565532656,
                12.724939334831404
              ],
              [
                -15.645625125549302,
                12.557082157749939
              ],
              [
                -15.39180658551294,
                12.832915311280296
              ],
              [
                -15.634444237890772,
                12.53104017879253
              ],
              [
                -16.583751663555407,
                12.632637980831724
              ],
              [
                -16.79319573688621,
                12.422915460949262
              ],
              [
                -16.2027778609612,
                11.905553820801806
              ],
              [
                -15.705810536339872,
                12.0099048541433
              ],
              [
                -15.95944499781162,
                11.73527623237704
              ],
              [
                -14.991111758769009,
                11.958053581883966
              ],
              [
                -14.955972676289958,
                11.746944410741861
              ],
              [
                -15.458612429932582,
                11.865276321956685
              ],
              [
                -15.549306866775723,
                11.690137876591884
              ],
              [
                -15.282084450149899,
                11.619304666708828
              ],
              [
                -15.50114633277338,
                11.332811368254546
              ],
              [
                -15.265279777524494,
                11.42591287259323
              ],
              [
                -15.407778727714476,
                11.189859392585056
              ],
              [
                -15.099445357730481,
                11.06555365142205
              ],
              [
                -15.025418273860623,
                10.782776817867529
              ],
              [
                -14.749028190263385,
                10.979026782852685
              ],
              [
                -14.69861125226537,
                10.640483865637506
              ],
              [
                -14.516528128860088,
                10.842777262967871
              ],
              [
                -14.660696021072358,
                10.473331435928124
              ],
              [
                -13.822361947520216,
                9.849443419546354
              ],
              [
                -13.688638702635144,
                9.95219038192598
              ],
              [
                -13.672224032607186,
                9.563331622069065
              ],
              [
                -13.493133553528908,
                9.560075760180084
              ],
              [
                -13.132223131643759,
                8.86194420127898
              ],
              [
                -13.189444544871897,
                8.556943910075823
              ],
              [
                -12.897501005398707,
                8.567777635911291
              ],
              [
                -13.05590341948238,
                8.369582167494109
              ],
              [
                -13.285000799707813,
                8.497569073350213
              ],
              [
                -13.132778176568713,
                8.194999691143451
              ],
              [
                -12.974334732925458,
                8.24776839914049
              ],
              [
                -12.958959589297642,
                7.903263554245775
              ],
              [
                -12.460556969362246,
                7.555416093969875
              ],
              [
                -12.184306127522621,
                7.591041099503229
              ],
              [
                -12.504167546988214,
                7.388610345557183
              ],
              [
                -10.371945390600406,
                6.162221913297358
              ],
              [
                -9.142778406994749,
                5.055555333269474
              ],
              [
                -7.713403214811171,
                4.357013220027568
              ],
              [
                -5.89750051798991,
                5.02013872832795
              ],
              [
                -5.0142049962852,
                5.125225558437968
              ],
              [
                -5.322916984087943,
                5.228957636846829
              ],
              [
                -4.893889435237011,
                5.128610607994283
              ],
              [
                -3.8117360949546075,
                5.372638238352806
              ],
              [
                -3.734722391819197,
                5.259165779462457
              ],
              [
                -4.003541930256258,
                5.256666192158228
              ],
              [
                -2.932222352772886,
                5.115138053096977
              ],
              [
                -3.168333532909447,
                5.117221837233863
              ],
              [
                -2.05888891902568,
                4.730833056863851
              ],
              [
                0.25583330980533603,
                5.757777206588919
              ],
              [
                0.6637499304529868,
                5.759930149560027
              ],
              [
                0.23763888098064712,
                6.104860777785234
              ],
              [
                0.9199999709028148,
                5.771944048168798
              ],
              [
                1.2939581993346643,
                6.138540760412937
              ],
              [
                3.3191666518182963,
                6.385555268781985
              ],
              [
                3.807221875571777,
                6.612777709025167
              ],
              [
                3.3913190544508716,
                6.445138469135863
              ],
              [
                4.410207733977767,
                6.359930054044675
              ],
              [
                5.182082644406961,
                5.574860554743459
              ],
              [
                5.502499589323886,
                5.616943834736617
              ],
              [
                5.214791298415996,
                5.577638145036538
              ],
              [
                5.261944279503819,
                5.433194171940912
              ],
              [
                5.636041158276207,
                5.536735518343065
              ],
              [
                5.368332855559643,
                5.160554892397357
              ],
              [
                5.935832506627083,
                4.338333126893545
              ],
              [
                6.848610871831976,
                4.348332400199645
              ],
              [
                6.762846487726648,
                4.763472071512304
              ],
              [
                6.961388600476951,
                4.37222195367589
              ],
              [
                6.963888631343988,
                4.724860668494792
              ],
              [
                7.042777533206618,
                4.4380550278977395
              ],
              [
                7.550404559189069,
                4.706555348968529
              ],
              [
                7.673888193654157,
                4.496943941569043
              ],
              [
                8.29367924217549,
                4.5474996407983
              ],
              [
                8.274721146052613,
                4.8566665761860435
              ],
              [
                8.585213668886997,
                4.820409308835863
              ],
              [
                8.537360191237319,
                4.503680219017696
              ],
              [
                8.873644819314894,
                4.548436630263055
              ],
              [
                8.974096307208324,
                4.099791037760596
              ],
              [
                9.434999462154487,
                3.899444326696404
              ],
              [
                9.488366129777997,
                4.112915987272025
              ],
              [
                9.613054259043608,
                3.94944427869293
              ],
              [
                9.96513748537475,
                3.0852081702487695
              ],
              [
                9.813401228852769,
                1.929791561248969
              ],
              [
                9.360276206460135,
                1.1747220627165191
              ],
              [
                9.845901482269973,
                1.0747221587234748
              ],
              [
                9.57201290808246,
                0.9965971089768715
              ],
              [
                9.599998468366394,
                0.48111111111943927
              ],
              [
                9.542221086124119,
                0.6724999604196
              ],
              [
                9.308609973818161,
                0.5263888934800391
              ],
              [
                9.921110143528693,
                0.18527774761636095
              ],
              [
                9.466943746557558,
                0.16722219091361268
              ],
              [
                9.350832939131738,
                0.3620138322823365
              ],
              [
                9.298332216996833,
                -0.3716666241672755
              ],
              [
                9.007776252872468,
                -0.8138889836716316
              ],
              [
                8.709999086261458,
                -0.6411111425984188
              ],
              [
                9.176527024190804,
                -1.4122917663450423
              ],
              [
                9.333435999269216,
                -1.2855903055016142
              ],
              [
                9.288331982637985,
                -1.570416805820507
              ],
              [
                9.513887402964372,
                -1.5966668157340678
              ],
              [
                9.29111097754662,
                -1.6388890787398722
              ],
              [
                8.985485077968743,
                -1.2430557003530396
              ],
              [
                9.518054971238143,
                -1.9269444945072607
              ],
              [
                9.536873825603411,
                -2.068402994207915
              ],
              [
                9.322498331882809,
                -1.9075000317672632
              ],
              [
                9.610971435959467,
                -2.370694632170796
              ],
              [
                10.133471492472996,
                -2.523889286236347
              ],
              [
                10.016109468297724,
                -2.6397223494182853
              ],
              [
                9.702498440190041,
                -2.4479167358980334
              ],
              [
                11.77416610456887,
                -4.542639723005145
              ],
              [
                12.2649993991418,
                -5.864722247242952
              ],
              [
                12.435832993544281,
                -6.016667347919572
              ],
              [
                13.178880683264573,
                -5.856329928056958
              ],
              [
                12.313331591950188,
                -6.195278150786393
              ],
              [
                13.391804691628678,
                -8.393750182579709
              ],
              [
                13.38749884265004,
                -8.740278228324687
              ],
              [
                12.984582912117098,
                -9.081251130447072
              ],
              [
                13.849443446101837,
                -10.956111899773855
              ],
              [
                13.764165872176427,
                -11.93611239309211
              ],
              [
                13.459158890567615,
                -12.508607855083397
              ],
              [
                12.969999306317135,
                -12.784444815861171
              ],
              [
                12.5127067526143,
                -13.42437553789425
              ],
              [
                12.014999380414217,
                -15.569444640804637
              ],
              [
                11.741249086931568,
                -15.878751742039174
              ],
              [
                11.761110313891656,
                -17.961807253089237
              ],
              [
                14.511388781628902,
                -22.55278014090845
              ],
              [
                14.462637902494933,
                -24.103336322138887
              ],
              [
                14.856665610624432,
                -25.058889370861266
              ],
              [
                14.837776192809393,
                -25.761947618815565
              ],
              [
                15.294166576727775,
                -27.32250214926292
              ],
              [
                15.756387704625737,
                -28.03416825096351
              ],
              [
                16.48958970466162,
                -28.578178405242426
              ],
              [
                18.2179145847711,
                -31.734584826610906
              ],
              [
                18.308609021614245,
                -32.585697168377784
              ],
              [
                17.847499831744557,
                -32.830833447007095
              ],
              [
                18.439025875413982,
                -33.701950064739094
              ],
              [
                18.404720321375116,
                -34.302780133979304
              ],
              [
                18.4859695318208,
                -34.09944532510688
              ],
              [
                18.79902647605627,
                -34.08889389003406
              ],
              [
                19.64645576798813,
                -34.773128515322924
              ],
              [
                20.000000016276104,
                -34.82200240920851
              ],
              [
                20.942497237357706,
                -34.36028291388091
              ],
              [
                21.80249787545516,
                -34.38305664815433
              ],
              [
                22.539163583518338,
                -34.01118468041837
              ],
              [
                24.824718489858718,
                -34.20166777446805
              ],
              [
                25.022636398849855,
                -33.96805573807291
              ],
              [
                25.701942449943594,
                -34.031951921373896
              ],
              [
                25.830276480659194,
                -33.73139191564326
              ],
              [
                26.53055192645744,
                -33.75333404358199
              ],
              [
                27.89999771751682,
                -33.04055785203148
              ],
              [
                30.000831595479262,
                -31.302780167993262
              ],
              [
                31.32583235638331,
                -29.390834812755408
              ],
              [
                32.39443969516039,
                -28.531391141688403
              ],
              [
                32.86833192154499,
                -27.00750350884285
              ],
              [
                32.945621483782354,
                -26.08770942162133
              ],
              [
                32.8431892292138,
                -26.2911129088016
              ],
              [
                32.58715058340475,
                -25.972433103688438
              ],
              [
                32.81110762515861,
                -25.612085341223086
              ],
              [
                35.050552366568795,
                -24.63250349726685
              ],
              [
                35.49555205762127,
                -24.102222425041553
              ],
              [
                35.522911085441294,
                -23.795488357719258
              ],
              [
                35.338333143031946,
                -23.905834216315096
              ],
              [
                35.54527282379479,
                -22.232501994186332
              ],
              [
                35.480552685617525,
                -22.09580040987476
              ],
              [
                35.37166596383659,
                -22.466114030581473
              ],
              [
                35.11791229486065,
                -20.97444535840679
              ],
              [
                34.666938773860004,
                -20.391181928766077
              ],
              [
                34.77610397915616,
                -19.82590486003033
              ],
              [
                34.626800553736054,
                -19.61861228809151
              ],
              [
                34.89068985461747,
                -19.860418334134653
              ],
              [
                36.100135814073404,
                -18.8130569514718
              ],
              [
                36.25277708657452,
                -18.89139176946222
              ],
              [
                36.94388578949053,
                -18.108612052257854
              ],
              [
                36.84638595332809,
                -17.8755569459296
              ],
              [
                36.983886726925924,
                -18.00139235039372
              ],
              [
                37.87221528186664,
                -17.37639235902011
              ],
              [
                39.09617997606212,
                -16.984376910524983
              ],
              [
                40.57833101021121,
                -15.498889914436806
              ],
              [
                40.846107473745676,
                -14.6977787075006
              ],
              [
                40.52583313427098,
                -13.515277857839276
              ],
              [
                40.64596938505472,
                -12.755416882982423
              ],
              [
                40.42416380772927,
                -11.649723036188771
              ],
              [
                40.58444212284794,
                -10.65416716488907
              ],
              [
                39.82638548756,
                -9.993057242944111
              ],
              [
                39.392700196570765,
                -8.90666676895448
              ],
              [
                39.533882134861685,
                -8.911111822727165
              ],
              [
                39.29528807495327,
                -8.267862326813745
              ],
              [
                39.44666290171524,
                -7.814167030506475
              ],
              [
                39.27443696366378,
                -7.579167381798946
              ],
              [
                39.54788208593569,
                -6.99431322504412
              ],
              [
                38.8708305536957,
                -6.385278241903578
              ],
              [
                38.7761077903364,
                -6.039722929392823
              ],
              [
                39.203025828407675,
                -4.669617671331174
              ],
              [
                39.402496355075144,
                -4.63388920477324
              ],
              [
                40.12548066408638,
                -3.265694630463315
              ],
              [
                40.23110960187284,
                -2.671111330151426
              ],
              [
                41.31527708693154,
                -1.95805573099652
              ],
              [
                42.568885785780154,
                -0.30847223115299727
              ],
              [
                44.34360504368798,
                1.3952777539809347
              ],
              [
                46.02555084891595,
                2.4372220149810886
              ],
              [
                47.951107039755975,
                4.460277080930808
              ],
              [
                49.04083251463195,
                6.149722091634274
              ],
              [
                49.82929992681087,
                7.946110723318526
              ],
              [
                50.838539119268,
                9.437870991212705
              ],
              [
                50.895828249751226,
                10.312221514474764
              ],
              [
                51.391246800907204,
                10.397359846642566
              ],
              [
                51.14555359221101,
                10.633609788010368
              ],
              [
                51.07166290390409,
                11.206805229073566
              ],
              [
                51.272773725829275,
                11.83944414820666
              ],
              [
                50.76943968550409,
                11.9791660255935
              ],
              [
                50.28138734490884,
                11.595275871474975
              ],
              [
                49.42416381657811,
                11.340832721080197
              ],
              [
                47.396663659892134,
                11.178956988441755
              ],
              [
                46.45333098826486,
                10.689999594903817
              ],
              [
                45.758884438267835,
                10.872984888093555
              ],
              [
                44.9355545050196,
                10.423610669754602
              ],
              [
                44.27832793848027,
                10.447776784640581
              ],
              [
                43.15721891651554,
                11.570833195179269
              ],
              [
                42.53152467542292,
                11.511942876892405
              ],
              [
                43.4148597851081,
                12.06305502615377
              ],
              [
                43.077980043598735,
                12.828956587161159
              ],
              [
                42.373813627900006,
                13.217915518285167
              ],
              [
                42.284580213013705,
                13.57347106515477
              ],
              [
                41.67721938375843,
                13.936388017321377
              ],
              [
                41.17221832351643,
                14.63069344041886
              ],
              [
                40.15749739708115,
                14.984721172165706
              ],
              [
                39.88138579699913,
                15.489442824803291
              ],
              [
                39.7180519255621,
                15.088054672429536
              ],
              [
                38.58902360718073,
                18.066802989912
              ],
              [
                37.43568801005027,
                18.85388755807869
              ],
              [
                37.111427297708175,
                21.19762611322836
              ],
              [
                37.30659105130783,
                21.063261032962565
              ],
              [
                36.91138457502058,
                21.60860823339395
              ],
              [
                36.89569091633427,
                22.034164422759176
              ],
              [
                35.668888085522646,
                22.970693580209073
              ],
              [
                35.48583222888314,
                23.94291497992105
              ],
              [
                35.811176306416066,
                23.907011047309666
              ],
              [
                35.13861085750833,
                24.517498033296647
              ],
              [
                33.93832779672365,
                26.655275333307046
              ],
              [
                33.55888365743055,
                27.883052819458385
              ],
              [
                32.86083219857955,
                28.626388566257816
              ],
              [
                32.340827959086404,
                29.594860086005284
              ],
              [
                32.57561872667573,
                30.00270651283884
              ],
              [
                33.24277496412413,
                28.554443344419354
              ],
              [
                34.18793489273198,
                27.787141788304567
              ],
              [
                34.441940320564065,
                27.996944445200697
              ],
              [
                34.90380090783385,
                29.486705789756293
              ],
              [
                34.87103586598456,
                29.621647661719823
              ],
              [
                34.69562972980972,
                30.159491865294328
              ],
              [
                34.58850836336545,
                30.421529912904234
              ],
              [
                34.51156996536842,
                30.625782764003173
              ],
              [
                34.347145679461825,
                31.003904895400655
              ],
              [
                34.21665953954192,
                31.32332993722531
              ],
              [
                32.711799605216264,
                31.033538823233286
              ],
              [
                32.214752180544835,
                31.282426830005463
              ],
              [
                32.078048711091334,
                31.082496661379963
              ],
              [
                31.777462017665187,
                31.277393353206648
              ],
              [
                31.909650793985413,
                31.52756691588219
              ],
              [
                32.20249177190646,
                31.290933625359045
              ],
              [
                31.921480170466758,
                31.5298843467273
              ],
              [
                31.098331469588473,
                31.601665487291
              ],
              [
                30.90249634671791,
                31.420276650568283
              ],
              [
                30.544166573239842,
                31.393192299016064
              ],
              [
                30.956110004897404,
                31.57569314769418
              ],
              [
                30.355449672357736,
                31.50284387092934
              ],
              [
                30.289718617581336,
                31.237358076617326
              ],
              [
                30.064441680770173,
                31.320274343943368
              ],
              [
                29.034999865846373,
                30.82416535031581
              ],
              [
                27.323192599299475,
                31.376108181822687
              ],
              [
                25.947219855472447,
                31.617774949144646
              ],
              [
                25.17388724980747,
                31.54076002621153
              ],
              [
                24.98263742048352,
                31.96652602078413
              ],
              [
                23.24719620352751,
                32.2162246755484
              ],
              [
                23.119163499811663,
                32.61975098546638
              ],
              [
                21.713886261696153,
                32.94444276692907
              ],
              [
                20.084442139655835,
                32.18471526751334
              ],
              [
                19.919580453096053,
                31.748189917802463
              ],
              [
                20.057638156760767,
                30.850830091453275
              ],
              [
                19.617774959968877,
                30.41722105630315
              ],
              [
                19.00138855169447,
                30.266941053437833
              ],
              [
                17.6041641224003,
                30.996944411186746
              ],
              [
                15.7543048815416,
                31.38972090256678
              ],
              [
                15.165833470101354,
                32.398605355669574
              ],
              [
                13.25111008100761,
                32.91888807867795
              ],
              [
                12.301248534507195,
                32.83777618788439
              ],
              [
                11.174304000262715,
                33.21006392182413
              ],
              [
                11.055832847290276,
                33.61263657170855
              ],
              [
                10.751666084527304,
                33.473743454461726
              ],
              [
                10.715970996070553,
                33.704162614886386
              ],
              [
                10.266387933576965,
                33.74860383779429
              ],
              [
                10.007082928225849,
                34.16860580762609
              ],
              [
                11.126665133084153,
                35.24194337409675
              ],
              [
                11.027082436874004,
                35.6373558113804
              ],
              [
                10.456178663049574,
                36.1173553431543
              ],
              [
                11.039373414382446,
                37.08596802676489
              ],
              [
                10.407220824902897,
                36.72277070594113
              ],
              [
                10.19673537699359,
                36.790134441480404
              ],
              [
                10.254859921058934,
                37.17958070027427
              ],
              [
                9.838443749916866,
                37.14074326504338
              ],
              [
                9.738748536608185,
                37.340412138212415
              ],
              [
                7.932221426823794,
                36.84444427148439
              ],
              [
                7.292499548945351,
                37.07722093126098
              ],
              [
                6.920415890860081,
                36.884300237809256
              ],
              [
                6.366943839614901,
                37.08180238059661
              ],
              [
                5.328055393678085,
                36.640274049029856
              ],
              [
                4.7887492229600355,
                36.89388655414268
              ],
              [
                2.9341664448134246,
                36.80249786758054
              ],
              [
                2.572499748343521,
                36.589160902243776
              ],
              [
                0.9474999408045441,
                36.4488830558428
              ],
              [
                -0.10666669332334067,
                35.7840232908969
              ],
              [
                -0.3731250360517393,
                35.90277481252649
              ],
              [
                -1.0358302685931449,
                35.676940908684884
              ],
              [
                -1.7805557346282868,
                35.11721802251898
              ],
              [
                -2.9392361610262223,
                35.26443863030463
              ],
              [
                -2.9585216778378016,
                35.32111051254549
              ],
              [
                -4.695834169630192,
                35.208885192596355
              ],
              [
                -5.345833775323638,
                35.84165955137937
              ],
              [
                -5.3834367904033815,
                35.88343707807363
              ]
            ]
          ]
        ]
      },
      "properties": {
        "SIGLA": "AFR",
        "NOME": "África",
        "PORCENTAGE": 2.2,
        "TONELADAS": 5100
      }
    },
    {
      "type": "Feature",
      "geometry": {
        "type": "MultiPolygon",
        "coordinates": [
          [
            [
              [
                -114.15077971545475,
                28.01950645619932
              ],
              [
                -114.30764008106712,
                27.865924819558952
              ],
              [
                -114.00598145862057,
                27.686803794859586
              ],
              [
                -115.04389951813971,
                27.81777571891738
              ],
              [
                -114.47549436418092,
                27.238054271374654
              ],
              [
                -112.37834166686201,
                26.254997245915096
              ],
              [
                -112.10014343804932,
                25.728054035179046
              ],
              [
                -112.08750917654564,
                24.756107316798523
              ],
              [
                -110.31118774936343,
                23.560691860394787
              ],
              [
                -110.0284805191724,
                22.906108867017707
              ],
              [
                -109.51875305552068,
                23.124582302655217
              ],
              [
                -109.40750121349795,
                23.46124837482366
              ],
              [
                -109.79972838574963,
                24.012218485296003
              ],
              [
                -110.2100067172072,
                24.34819411374746
              ],
              [
                -110.35417174559694,
                24.11583326961463
              ],
              [
                -110.69118496984706,
                24.38687325131224
              ],
              [
                -110.68625638980336,
                24.896387122803517
              ],
              [
                -111.29972839486717,
                25.780277231985245
              ],
              [
                -111.56188203231545,
                26.719650252806254
              ],
              [
                -111.84499357224209,
                26.90208054433709
              ],
              [
                -111.68750764145946,
                26.60058786346651
              ],
              [
                -111.8586120747183,
                26.661941534541985
              ],
              [
                -112.34667206279855,
                27.54138567709681
              ],
              [
                -112.75305941001108,
                27.837497702366353
              ],
              [
                -113.19493105850201,
                28.813816059376204
              ],
              [
                -114.54528806580868,
                30.00111005848237
              ],
              [
                -114.8806991471902,
                31.151664707904597
              ],
              [
                -114.78666685507957,
                31.664165470144845
              ],
              [
                -115.0172424444242,
                31.954429610563498
              ],
              [
                -113.09167477712981,
                31.229719188611423
              ],
              [
                -113.08139037510287,
                30.698886895044236
              ],
              [
                -112.16194918468213,
                28.971387841876968
              ],
              [
                -111.10334016967123,
                27.936943031732767
              ],
              [
                -110.51136019153347,
                27.854997624399516
              ],
              [
                -110.5297164988596,
                27.37110899268536
              ],
              [
                -109.26471713016079,
                26.513332383320627
              ],
              [
                -109.09604644906433,
                26.21479035109788
              ],
              [
                -109.20500944971063,
                26.342357649536627
              ],
              [
                -109.4374999933183,
                25.820274337469776
              ],
              [
                -109.15390013573318,
                25.613191581032382
              ],
              [
                -108.83493040741473,
                25.793607699066197
              ],
              [
                -109.06833651062041,
                25.487220778839173
              ],
              [
                -108.04251098250171,
                25.07360840455097
              ],
              [
                -108.2212600791202,
                25.029441844114228
              ],
              [
                -108.10417176072994,
                24.821941352806753
              ],
              [
                -107.99000551216054,
                24.959510779737467
              ],
              [
                -107.9954910336186,
                24.649095512516414
              ],
              [
                -107.0251464581067,
                23.968053826273152
              ],
              [
                -105.82042692258355,
                22.66402436510009
              ],
              [
                -105.65027619243776,
                21.98124887748089
              ],
              [
                -105.18945315169128,
                21.437496188428664
              ],
              [
                -105.53618623089842,
                20.792568229080473
              ],
              [
                -105.24472806017457,
                20.574649833443445
              ],
              [
                -105.67536166114412,
                20.42416381385547
              ],
              [
                -105.51528928890177,
                20.021663648060194
              ],
              [
                -104.98361207614357,
                19.339443200441472
              ],
              [
                -103.9719467229857,
                18.877220142884912
              ],
              [
                -103.35751340915328,
                18.272777549061118
              ],
              [
                -101.95278933206856,
                17.978469850337305
              ],
              [
                -100.91000365298744,
                17.217498774053094
              ],
              [
                -98.78222655305932,
                16.553054817760835
              ],
              [
                -97.7547302006975,
                15.960277571016555
              ],
              [
                -96.26390076839677,
                15.67722128732996
              ],
              [
                -94.85917663369344,
                16.42708205653513
              ],
              [
                -94.06504824102227,
                16.041496292531676
              ],
              [
                -94.43861390020896,
                16.240554794254372
              ],
              [
                -94.11195375936026,
                16.175277699660516
              ],
              [
                -91.38473512985432,
                13.978887560893973
              ],
              [
                -90.49223328668405,
                13.900276196391381
              ],
              [
                -88.53506469670072,
                13.199110003140198
              ],
              [
                -88.70816803452684,
                13.260935801046763
              ],
              [
                -87.93778991468007,
                13.156387307270258
              ],
              [
                -87.83695223177773,
                13.436318415561235
              ],
              [
                -87.39833833908737,
                13.412359217683196
              ],
              [
                -87.32695010024658,
                12.926942828716605
              ],
              [
                -87.58583831862009,
                13.050555243879852
              ],
              [
                -87.68982699005208,
                12.917707430971692
              ],
              [
                -85.66958619654707,
                11.054998375038515
              ],
              [
                -85.9113922277575,
                10.89110946178591
              ],
              [
                -85.63250730043701,
                10.621665976333835
              ],
              [
                -85.85751341801932,
                10.369442962691494
              ],
              [
                -85.65667726716399,
                9.90499876561677
              ],
              [
                -85.14222715235483,
                9.58944322760544
              ],
              [
                -84.89723204671832,
                9.807498928372869
              ],
              [
                -85.2362518388099,
                10.207360277398507
              ],
              [
                -84.74757383359633,
                9.967151664331258
              ],
              [
                -84.61861418162167,
                9.579443922425007
              ],
              [
                -83.62646482540787,
                9.03645704222219
              ],
              [
                -83.73583985668257,
                8.612499247806717
              ],
              [
                -83.59556581253786,
                8.46833231800308
              ],
              [
                -83.27945707832133,
                8.377637871550892
              ],
              [
                -83.48042298627011,
                8.704546924763548
              ],
              [
                -83.34403226309625,
                8.728055026600508
              ],
              [
                -82.89884950397857,
                8.025669105147298
              ],
              [
                -82.80751036297998,
                8.293054569345648
              ],
              [
                -82.28723143507747,
                8.313331592795098
              ],
              [
                -81.73861694594216,
                8.162498478744041
              ],
              [
                -81.49694821986212,
                7.698610301186043
              ],
              [
                -81.21792604502983,
                7.608263467764363
              ],
              [
                -81.05805971691098,
                7.873332952224393
              ],
              [
                -80.92903898921737,
                7.25499966564492
              ],
              [
                -80.71389769499663,
                7.209166544741671
              ],
              [
                -80.00229642707227,
                7.468402376145695
              ],
              [
                -80.47126005449242,
                8.21555426436026
              ],
              [
                -79.95278931358202,
                8.450832338351313
              ],
              [
                -79.69778441617936,
                8.866664872641433
              ],
              [
                -79.06767273482174,
                9.052887908699569
              ],
              [
                -78.41306306403158,
                8.343609822838875
              ],
              [
                -78.13909150544366,
                8.40697098365344
              ],
              [
                -77.77917482897404,
                8.154998783788955
              ],
              [
                -78.13413999319606,
                8.337531117865291
              ],
              [
                -78.43278504748055,
                8.048887270175118
              ],
              [
                -77.88972471977426,
                7.228888531909481
              ],
              [
                -77.80750273533039,
                7.47868012652089
              ],
              [
                -77.77570343313135,
                7.475416174423058
              ],
              [
                -77.77059756643372,
                7.477091944480036
              ],
              [
                -77.72343406984355,
                7.545940800240325
              ],
              [
                -77.75276718826268,
                7.609084135710867
              ],
              [
                -77.75459289120158,
                7.612221701977864
              ],
              [
                -77.75942257270749,
                7.664432419077369
              ],
              [
                -77.75934398804007,
                7.67198081956262
              ],
              [
                -77.75889584653679,
                7.693055174353106
              ],
              [
                -77.75812180622222,
                7.694458473672042
              ],
              [
                -77.65646551206972,
                7.665207666437079
              ],
              [
                -77.61945761769036,
                7.589456974372477
              ],
              [
                -77.58920132356651,
                7.5329439284356265
              ],
              [
                -77.577438331239,
                7.5261802951610175
              ],
              [
                -77.33054280324725,
                7.71359724813601
              ],
              [
                -77.32749146122863,
                7.8571608533550075
              ],
              [
                -77.23663877058785,
                7.9286578985381455
              ],
              [
                -77.2155609187017,
                7.937221543006097
              ],
              [
                -77.20518500949687,
                8.034911934602382
              ],
              [
                -77.25353042721763,
                8.162567394700128
              ],
              [
                -77.30369348080276,
                8.223293183381813
              ],
              [
                -77.36014425037644,
                8.282014175483493
              ],
              [
                -77.36250306270281,
                8.284998890941367
              ],
              [
                -77.36417673874156,
                8.300735300535145
              ],
              [
                -77.37060150814908,
                8.374844256355823
              ],
              [
                -77.39850394588183,
                8.438869104036673
              ],
              [
                -77.42910004700674,
                8.472498891957454
              ],
              [
                -77.43877962460004,
                8.472302964532552
              ],
              [
                -77.47303593059782,
                8.502320060467186
              ],
              [
                -77.46036405563221,
                8.544563827312357
              ],
              [
                -77.4522323579499,
                8.556943908094587
              ],
              [
                -77.36919455514295,
                8.661178209497225
              ],
              [
                -77.36666872065409,
                8.674999178690168
              ],
              [
                -78.03438565526298,
                9.228817957558956
              ],
              [
                -79.53445434575501,
                9.620138155384446
              ],
              [
                -81.15306092344578,
                8.78749846813836
              ],
              [
                -81.50729369760799,
                8.793123253759326
              ],
              [
                -81.88632966694162,
                9.173609713799074
              ],
              [
                -81.81639099690929,
                8.945276237144025
              ],
              [
                -82.24278260110576,
                9.002359390238027
              ],
              [
                -82.36361693533647,
                9.407220823993402
              ],
              [
                -83.41083527114725,
                10.396944033700382
              ],
              [
                -83.87139891294406,
                11.314165121737819
              ],
              [
                -83.65344237379199,
                11.602810870841884
              ],
              [
                -83.80042264711305,
                11.895833040919307
              ],
              [
                -83.60292053908837,
                12.818192498333133
              ],
              [
                -83.47848509980317,
                12.423888233070205
              ],
              [
                -83.49389646272314,
                13.726664547251634
              ],
              [
                -83.18695069966785,
                14.323888797757661
              ],
              [
                -83.41910555729578,
                14.809443471370898
              ],
              [
                -83.13185118221139,
                14.992979060558657
              ],
              [
                -83.39347841610477,
                15.256387688793854
              ],
              [
                -84.07445528141992,
                15.349164990117558
              ],
              [
                -84.20951841436737,
                15.545658138789147
              ],
              [
                -83.85556030808455,
                15.459999097270195
              ],
              [
                -84.26014707396051,
                15.825970624611859
              ],
              [
                -84.9969635100661,
                15.991277704534433
              ],
              [
                -86.01160428787098,
                16.021629340678135
              ],
              [
                -86.40347289955763,
                15.76756858170046
              ],
              [
                -87.70777893002398,
                15.9212827411272
              ],
              [
                -88.1369552412923,
                15.682846072950927
              ],
              [
                -88.91056824235436,
                15.893610024300663
              ],
              [
                -88.21334074155129,
                16.962081903640637
              ],
              [
                -88.28250121473461,
                17.623886121265617
              ],
              [
                -88.07778929094538,
                18.215553288008934
              ],
              [
                -88.31556703278038,
                18.364166242058076
              ],
              [
                -88.21778872482929,
                18.69999695972357
              ],
              [
                -88.03972626910002,
                18.868192690677393
              ],
              [
                -88.07333375963042,
                18.49361040886344
              ],
              [
                -87.8280639861145,
                18.31083296525092
              ],
              [
                -87.54833984384466,
                19.139442461707688
              ],
              [
                -87.67694854090986,
                19.3149986234537
              ],
              [
                -87.41222378855021,
                19.58166506510809
              ],
              [
                -87.73660280891525,
                19.677568463725056
              ],
              [
                -86.8264007614486,
                20.98777769290096
              ],
              [
                -87.00542452594648,
                21.57971952752368
              ],
              [
                -87.41077421974173,
                21.52861021354622
              ],
              [
                -87.13382723650679,
                21.557220442658423
              ],
              [
                -87.24917604927943,
                21.441387172673693
              ],
              [
                -88.45140075692127,
                21.568885789737937
              ],
              [
                -90.33264923210017,
                21.027498229092195
              ],
              [
                -90.731674189488,
                19.361526509469147
              ],
              [
                -91.38507081583406,
                18.907358186868148
              ],
              [
                -91.1861877627568,
                18.65006830853546
              ],
              [
                -91.49570464072347,
                18.43555448089888
              ],
              [
                -91.8327865463481,
                18.472915650543907
              ],
              [
                -92.0041732531419,
                18.72624776467096
              ],
              [
                -94.46917722709924,
                18.146247846421048
              ],
              [
                -95.18222806383207,
                18.70180318768319
              ],
              [
                -95.91139223092243,
                18.825275416785896
              ],
              [
                -97.17535400382256,
                20.683956125725043
              ],
              [
                -97.74223330194282,
                22.012496943846482
              ],
              [
                -97.41347503729287,
                21.271734209637224
              ],
              [
                -97.31501008845258,
                21.55652429469976
              ],
              [
                -97.888267535425,
                22.598817853294626
              ],
              [
                -97.65167235779325,
                24.520275124704636
              ],
              [
                -97.13750457413767,
                25.93319320090782
              ],
              [
                -97.56040956144334,
                26.84208108328251
              ],
              [
                -97.47328948501396,
                27.233482350482095
              ],
              [
                -97.72332765885788,
                27.39554976684535
              ],
              [
                -97.42867280805238,
                27.396554923370665
              ],
              [
                -97.2797241104049,
                27.656105064252795
              ],
              [
                -97.51708982161149,
                27.863815287274353
              ],
              [
                -97.19451144020161,
                27.82180216449752
              ],
              [
                -97.02249911061892,
                28.031665825178983
              ],
              [
                -97.16937255905046,
                28.161800378082727
              ],
              [
                -96.39997101690203,
                28.44173050685746
              ],
              [
                -96.64472959817418,
                28.7119388792613
              ],
              [
                -96.19207762434226,
                28.695480355854592
              ],
              [
                -96.2120132575703,
                28.48811912871001
              ],
              [
                -95.1486129676461,
                29.051248550543413
              ],
              [
                -94.89389800705258,
                29.337776182191067
              ],
              [
                -95.06006619699355,
                29.71506308121902
              ],
              [
                -94.75701902383886,
                29.784997948423563
              ],
              [
                -94.61999512983917,
                29.461940756424653
              ],
              [
                -93.79666136550779,
                29.99415969928609
              ],
              [
                -93.66777039490762,
                29.763885512852557
              ],
              [
                -92.30833436674394,
                29.539718610219584
              ],
              [
                -91.89916991811513,
                29.836109163814914
              ],
              [
                -90.8783264401035,
                29.128746032217265
              ],
              [
                -90.44444274660752,
                29.32610703228377
              ],
              [
                -90.13583376496469,
                29.126384706638564
              ],
              [
                -90.18249509566415,
                29.56985855561671
              ],
              [
                -89.1538848604736,
                29.03999707788759
              ],
              [
                -89.00931546472961,
                29.196382550975933
              ],
              [
                -89.75271603619227,
                29.632980368755373
              ],
              [
                -89.40417482761163,
                29.762496962144414
              ],
              [
                -89.39944457079865,
                30.050830821751685
              ],
              [
                -89.62569427068455,
                29.87339784925766
              ],
              [
                -90.34973141926325,
                30.06166455953743
              ],
              [
                -90.23625181158306,
                30.376523949590098
              ],
              [
                -89.59312437595281,
                30.15325929665789
              ],
              [
                -88.98083493509225,
                30.41832734065285
              ],
              [
                -88.13145445090449,
                30.318954495488722
              ],
              [
                -88.02027895353044,
                30.70110699742755
              ],
              [
                -87.75771334307237,
                30.282428737965247
              ],
              [
                -88.02135469284416,
                30.225479144792462
              ],
              [
                -87.42039491308337,
                30.480945567203307
              ],
              [
                -87.52256012859351,
                30.279293075983926
              ],
              [
                -87.16083526513178,
                30.517774571433154
              ],
              [
                -86.26000211771266,
                30.495828625154484
              ],
              [
                -85.6636200207047,
                30.246105221737494
              ],
              [
                -85.30659487619646,
                29.69999506755295
              ],
              [
                -84.010978710544,
                30.097637178474315
              ],
              [
                -82.80278016378563,
                29.154994993369368
              ],
              [
                -82.64167785901876,
                28.539440133434045
              ],
              [
                -82.85416414564249,
                27.858608236523466
              ],
              [
                -82.72472383928351,
                27.65805055637531
              ],
              [
                -82.69124604822794,
                28.02985763818687
              ],
              [
                -82.42416383073596,
                27.91943930687182
              ],
              [
                -82.65527342929106,
                27.461662273560762
              ],
              [
                -82.3963928165731,
                26.96235657468496
              ],
              [
                -82.1588897426175,
                26.78287889083445
              ],
              [
                -82.01722714776464,
                26.964717842645058
              ],
              [
                -82.06694791103395,
                26.554372788845505
              ],
              [
                -81.78593443728995,
                26.706903462171358
              ],
              [
                -81.80041502930078,
                26.099996578325715
              ],
              [
                -80.9178466908666,
                25.246871922092783
              ],
              [
                -81.14667511131942,
                25.16041180913953
              ],
              [
                -80.42111204928356,
                25.249856969046466
              ],
              [
                -80.03533937053272,
                26.795690560016066
              ],
              [
                -80.843612669235,
                28.78096959535118
              ],
              [
                -80.60319518873271,
                28.608608269891533
              ],
              [
                -80.48645782525193,
                27.940176011534163
              ],
              [
                -80.5524902421095,
                28.524997684938242
              ],
              [
                -81.25527955140069,
                29.79666519691697
              ],
              [
                -81.45959471349126,
                30.94221878209321
              ],
              [
                -80.7664032229564,
                32.284721394326155
              ],
              [
                -79.38833616196858,
                33.008190135388546
              ],
              [
                -79.2713928119829,
                33.37332152588323
              ],
              [
                -78.60055543790872,
                33.87082670104108
              ],
              [
                -78.02597045832849,
                33.889366177905416
              ],
              [
                -77.3857192857299,
                34.61260225504982
              ],
              [
                -76.34326174459154,
                34.881938915612366
              ],
              [
                -76.3512496995865,
                35.022212959757084
              ],
              [
                -76.96501158384085,
                34.99777224321569
              ],
              [
                -77.0681609827049,
                35.149780258195825
              ],
              [
                -76.76139833156921,
                34.987770057105124
              ],
              [
                -76.46888735373557,
                35.271659851499386
              ],
              [
                -77.04958341994414,
                35.526939416781445
              ],
              [
                -76.14916990880899,
                35.33693694609324
              ],
              [
                -75.72083281249002,
                35.81450654564166
              ],
              [
                -75.85083006026336,
                35.9752693039824
              ],
              [
                -76.72951507772669,
                35.93984988125071
              ],
              [
                -76.74610139919434,
                36.22818374085798
              ],
              [
                -76.65979005747344,
                36.03311918782346
              ],
              [
                -76.1507721092962,
                36.258674641164575
              ],
              [
                -75.79315187985856,
                36.0738487409864
              ],
              [
                -75.94530486324325,
                36.71242142606771
              ],
              [
                -75.5326461920681,
                35.80152132922851
              ],
              [
                -75.98728940719312,
                36.909229287547625
              ],
              [
                -76.47749326824523,
                36.905265819100315
              ],
              [
                -77.23222350080765,
                37.29638671417882
              ],
              [
                -76.29145812645072,
                37.00534437691117
              ],
              [
                -76.682769796723,
                37.42971800478283
              ],
              [
                -76.374015789057,
                37.28890228815347
              ],
              [
                -76.29069519853145,
                37.56860735866579
              ],
              [
                -77.12989044230764,
                38.16912076711092
              ],
              [
                -76.35360716471882,
                37.61859892936812
              ],
              [
                -76.24361417392942,
                37.90610123730022
              ],
              [
                -77.32000734354094,
                38.34526826857716
              ],
              [
                -77.06169127789292,
                38.904571527093644
              ],
              [
                -77.24374387948261,
                38.398258196130406
              ],
              [
                -76.3123474051732,
                38.0473022495263
              ],
              [
                -76.66346739193939,
                38.474712377763915
              ],
              [
                -76.67916108601294,
                38.66252516869106
              ],
              [
                -76.37857053960593,
                38.365203844186595
              ],
              [
                -76.58277893442556,
                39.24207687183003
              ],
              [
                -75.83535001596888,
                39.571937553206766
              ],
              [
                -76.16833495084359,
                39.316520682794305
              ],
              [
                -76.10443880130231,
                38.79909134051036
              ],
              [
                -76.34215546741838,
                38.68825533194383
              ],
              [
                -76.03750609377647,
                38.226654036729755
              ],
              [
                -75.8463515967445,
                38.398776994029745
              ],
              [
                -75.87853239305171,
                37.94755937769518
              ],
              [
                -75.64404294487677,
                37.96117401972499
              ],
              [
                -75.96083071432693,
                37.15221402251491
              ],
              [
                -75.04457854071367,
                38.41721344883233
              ],
              [
                -75.58860779905919,
                39.64887999488014
              ],
              [
                -75.02851868041952,
                40.01230622044446
              ],
              [
                -75.54277041437933,
                39.50054931436596
              ],
              [
                -74.84680176480958,
                38.95082474522969
              ],
              [
                -74.04554750667809,
                40.05297850071624
              ],
              [
                -74.07376863736579,
                39.84621431753356
              ],
              [
                -73.95639038216639,
                40.39818572408483
              ],
              [
                -74.25917055071585,
                40.522216796015805
              ],
              [
                -73.90417479101576,
                40.959434532342435
              ],
              [
                -73.9512786902031,
                41.30443571158752
              ],
              [
                -73.93415830190636,
                40.79804995404061
              ],
              [
                -72.90638733928375,
                41.286109942120866
              ],
              [
                -71.51167299634658,
                41.36999127688857
              ],
              [
                -71.38944244813355,
                41.80669401814365
              ],
              [
                -71.27139282097468,
                41.65304565916127
              ],
              [
                -71.11485293003092,
                41.78950880891881
              ],
              [
                -71.18832396612463,
                41.46832278104484
              ],
              [
                -70.72610471139585,
                41.72776794083273
              ],
              [
                -70.64861299158228,
                41.539440154834026
              ],
              [
                -69.9354095231707,
                41.67249677755862
              ],
              [
                -70.07417298040662,
                42.058879867787205
              ],
              [
                -70.01930998731453,
                41.79256438104228
              ],
              [
                -70.33291628799417,
                41.7138824337513
              ],
              [
                -71.04486084755382,
                42.36721418155064
              ],
              [
                -70.58180998353127,
                42.65283581828834
              ],
              [
                -70.81082151590371,
                42.89360811414648
              ],
              [
                -70.17250062411651,
                43.78054809121
              ],
              [
                -69.24833678253835,
                43.93804168526681
              ],
              [
                -68.98083498638101,
                44.44172288321833
              ],
              [
                -68.05947112080445,
                44.35179902795958
              ],
              [
                -67.18999482367293,
                44.66026690164423
              ],
              [
                -66.97083284573233,
                44.82791139542535
              ],
              [
                -67.20654294400696,
                45.18303679698168
              ],
              [
                -66.42778016508515,
                45.08499142680676
              ],
              [
                -65.99993132880606,
                45.45922851557152
              ],
              [
                -65.88681028169088,
                45.208328252192956
              ],
              [
                -64.75639344917383,
                45.62248990462137
              ],
              [
                -64.75083158306708,
                46.08665845430044
              ],
              [
                -64.47833252549154,
                45.750549323546366
              ],
              [
                -64.2743072425915,
                45.805828092476034
              ],
              [
                -64.93534086902305,
                45.33172989850728
              ],
              [
                -63.369613648786824,
                45.35985567040739
              ],
              [
                -64.21569823365896,
                45.107078538662215
              ],
              [
                -64.71083067475477,
                45.18387601193102
              ],
              [
                -66.19485471626379,
                44.41804503697761
              ],
              [
                -65.85156250477684,
                44.58110429996894
              ],
              [
                -66.16750333838489,
                43.86082837854182
              ],
              [
                -65.49694823784569,
                43.49082948372237
              ],
              [
                -64.6688918799755,
                43.988327053224666
              ],
              [
                -64.2008362064978,
                44.576385509257925
              ],
              [
                -63.908607502199104,
                44.67804719579847
              ],
              [
                -63.6348610018736,
                44.43637846971844
              ],
              [
                -60.970275867847846,
                45.26971436254179
              ],
              [
                -61.460556015930024,
                45.34527205633481
              ],
              [
                -61.26000213860965,
                45.51027681144865
              ],
              [
                -61.92301940067874,
                45.84117128579627
              ],
              [
                -62.46194457271652,
                45.61249543940357
              ],
              [
                -64.04278567102662,
                45.99189757495779
              ],
              [
                -63.77663042161599,
                46.108184821913746
              ],
              [
                -64.50418092211719,
                46.24027253021417
              ],
              [
                -64.80208586544911,
                47.08152389383019
              ],
              [
                -65.3661803988789,
                47.085479756621936
              ],
              [
                -64.71624757245694,
                47.76277542702474
              ],
              [
                -65.63153077402742,
                47.62193677819148
              ],
              [
                -66.35540774289045,
                48.07027052583883
              ],
              [
                -66.84370419771648,
                47.99665071851276
              ],
              [
                -65.89653779992206,
                48.20249173644187
              ],
              [
                -65.30583188432874,
                48.00555417548713
              ],
              [
                -64.32250975567784,
                48.437210103325626
              ],
              [
                -64.1654815470756,
                48.62776565498181
              ],
              [
                -64.53041841716734,
                48.87370299762942
              ],
              [
                -64.15763089721105,
                48.75985716611002
              ],
              [
                -64.21166994428353,
                48.88499071238638
              ],
              [
                -64.99694823480651,
                49.22026823384668
              ],
              [
                -66.3061065582865,
                49.186935411195684
              ],
              [
                -68.20222472390074,
                48.63985444117308
              ],
              [
                -69.45056154172043,
                47.979156500721274
              ],
              [
                -70.50695800238499,
                47.02027128578398
              ],
              [
                -71.29916383513755,
                46.74221802537586
              ],
              [
                -69.73249818071801,
                48.10756301410936
              ],
              [
                -71.03958131260066,
                48.443878188986936
              ],
              [
                -69.6783294917893,
                48.14082715538586
              ],
              [
                -68.5905609119074,
                49.05416106200605
              ],
              [
                -67.37207796312208,
                49.329994220030855
              ],
              [
                -66.46972656551998,
                50.26194003009906
              ],
              [
                -62.74694824993952,
                50.28472138849929
              ],
              [
                -61.72083284263029,
                50.09193421073924
              ],
              [
                -60.114448553433405,
                50.233047469833295
              ],
              [
                -59.01292036311713,
                50.75138470844108
              ],
              [
                -58.62430190157549,
                51.276382427054614
              ],
              [
                -56.951595316330526,
                51.42457580243839
              ],
              [
                -55.69930649616546,
                52.08526994006241
              ],
              [
                -56.18985750929926,
                52.43696974282828
              ],
              [
                -55.645587923761596,
                52.43287277207835
              ],
              [
                -56.48773957804589,
                52.59429169106743
              ],
              [
                -55.76347731358615,
                52.61124417875568
              ],
              [
                -56.06082917595009,
                52.76610563980077
              ],
              [
                -55.80582808137521,
                52.83103563993155
              ],
              [
                -55.80805204420491,
                53.34054565097644
              ],
              [
                -56.660827646942266,
                53.720542929078675
              ],
              [
                -57.30555342261334,
                53.5004806604698
              ],
              [
                -57.08031083828526,
                53.823467269680314
              ],
              [
                -57.468330412069704,
                54.193878195128164
              ],
              [
                -58.35556032594236,
                54.206382757157016
              ],
              [
                -57.79694365069648,
                54.07509231746311
              ],
              [
                -58.87027738773814,
                53.904708865780734
              ],
              [
                -60.133613595468006,
                53.283607466287
              ],
              [
                -60.4077758716311,
                53.26721572284091
              ],
              [
                -60.190437291993746,
                53.5154495125205
              ],
              [
                -60.88027952838682,
                53.71305083977915
              ],
              [
                -60.205204017985935,
                53.57891847774084
              ],
              [
                -58.42039110683916,
                54.22438430674589
              ],
              [
                -57.34968564236283,
                54.57495881819967
              ],
              [
                -58.904167151803506,
                54.844711312218394
              ],
              [
                -59.033542637234376,
                55.15589140877261
              ],
              [
                -59.38360975927216,
                54.98120119700762
              ],
              [
                -59.15638353930653,
                55.23387910951883
              ],
              [
                -59.940929439769704,
                54.75034333412803
              ],
              [
                -59.48777768217738,
                55.181381244833226
              ],
              [
                -59.96583559938426,
                55.11471559953122
              ],
              [
                -59.77763745524179,
                55.32944106029578
              ],
              [
                -60.28989789028989,
                55.02724837102016
              ],
              [
                -60.176109331661635,
                55.27082824853545
              ],
              [
                -60.512222265243494,
                55.1205444126246
              ],
              [
                -60.33277511925246,
                55.7813110344509
              ],
              [
                -62.07784652103658,
                56.29187010739642
              ],
              [
                -61.741470328058654,
                56.299716954433194
              ],
              [
                -62.05048753750211,
                56.50297925179535
              ],
              [
                -61.65724944686484,
                56.52575300454001
              ],
              [
                -62.545421597748586,
                56.835964186670054
              ],
              [
                -61.654304502458686,
                56.63804624518918
              ],
              [
                -61.8702774059732,
                56.72693636509564
              ],
              [
                -61.3611144893914,
                57.09235383195307
              ],
              [
                -62.526943196603185,
                57.488605490752406
              ],
              [
                -61.88486102004579,
                57.633117671223836
              ],
              [
                -62.4506225748909,
                58.16849515065189
              ],
              [
                -63.33528137385218,
                57.98012922113815
              ],
              [
                -62.55694577925132,
                58.480266586926334
              ],
              [
                -63.581008927167105,
                58.301727279640524
              ],
              [
                -62.84638597365037,
                58.687767020615205
              ],
              [
                -63.12805174759633,
                59.04617311017602
              ],
              [
                -64.04402159005602,
                59.01818850385269
              ],
              [
                -63.35965346663767,
                59.199363689359394
              ],
              [
                -64.06047821204884,
                59.385963435842434
              ],
              [
                -63.72555158787941,
                59.516101849192566
              ],
              [
                -64.25806427037776,
                59.760688784647066
              ],
              [
                -64.16555022845012,
                60.021522495143095
              ],
              [
                -64.75464628028205,
                59.990806594192684
              ],
              [
                -64.57667543813116,
                60.322769144579844
              ],
              [
                -65.52778623261537,
                59.71693419722013
              ],
              [
                -64.9894332709217,
                59.37443545151192
              ],
              [
                -65.54957580200612,
                59.48811338242285
              ],
              [
                -66.0588836869925,
                58.320274362160426
              ],
              [
                -65.93901826718596,
                58.611312838981696
              ],
              [
                -66.38861086606661,
                58.85054781289934
              ],
              [
                -66.6297149874581,
                58.50360868956871
              ],
              [
                -67.58514406574548,
                58.20804980288575
              ],
              [
                -67.7775039439474,
                58.46853255847231
              ],
              [
                -68.11814881111148,
                58.07596589741311
              ],
              [
                -68.00820162711128,
                58.57499692840951
              ],
              [
                -68.41056062732977,
                58.03707887192954
              ],
              [
                -69.36364745179596,
                57.767768831161476
              ],
              [
                -68.34666442016989,
                58.126171117894515
              ],
              [
                -68.35860443512881,
                58.77013016281853
              ],
              [
                -69.27917477730803,
                58.888046287674776
              ],
              [
                -69.8159714029223,
                58.58887863266316
              ],
              [
                -70.15624998862859,
                58.769298553524756
              ],
              [
                -69.8638839791995,
                59.050964327470716
              ],
              [
                -69.55249783852179,
                58.80582425342963
              ],
              [
                -69.23805238051142,
                59.23179247613294
              ],
              [
                -69.74607087640501,
                59.31137845930138
              ],
              [
                -69.60055544082216,
                59.83305360118621
              ],
              [
                -70.945831294025,
                60.063049316912554
              ],
              [
                -69.6308288309033,
                60.06638335974321
              ],
              [
                -69.51344297004835,
                61.066066751599344
              ],
              [
                -69.92749024955025,
                60.80776975770885
              ],
              [
                -70.1484756257941,
                61.08457563298561
              ],
              [
                -71.38999938954791,
                61.13777160466237
              ],
              [
                -71.88017271274056,
                61.42651749489804
              ],
              [
                -71.57334138023037,
                61.607078523717824
              ],
              [
                -72.30346679847072,
                61.56853484748815
              ],
              [
                -72.2033386310429,
                61.86180114758552
              ],
              [
                -73.6834640250327,
                62.479988082913955
              ],
              [
                -74.72166441570543,
                62.24638365647755
              ],
              [
                -74.57167051660372,
                62.103050237381574
              ],
              [
                -75.3147201331569,
                62.310688033819446
              ],
              [
                -75.88895415782765,
                62.16151808073733
              ],
              [
                -75.70973207009904,
                62.29638669328183
              ],
              [
                -77.50834653802299,
                62.56166078140029
              ],
              [
                -78.15326689171562,
                62.28006363121023
              ],
              [
                -77.99777986550026,
                61.72151949778523
              ],
              [
                -77.51722717803065,
                61.539718631871054
              ],
              [
                -78.17992402304974,
                60.78794480981673
              ],
              [
                -77.51892854013323,
                60.83283995748549
              ],
              [
                -77.82917020250414,
                60.6424217109597
              ],
              [
                -77.59222412758152,
                60.06415559408573
              ],
              [
                -76.75889589803234,
                60.15915680062053
              ],
              [
                -77.76778409215531,
                59.70985413854901
              ],
              [
                -77.67971803350567,
                59.39929580433728
              ],
              [
                -78.56402587755747,
                58.96311566380932
              ],
              [
                -78.57299041025077,
                58.628879540975475
              ],
              [
                -76.86193847200686,
                57.719154345065334
              ],
              [
                -76.53833010045385,
                56.29777526513846
              ],
              [
                -77.74861144446514,
                55.3008270283558
              ],
              [
                -79.76181032281407,
                54.651657129853106
              ],
              [
                -79.1194458151031,
                54.07860566938559
              ],
              [
                -78.5070953561422,
                52.45749285533016
              ],
              [
                -78.98096468902077,
                51.800689701951164
              ],
              [
                -78.77917477743378,
                51.47499086987108
              ],
              [
                -78.96333310848027,
                51.35332486872799
              ],
              [
                -79.32695771489392,
                51.66234968382701
              ],
              [
                -79.66860963999723,
                51.39860536961208
              ],
              [
                -79.34593964500893,
                50.73495482147995
              ],
              [
                -80.12512972348887,
                51.29708098820193
              ],
              [
                -81.00917050531683,
                51.03346631584323
              ],
              [
                -80.4381866307911,
                51.46637723446865
              ],
              [
                -80.9913864083348,
                52.00971604909718
              ],
              [
                -81.76292421779952,
                52.23741912061933
              ],
              [
                -81.55339814451169,
                52.448879219927726
              ],
              [
                -82.27389526375484,
                52.95638277836838
              ],
              [
                -82.30776975889047,
                55.148880031476
              ],
              [
                -85.00195310821012,
                55.29666137623137
              ],
              [
                -85.41996765898712,
                54.9990883160514
              ],
              [
                -85.22569276890356,
                55.364715572241515
              ],
              [
                -87.54861451172407,
                56.04999539481149
              ],
              [
                -88.81500243113102,
                56.824440005167325
              ],
              [
                -90.82472229824472,
                57.25652311732676
              ],
              [
                -92.51445005255245,
                57.02360533177956
              ],
              [
                -93.15389249044257,
                58.73902130299723
              ],
              [
                -94.14389036802895,
                58.76361084838957
              ],
              [
                -94.36332701384896,
                58.21887968022511
              ],
              [
                -94.2911071657144,
                58.74360659140563
              ],
              [
                -94.78971861804543,
                59.09221648136077
              ],
              [
                -94.41514590091953,
                60.75943754514768
              ],
              [
                -93.98500061760843,
                61.455131526838024
              ],
              [
                -93.25556944591285,
                61.742492669193346
              ],
              [
                -93.61610413951578,
                61.939987171562464
              ],
              [
                -92.96833800303237,
                62.07721710968566
              ],
              [
                -93.12222288637912,
                62.334991445230436
              ],
              [
                -92.56916807723996,
                62.192836787509926
              ],
              [
                -92.71000672607323,
                62.46582796557172
              ],
              [
                -91.94470976033028,
                62.53318785741849
              ],
              [
                -92.4115295147786,
                62.83443830968302
              ],
              [
                -91.36151886624039,
                62.78805158924437
              ],
              [
                -90.62748719482528,
                63.05943296116339
              ],
              [
                -90.85472107806507,
                63.408599850151504
              ],
              [
                -91.7697220061006,
                63.714576698782615
              ],
              [
                -92.48083495636648,
                63.5272140243803
              ],
              [
                -92.10374447915537,
                63.69797896883162
              ],
              [
                -93.38999940803447,
                63.97165678778262
              ],
              [
                -93.52652737872012,
                63.841098795767124
              ],
              [
                -93.66250612888417,
                64.08512878980726
              ],
              [
                -90.93666078115665,
                63.56541060614689
              ],
              [
                -90.23638917433206,
                63.60721589862353
              ],
              [
                -90.27208712538955,
                64.00158688622847
              ],
              [
                -89.81361388650123,
                63.94207384141847
              ],
              [
                -90.11784362385916,
                64.1259460384836
              ],
              [
                -89.80326080309979,
                64.2224884274053
              ],
              [
                -89.03555295977976,
                63.94658658800598
              ],
              [
                -89.25034329909104,
                64.15747833741666
              ],
              [
                -88.73666383309394,
                63.96832274495197
              ],
              [
                -88.11832426608676,
                64.13485715873213
              ],
              [
                -86.9706878836576,
                65.0555343834195
              ],
              [
                -87.07501218345074,
                65.23664855082588
              ],
              [
                -89.05749510323065,
                65.33068844859207
              ],
              [
                -89.96000673816705,
                65.78887941394541
              ],
              [
                -91.4291686948963,
                65.95109560154103
              ],
              [
                -89.66819000687818,
                65.93720243118543
              ],
              [
                -88.07028199033472,
                65.35609433434844
              ],
              [
                -87.35923005816917,
                65.32540130798333
              ],
              [
                -85.89726259065614,
                66.16802215054997
              ],
              [
                -86.75792692915448,
                66.52845762491894
              ],
              [
                -85.48583223285482,
                66.58165739942348
              ],
              [
                -85.22125244889973,
                66.26332089954948
              ],
              [
                -84.37360380705542,
                66.16345979434548
              ],
              [
                -84.51465604804913,
                66.4033203334334
              ],
              [
                -83.84374999260046,
                66.15464017243815
              ],
              [
                -84.1487579268074,
                66.68358614818786
              ],
              [
                -85.14277648811364,
                66.93026734699723
              ],
              [
                -84.43611146350715,
                66.98136899770051
              ],
              [
                -83.40222169336343,
                66.34748842591713
              ],
              [
                -81.50222014915973,
                67.00096128167465
              ],
              [
                -81.24221799033887,
                67.47012328994415
              ],
              [
                -82.4261016595843,
                68.27665708302881
              ],
              [
                -82.38832857454808,
                68.46762846814119
              ],
              [
                -81.25903323051531,
                68.64179227635127
              ],
              [
                -81.71665953356153,
                68.94914246437939
              ],
              [
                -81.33570100430929,
                69.18498231974745
              ],
              [
                -83.22805788515333,
                69.5385894711208
              ],
              [
                -82.25903317897507,
                69.63721465729539
              ],
              [
                -85.55499264841954,
                69.85970307241108
              ],
              [
                -84.77139284541384,
                68.74220277493268
              ],
              [
                -85.63645936040098,
                68.73963926567686
              ],
              [
                -86.52938078223661,
                67.35025787013761
              ],
              [
                -87.51042173278526,
                67.11463166454863
              ],
              [
                -88.3712463662365,
                67.96282958453314
              ],
              [
                -88.38916776834893,
                68.28873446073672
              ],
              [
                -87.8005523709013,
                68.3119201864912
              ],
              [
                -87.96805569910563,
                68.76332091474535
              ],
              [
                -89.31444549275582,
                69.2492981055727
              ],
              [
                -90.26319887972632,
                68.23581695976715
              ],
              [
                -90.43638611023806,
                68.87442018270794
              ],
              [
                -91.21472170483894,
                69.29026792830919
              ],
              [
                -90.31340023976134,
                69.44811247727546
              ],
              [
                -92.77694703925462,
                69.71429446171777
              ],
              [
                -91.94318390449175,
                70.0180435446914
              ],
              [
                -92.2683410640872,
                70.20887756705477
              ],
              [
                -91.5241699014311,
                70.17915345511382
              ],
              [
                -92.98249817799321,
                70.82554625220023
              ],
              [
                -93.70944979073721,
                71.75818636643181
              ],
              [
                -94.41715241114237,
                71.66234588732907
              ],
              [
                -94.39076234203209,
                71.93365477504581
              ],
              [
                -94.97193906262497,
                71.9758148252597
              ],
              [
                -95.90042113038768,
                71.60623170627784
              ],
              [
                -95.54318999937455,
                71.29039763994072
              ],
              [
                -96.03708646382235,
                71.41790005983275
              ],
              [
                -96.50041960137986,
                71.27886965561021
              ],
              [
                -96.60791015863238,
                70.79123685185088
              ],
              [
                -95.81666563464843,
                70.70970917938772
              ],
              [
                -96.52848055235187,
                70.12692259503346
              ],
              [
                -95.96819305286286,
                69.779991134977
              ],
              [
                -93.3675689469251,
                69.37393186808865
              ],
              [
                -93.84874725718359,
                69.16963958058338
              ],
              [
                -93.53326414575594,
                69.43177794910191
              ],
              [
                -94.25917055704569,
                69.32666018353004
              ],
              [
                -94.59909818784251,
                68.96186067618731
              ],
              [
                -94.38555909410898,
                68.72915648280058
              ],
              [
                -93.6669463912694,
                68.97221375958875
              ],
              [
                -93.5533294784588,
                68.58638000511898
              ],
              [
                -94.71652985548667,
                68.05879209983654
              ],
              [
                -95.4703445284511,
                68.05942532828098
              ],
              [
                -95.70639037032406,
                67.72949216270197
              ],
              [
                -95.29624940161551,
                66.89582824717306
              ],
              [
                -96.03958129170366,
                66.94692229222078
              ],
              [
                -95.88362121675956,
                66.76887510542123
              ],
              [
                -96.45555113112418,
                67.06414797336004
              ],
              [
                -95.34027859930325,
                66.98262024327826
              ],
              [
                -95.57138825547695,
                67.37845612624001
              ],
              [
                -96.12221529895861,
                67.21498869306666
              ],
              [
                -96.45486449023498,
                67.47456360994798
              ],
              [
                -95.9802856418819,
                68.25471493957792
              ],
              [
                -96.70834353179909,
                68.00860595111266
              ],
              [
                -96.40736388696757,
                68.3134536479853
              ],
              [
                -96.93916319354504,
                68.23970033835661
              ],
              [
                -97.84444426662357,
                68.5413742297329
              ],
              [
                -98.09666445695437,
                68.3177642685143
              ],
              [
                -98.67402648033229,
                68.38095090258108
              ],
              [
                -98.11124421058057,
                67.83887479963224
              ],
              [
                -97.68305968832173,
                68.01860047394906
              ],
              [
                -97.24723050270323,
                67.92775725626453
              ],
              [
                -97.50973509506098,
                67.59915162329332
              ],
              [
                -98.61555483414874,
                68.07470704934472
              ],
              [
                -98.5288848742442,
                67.77748108362783
              ],
              [
                -98.98693847684855,
                67.7183227389365
              ],
              [
                -100.3955535957969,
                67.84748837741606
              ],
              [
                -101.54250333733685,
                67.67942810779735
              ],
              [
                -102.82972718064012,
                67.83193970936568
              ],
              [
                -103.42166135198867,
                68.16665648658383
              ],
              [
                -104.50048827376258,
                68.03338621408017
              ],
              [
                -106.20806120077127,
                68.94094846526093
              ],
              [
                -108.31416321947235,
                68.61137391786555
              ],
              [
                -108.81597135188504,
                68.26609801312246
              ],
              [
                -107.62402344061456,
                68.16443632658192
              ],
              [
                -107.82228087090296,
                68.34102628129882
              ],
              [
                -106.56443784790534,
                68.29053498445467
              ],
              [
                -106.54387664950703,
                68.51193239132692
              ],
              [
                -105.6518020482763,
                68.63610076838829
              ],
              [
                -106.84860991583456,
                68.11665344977955
              ],
              [
                -107.88791658368045,
                68.08499145137166
              ],
              [
                -107.22861479959236,
                66.34887697662528
              ],
              [
                -108.62124634527663,
                67.15193175847472
              ],
              [
                -107.87790679191431,
                67.05054473981357
              ],
              [
                -108.02056123339526,
                67.29470823615631
              ],
              [
                -108.66277310942749,
                67.62844849329473
              ],
              [
                -108.82806394090409,
                67.35150911571534
              ],
              [
                -109.06277464451367,
                67.71207428955914
              ],
              [
                -109.7315139524052,
                67.71859740681589
              ],
              [
                -110.07736967314796,
                68.00555418181698
              ],
              [
                -112.39584349030906,
                67.67915343991795
              ],
              [
                -115.02887725364425,
                67.78665160282604
              ],
              [
                -115.5226440186172,
                67.89415742900829
              ],
              [
                -115.23229218268514,
                68.18171689459435
              ],
              [
                -114.02104186663107,
                68.244010901267
              ],
              [
                -114.98402405231829,
                68.86095431191048
              ],
              [
                -117.870536799599,
                68.98553466198165
              ],
              [
                -122.05318451043148,
                69.81345365710283
              ],
              [
                -122.96104430407695,
                69.83200073962273
              ],
              [
                -123.47194672627637,
                69.38248442777213
              ],
              [
                -124.44666288279902,
                69.36720276432699
              ],
              [
                -124.04083253461947,
                69.70138547471608
              ],
              [
                -124.49673460097779,
                69.7238006668957
              ],
              [
                -124.43611147616684,
                70.15109250414183
              ],
              [
                -125.19755554356118,
                70.00267026766785
              ],
              [
                -124.7644500469142,
                69.97082521495896
              ],
              [
                -125.42083742445561,
                69.31259917018458
              ],
              [
                -128.00180056504473,
                70.58956909170178
              ],
              [
                -128.1977691539567,
                70.39720915588126
              ],
              [
                -127.585006721986,
                70.22943115979751
              ],
              [
                -128.9250183091654,
                69.6808166706622
              ],
              [
                -128.89404295164672,
                69.97039797301943
              ],
              [
                -130.90069578053502,
                69.34679413998882
              ],
              [
                -131.13096616414077,
                69.61442563562099
              ],
              [
                -131.134582538125,
                69.36463164941561
              ],
              [
                -131.2644500864235,
                69.50138093315451
              ],
              [
                -131.964508043469,
                69.3999176274633
              ],
              [
                -132.8681030233747,
                69.06401062276774
              ],
              [
                -132.47825624845922,
                68.80463408673575
              ],
              [
                -133.27153015725133,
                68.85817721049419
              ],
              [
                -133.16418456840336,
                68.70721433934969
              ],
              [
                -133.46360776191827,
                68.89054106110241
              ],
              [
                -132.76403806491263,
                69.25165557070501
              ],
              [
                -130.92388916956364,
                69.56526181376604
              ],
              [
                -129.40747068196833,
                70.10317992786463
              ],
              [
                -129.6826476793448,
                70.26548006576446
              ],
              [
                -129.9692993062256,
                70.07054901503257
              ],
              [
                -130.89224244008548,
                70.0991516384892
              ],
              [
                -131.19068911352065,
                69.8248519995771
              ],
              [
                -131.41700743716245,
                69.95401763805668
              ],
              [
                -132.5359649667235,
                69.74039459401891
              ],
              [
                -134.55860903215003,
                69.08526612532941
              ],
              [
                -134.2827758741252,
                68.68136594272404
              ],
              [
                -134.8102874923776,
                68.92442321951222
              ],
              [
                -135.61755373314065,
                68.88658139548289
              ],
              [
                -135.16000365950592,
                68.6572113025454
              ],
              [
                -137.41915895225998,
                68.98887636808648
              ],
              [
                -139.1430664074422,
                69.51081845695794
              ],
              [
                -141.3820800804633,
                69.63970948517671
              ],
              [
                -143.21554567883985,
                70.11025998653574
              ],
              [
                -145.02487184834888,
                69.98706818717271
              ],
              [
                -149.1747131400853,
                70.49081420605235
              ],
              [
                -151.27334594407213,
                70.39443971773913
              ],
              [
                -152.6194610698429,
                70.55838774767818
              ],
              [
                -152.07736203469017,
                70.57839200466212
              ],
              [
                -152.43527220093696,
                70.8699798748608
              ],
              [
                -154.61262509572984,
                70.82762144379758
              ],
              [
                -155.07443237744883,
                71.14888001349243
              ],
              [
                -155.91070555140416,
                70.82263184565355
              ],
              [
                -155.592498751005,
                71.16831972340644
              ],
              [
                -156.5967254849267,
                71.35144040103565
              ],
              [
                -157.97943113153048,
                70.83749387281472
              ],
              [
                -159.6723632868126,
                70.79608914486452
              ],
              [
                -160.0362548978315,
                70.62997436736832
              ],
              [
                -159.30564882520684,
                70.53067780923426
              ],
              [
                -159.8361205991765,
                70.26832579093666
              ],
              [
                -160.16390989178367,
                70.58970639683217
              ],
              [
                -162.11421201525636,
                70.15429684749765
              ],
              [
                -161.94223022353316,
                70.30720521076466
              ],
              [
                -163.90417481950007,
                69.01693726143986
              ],
              [
                -166.23242184644434,
                68.87233732783642
              ],
              [
                -166.3791503840899,
                68.31053163578305
              ],
              [
                -164.12414553214913,
                67.60998536107907
              ],
              [
                -163.72720337201423,
                67.1122055180418
              ],
              [
                -161.6677856162165,
                67.02053835433766
              ],
              [
                -161.8977966584912,
                66.72831725569455
              ],
              [
                -161.49728393116123,
                66.53331758120675
              ],
              [
                -160.26419069089025,
                66.6474914354317
              ],
              [
                -160.23500058815978,
                66.39804840413579
              ],
              [
                -161.6302795357855,
                66.45610047165397
              ],
              [
                -162.32957456491175,
                66.95574951978367
              ],
              [
                -162.50474548867965,
                66.74011990790446
              ],
              [
                -161.87222287212634,
                66.37109373033697
              ],
              [
                -161.12304690001508,
                66.33748623980657
              ],
              [
                -161.09109496479806,
                66.12248230833482
              ],
              [
                -161.48553469139608,
                66.2702636530902
              ],
              [
                -161.84054566240732,
                66.00846097055138
              ],
              [
                -163.65640261244727,
                66.07054138506359
              ],
              [
                -164.06222535497125,
                66.18942262151623
              ],
              [
                -163.64236447368708,
                66.56671902761364
              ],
              [
                -164.36193848529527,
                66.59387968791737
              ],
              [
                -165.75709533910174,
                66.32123566193725
              ],
              [
                -165.51129149875675,
                66.15713500031947
              ],
              [
                -166.25988771248694,
                66.1801224028432
              ],
              [
                -168.12983706442552,
                65.64866638790103
              ],
              [
                -166.05416867313988,
                65.25002286566354
              ],
              [
                -166.95979309547232,
                65.17990874698577
              ],
              [
                -166.12136838527096,
                64.57470702807049
              ],
              [
                -165.02862547617474,
                64.44386290207365
              ],
              [
                -163.8219299106696,
                64.58915708222186
              ],
              [
                -163.1913147003424,
                64.4104690613223
              ],
              [
                -163.17001344861012,
                64.65525818045393
              ],
              [
                -162.7902831751131,
                64.33610534021588
              ],
              [
                -161.1745757926579,
                64.93803403440084
              ],
              [
                -160.78279113127547,
                64.7191543299952
              ],
              [
                -161.5291747906593,
                64.41886904694567
              ],
              [
                -160.770843510661,
                63.84860609637778
              ],
              [
                -161.1516723404384,
                63.512496965623704
              ],
              [
                -162.30598447180304,
                63.54062273752382
              ],
              [
                -163.11166383862724,
                63.0519332662083
              ],
              [
                -164.40112305324354,
                63.21499252919963
              ],
              [
                -164.88751221708068,
                62.78137970075527
              ],
              [
                -164.4933624272918,
                62.74673081159841
              ],
              [
                -165.67707825354736,
                62.13735197445675
              ],
              [
                -165.82695005882982,
                61.68124006114713
              ],
              [
                -166.14770509955508,
                61.71377561519161
              ],
              [
                -165.41973876559769,
                61.07054901794599
              ],
              [
                -164.71936033388357,
                61.62533566942859
              ],
              [
                -165.28633118796364,
                61.214050280031834
              ],
              [
                -164.8220824908081,
                61.10305023130322
              ],
              [
                -165.1268005458245,
                60.91888043415478
              ],
              [
                -163.67304995201525,
                60.990684506451764
              ],
              [
                -163.41250612070974,
                60.75721358231798
              ],
              [
                -163.78681943888597,
                60.577701557780216
              ],
              [
                -163.86526491943118,
                60.77415846435066
              ],
              [
                -164.25256345402056,
                60.64274218562831
              ],
              [
                -164.71014406551478,
                60.909019471239596
              ],
              [
                -165.3855590647232,
                60.51721193527188
              ],
              [
                -164.9796447662394,
                60.540409069509685
              ],
              [
                -164.13819882460183,
                59.847629551984625
              ],
              [
                -163.65945432412434,
                59.794994382168625
              ],
              [
                -162.51069639559228,
                60.000827794442166
              ],
              [
                -162.2797241021676,
                60.59915924401902
              ],
              [
                -161.87942502461672,
                60.70221708692328
              ],
              [
                -162.36958313649822,
                60.19732664735543
              ],
              [
                -161.70964051831012,
                59.496936807157965
              ],
              [
                -161.99401857274427,
                59.147075671625075
              ],
              [
                -161.5684051653968,
                59.10665892985658
              ],
              [
                -162.0783996336538,
                58.61985018735406
              ],
              [
                -160.32276916196332,
                59.0583267172954
              ],
              [
                -159.91430662315346,
                58.77040863352572
              ],
              [
                -159.62089541227013,
                58.94408798452372
              ],
              [
                -158.89752197237672,
                58.395545979590686
              ],
              [
                -158.44862367765944,
                59.09871672403222
              ],
              [
                -157.9927673604717,
                58.904991169707465
              ],
              [
                -158.47154234119006,
                58.97512816297052
              ],
              [
                -158.19096377265976,
                58.60680009239419
              ],
              [
                -156.78181458688235,
                59.15124132374951
              ],
              [
                -157.5513915776762,
                58.3877716167562
              ],
              [
                -157.70693967961049,
                57.66499326179219
              ],
              [
                -157.39791872495786,
                57.49277114287683
              ],
              [
                -158.28527833830535,
                57.3241653403271
              ],
              [
                -158.63903806373884,
                56.762912729241705
              ],
              [
                -159.03500364617543,
                56.80499268959775
              ],
              [
                -160.34695434000142,
                56.285552976644574
              ],
              [
                -160.57402038025134,
                55.993740105802075
              ],
              [
                -160.25007632271863,
                55.77151869529162
              ],
              [
                -161.8076324184217,
                55.883739451738506
              ],
              [
                -163.3262481914336,
                55.11707686749132
              ],
              [
                -163.35290526514913,
                54.80971527097985
              ],
              [
                -163.17944336675797,
                55.13957595235658
              ],
              [
                -162.56694033373694,
                54.95797727011952
              ],
              [
                -162.63638308045523,
                55.29735568039474
              ],
              [
                -162.4450378658481,
                55.036426553492525
              ],
              [
                -161.95944211017107,
                55.125823947577764
              ],
              [
                -161.56250000765476,
                55.62276457566569
              ],
              [
                -161.1452789226565,
                55.530269605495555
              ],
              [
                -161.48373411005954,
                55.48346330639153
              ],
              [
                -161.24888610131956,
                55.34790799533923
              ],
              [
                -159.84263611077768,
                55.85026932395711
              ],
              [
                -159.6672363259196,
                55.577217127794974
              ],
              [
                -158.1264496059852,
                56.235198984930825
              ],
              [
                -158.6374206519405,
                56.25874327125032
              ],
              [
                -158.4284820579265,
                56.440128303708306
              ],
              [
                -156.55229186226612,
                56.978878027100656
              ],
              [
                -156.48999024993788,
                57.33110809386781
              ],
              [
                -155.0334014789934,
                58.014610267305144
              ],
              [
                -154.23567198126773,
                58.13068772492841
              ],
              [
                -153.2611846858353,
                58.859573363692974
              ],
              [
                -154.2569580216889,
                59.13276672543189
              ],
              [
                -153.04264833068356,
                59.709438305092824
              ],
              [
                -153.2258300840317,
                59.86513137543168
              ],
              [
                -152.71630860688487,
                59.91659164431861
              ],
              [
                -152.59609983782443,
                60.09443664744104
              ],
              [
                -153.07888795422568,
                60.298187262461674
              ],
              [
                -152.4217834555542,
                60.29325868241797
              ],
              [
                -151.5836181443025,
                60.97693636211934
              ],
              [
                -149.6348572032167,
                61.487354269488065
              ],
              [
                -149.25204468018316,
                61.492492696483055
              ],
              [
                -150.06201173533245,
                61.15776825599074
              ],
              [
                -149.2280578829944,
                60.891937284076505
              ],
              [
                -150.4041747950609,
                61.03680036183881
              ],
              [
                -151.40673825277648,
                60.72811129033813
              ],
              [
                -151.30264281407355,
                60.388328570327275
              ],
              [
                -151.87831113862305,
                59.75999448048369
              ],
              [
                -151.4692230346429,
                59.63673019691838
              ],
              [
                -150.99789427881626,
                59.78082654393362
              ],
              [
                -151.89916993710466,
                59.40804288442372
              ],
              [
                -151.7460937308478,
                59.162490837372836
              ],
              [
                -150.24986266977461,
                59.49499511786323
              ],
              [
                -149.41973878358127,
                60.11624142814293
              ],
              [
                -149.232772813259,
                59.902904518086515
              ],
              [
                -148.43852232676858,
                59.9484596292314
              ],
              [
                -147.93785095176992,
                60.45137784164505
              ],
              [
                -148.08547972246515,
                60.600131961270975
              ],
              [
                -148.68714907531904,
                60.451587688596334
              ],
              [
                -148.20457460869687,
                60.61748887393207
              ],
              [
                -148.69236753455328,
                60.78812025846216
              ],
              [
                -147.73776245990413,
                61.27443313526924
              ],
              [
                -147.8604125867825,
                60.83138658584923
              ],
              [
                -147.55096433257174,
                61.15318296758234
              ],
              [
                -147.36694336427425,
                60.88777163195208
              ],
              [
                -146.2968139705884,
                61.12929533200894
              ],
              [
                -146.7554321202627,
                60.95249178513156
              ],
              [
                -146.12525942080475,
                60.84540559523328
              ],
              [
                -146.64402770417985,
                60.694084163523755
              ],
              [
                -145.7177734596932,
                60.64499662869887
              ],
              [
                -145.28846739133147,
                60.35068892997506
              ],
              [
                -144.6113891735355,
                60.715545652590336
              ],
              [
                -144.93153380278304,
                60.2973556531679
              ],
              [
                -143.90057370811573,
                59.991104136657384
              ],
              [
                -141.7309570326423,
                59.95332719117477
              ],
              [
                -141.3848571818796,
                60.13790896133302
              ],
              [
                -141.37664797145,
                59.86638642383721
              ],
              [
                -140.4033508458764,
                59.69804382306493
              ],
              [
                -139.49999999599063,
                60.033050537092215
              ],
              [
                -139.14755247661662,
                59.839790368222026
              ],
              [
                -139.48124692696584,
                59.98505781333856
              ],
              [
                -139.71054079049185,
                59.49582672715701
              ],
              [
                -138.43922423342258,
                59.18464277015641
              ],
              [
                -136.6589050547244,
                58.21651841226501
              ],
              [
                -136.04446413523647,
                58.42749025153354
              ],
              [
                -137.0386200016731,
                59.067909267122005
              ],
              [
                -136.2365112020439,
                58.7517280487032
              ],
              [
                -135.76594543175517,
                58.89596175846745
              ],
              [
                -135.91035459016484,
                58.38110353109489
              ],
              [
                -135.47090148252516,
                58.471446965019
              ],
              [
                -135.08554077678411,
                58.23304746084151
              ],
              [
                -135.34783938263695,
                59.46415712309355
              ],
              [
                -134.75764465928742,
                58.381969423457306
              ],
              [
                -134.1805572461703,
                58.197071096695446
              ],
              [
                -133.77403259382737,
                58.51499556594104
              ],
              [
                -134.0597229119396,
                58.07888030395979
              ],
              [
                -133.70060730690426,
                57.79152296443226
              ],
              [
                -133.13110353904648,
                57.85332871106506
              ],
              [
                -133.5443420262213,
                57.90814970019573
              ],
              [
                -133.00642396974132,
                57.51395035840845
              ],
              [
                -133.64056394047438,
                57.69638059232068
              ],
              [
                -133.50836180162884,
                57.19360348786521
              ],
              [
                -132.90527341782595,
                57.03305051885715
              ],
              [
                -131.9008483606735,
                56.22693250161008
              ],
              [
                -132.1680602776403,
                55.58443835204287
              ],
              [
                -131.95498656936135,
                55.50110623779677
              ],
              [
                -131.80264281078288,
                55.881797762443775
              ],
              [
                -131.20721435926936,
                56.011409772239
              ],
              [
                -130.88639830044377,
                55.70790862211309
              ],
              [
                -131.05876158493592,
                55.12748716616531
              ],
              [
                -130.47415160227843,
                55.32593156881969
              ],
              [
                -131.00779723936301,
                55.00020219888014
              ],
              [
                -130.86886593913727,
                54.771934522669454
              ],
              [
                -129.99365232725359,
                55.28103636353232
              ],
              [
                -129.96611023179952,
                55.92249297491946
              ],
              [
                -130.160629251903,
                55.080478683384165
              ],
              [
                -129.66300964620007,
                55.41221237268113
              ],
              [
                -129.97555541887712,
                55.066940328384426
              ],
              [
                -129.62374879122171,
                55.00013351750564
              ],
              [
                -130.16790769142347,
                54.854087817921496
              ],
              [
                -129.96012878702743,
                54.31964491223036
              ],
              [
                -130.35598754457445,
                54.525184642485584
              ],
              [
                -130.48110962474885,
                54.36471556616316
              ],
              [
                -130.07824709556078,
                54.17929458105557
              ],
              [
                -129.47428895894907,
                54.23936462489855
              ],
              [
                -130.10026552604174,
                53.94429399825546
              ],
              [
                -129.27279664744538,
                53.37915800858061
              ],
              [
                -128.60617067466626,
                54.029785139165945
              ],
              [
                -128.81484986973058,
                53.62123870767044
              ],
              [
                -127.87092590118841,
                53.237174996677744
              ],
              [
                -128.96957396802665,
                53.5531845116603
              ],
              [
                -128.43861387639853,
                52.82082746731607
              ],
              [
                -128.1316528444135,
                52.87638090412515
              ],
              [
                -128.39389037454742,
                52.29138182304314
              ],
              [
                -128.05528261308424,
                52.47457123966546
              ],
              [
                -127.87304689957497,
                52.22332002137743
              ],
              [
                -127.61499023287661,
                52.293327315165655
              ],
              [
                -126.97416684993392,
                52.83367157577105
              ],
              [
                -127.22805786450783,
                52.453048732498544
              ],
              [
                -126.67540742272293,
                51.99089429869788
              ],
              [
                -127.07073971909647,
                52.22379687293395
              ],
              [
                -127.58029173410277,
                52.12915802979197
              ],
              [
                -127.87610627452622,
                51.66860199365074
              ],
              [
                -127.65915679331337,
                51.45749665207959
              ],
              [
                -127.3472519123549,
                51.857944500862814
              ],
              [
                -126.62000275714621,
                51.67999267285085
              ],
              [
                -127.49639126995895,
                51.61429980241941
              ],
              [
                -127.7833328336489,
                51.34999468634372
              ],
              [
                -127.13256834031456,
                51.32846451590263
              ],
              [
                -127.78999331365465,
                51.16554261566031
              ],
              [
                -126.65763853705204,
                51.19033434472976
              ],
              [
                -127.47468565087243,
                51.001190160748415
              ],
              [
                -127.06492617493282,
                50.833740244988846
              ],
              [
                -126.17929840392878,
                50.948043798688644
              ],
              [
                -126.49333188892935,
                50.81638338994635
              ],
              [
                -126.04989624108484,
                50.70680617499453
              ],
              [
                -125.731109624686,
                50.735549906409354
              ],
              [
                -125.61081696293992,
                51.08776856469316
              ],
              [
                -125.62013245054268,
                50.75208281543224
              ],
              [
                -126.27021024536921,
                50.627353694128715
              ],
              [
                -125.70368195977704,
                50.42950437640374
              ],
              [
                -125.46798707281354,
                50.711242692170586
              ],
              [
                -125.48832701577723,
                50.45638276317249
              ],
              [
                -125.11672972329835,
                50.47734832892504
              ],
              [
                -124.80693817745228,
                50.91957853798101
              ],
              [
                -125.07528685183313,
                50.32096861769698
              ],
              [
                -124.35652163255202,
                50.495929694513585
              ],
              [
                -124.77306368231663,
                49.985824598539295
              ],
              [
                -124.43277743333618,
                49.76763533785064
              ],
              [
                -123.98221586241274,
                49.80374145909015
              ],
              [
                -123.82598111958926,
                50.15457536949359
              ],
              [
                -123.6389007763405,
                49.63499449096363
              ],
              [
                -124.0305557382481,
                49.71651841821762
              ],
              [
                -123.96167753859974,
                49.511939996731
              ],
              [
                -123.51653292299709,
                49.38547517263765
              ],
              [
                -123.20162202191355,
                49.61571501838392
              ],
              [
                -123.17894743078425,
                49.34588243450735
              ],
              [
                -122.85513307272635,
                49.43811414528143
              ],
              [
                -123.20736694232127,
                49.12540819288867
              ],
              [
                -122.50000000789585,
                48.74485397337207
              ],
              [
                -122.31353762416181,
                47.37179563990441
              ],
              [
                -122.71694948910871,
                47.12026975373698
              ],
              [
                -122.98006437770698,
                47.180477160328955
              ],
              [
                -122.79750058387353,
                47.39527130246801
              ],
              [
                -122.54776761576849,
                47.28804780743933
              ],
              [
                -122.51409910713775,
                47.922073347627276
              ],
              [
                -123.14792632409495,
                47.37165453194623
              ],
              [
                -122.63027952920416,
                47.91582489824993
              ],
              [
                -122.7774963268896,
                48.11048128110243
              ],
              [
                -124.71430970497953,
                48.39707563509209
              ],
              [
                -124.15306089672191,
                47.09110258321041
              ],
              [
                -123.80124666341095,
                46.97679136623644
              ],
              [
                -124.09750365708507,
                46.86138153536346
              ],
              [
                -124.00000001701338,
                46.32360838966945
              ],
              [
                -123.16357421137931,
                46.19519041017942
              ],
              [
                -123.95195007798718,
                46.181106579867254
              ],
              [
                -124.13137815222069,
                43.92082979862889
              ],
              [
                -124.52443693376617,
                42.86610410458885
              ],
              [
                -124.03999326205152,
                41.42777253697373
              ],
              [
                -124.37582397971701,
                40.44769669802146
              ],
              [
                -123.77236176641935,
                39.70971296664238
              ],
              [
                -123.70152280571875,
                38.93041231806373
              ],
              [
                -122.50548552935392,
                37.831039409202646
              ],
              [
                -122.4783248690502,
                38.119571707277856
              ],
              [
                -122.01583860971618,
                38.066101067721696
              ],
              [
                -122.3934097413116,
                37.959159846227976
              ],
              [
                -122.02318573061115,
                37.45790865522966
              ],
              [
                -122.48430631382232,
                37.78992461806159
              ],
              [
                -122.38834379851889,
                37.22026827614366
              ],
              [
                -121.79916379638273,
                36.8840179221942
              ],
              [
                -121.86763002302128,
                36.31533815797461
              ],
              [
                -120.61819459130257,
                35.13943864089634
              ],
              [
                -120.55832673113673,
                34.561935451941636
              ],
              [
                -118.53000642667695,
                34.047912579072026
              ],
              [
                -117.4950027737045,
                33.34221646888971
              ],
              [
                -115.69667052169689,
                29.77423289201232
              ],
              [
                -114.16771699183187,
                28.671871190988377
              ],
              [
                -114.15077971545475,
                28.01950645619932
              ]
            ]
          ],
          [
            [
              [
                -74.00444793691447,
                40.580413818196725
              ],
              [
                -71.86679840092933,
                41.07478332529593
              ],
              [
                -73.58944702131545,
                40.92054748576288
              ],
              [
                -74.00444793691447,
                40.580413818196725
              ]
            ]
          ],
          [
            [
              [
                -176.93862915053325,
                51.58443450919205
              ],
              [
                -176.42752075192269,
                51.73234558119404
              ],
              [
                -176.55976867682105,
                51.9847106933298
              ],
              [
                -176.93862915053325,
                51.58443450919205
              ]
            ]
          ],
          [
            [
              [
                -61.168334960882895,
                45.55138397238151
              ],
              [
                -59.84055328366478,
                45.938323974660875
              ],
              [
                -59.8730545043892,
                46.17582702659699
              ],
              [
                -60.2852783199464,
                46.32138061519712
              ],
              [
                -60.78722381634079,
                45.936168670249316
              ],
              [
                -60.46694183387441,
                45.938041687276055
              ],
              [
                -61.14653015124334,
                45.70152282694441
              ],
              [
                -60.44388580309537,
                46.326942444279545
              ],
              [
                -60.30583190932664,
                46.84429931604623
              ],
              [
                -60.595554351500084,
                47.03013229378468
              ],
              [
                -61.52749633785062,
                45.98943328877139
              ],
              [
                -61.168334960882895,
                45.55138397238151
              ]
            ]
          ],
          [
            [
              [
                -62.7611160282886,
                45.95416259704006
              ],
              [
                -61.97461700445137,
                46.454711914561784
              ],
              [
                -63.78028106726533,
                46.444992065250176
              ],
              [
                -64.02084350530289,
                47.03860473589193
              ],
              [
                -64.17568969724312,
                46.951099395154365
              ],
              [
                -64.41472625757125,
                46.66818618833151
              ],
              [
                -64.10556030255086,
                46.61804962180678
              ],
              [
                -64.12734985394692,
                46.41092681862898
              ],
              [
                -63.25764465339456,
                46.13777160656
              ],
              [
                -62.99701309255376,
                46.29415893588703
              ],
              [
                -62.7611160282886,
                45.95416259704006
              ]
            ]
          ],
          [
            [
              [
                -53.571392058940745,
                46.61547851618936
              ],
              [
                -53.09666824311825,
                46.63999176096702
              ],
              [
                -52.61736297623223,
                47.50846862909539
              ],
              [
                -52.77968597394964,
                47.797672271242895
              ],
              [
                -53.11854171674026,
                47.417907716007335
              ],
              [
                -53.261672971993775,
                47.54638671985803
              ],
              [
                -52.99694824118477,
                48.08638000601989
              ],
              [
                -53.545207978058606,
                47.54103469738674
              ],
              [
                -53.837501525448175,
                47.69943237180985
              ],
              [
                -53.6068077088283,
                48.04874420238168
              ],
              [
                -53.93735885766223,
                48.232074738987436
              ],
              [
                -53.626251221735195,
                48.17318344277563
              ],
              [
                -52.98722076480885,
                48.54804992638407
              ],
              [
                -53.07201385477838,
                48.69797515988849
              ],
              [
                -53.898197174763396,
                48.56262970110301
              ],
              [
                -53.60718536275474,
                48.6809616076967
              ],
              [
                -53.932220458913136,
                48.71393585354812
              ],
              [
                -53.511116027030525,
                49.2772140489541
              ],
              [
                -54.474716185950086,
                49.5349960313867
              ],
              [
                -55.23166274882286,
                49.25235366693142
              ],
              [
                -55.14131927621473,
                49.54333114550091
              ],
              [
                -55.63694763060806,
                49.41638183766859
              ],
              [
                -55.89389038170678,
                49.71415710429453
              ],
              [
                -56.12416839767941,
                49.61332702722376
              ],
              [
                -55.46104049662266,
                49.95971298275778
              ],
              [
                -56.1226348883794,
                50.15450286868288
              ],
              [
                -56.820999145564585,
                49.74209594823825
              ],
              [
                -55.7340278613859,
                51.077079771518974
              ],
              [
                -56.081947326219925,
                51.369018555100254
              ],
              [
                -55.61375045812659,
                51.302837373267025
              ],
              [
                -55.406768798195195,
                51.56446838207622
              ],
              [
                -55.960281370504454,
                51.593879698481004
              ],
              [
                -56.68250274817418,
                51.33943176169409
              ],
              [
                -57.37860870488789,
                50.68776703019052
              ],
              [
                -58.21986007692297,
                49.396381377076125
              ],
              [
                -58.13527679391789,
                49.082771300274004
              ],
              [
                -58.398471832184626,
                49.12943267923482
              ],
              [
                -58.726943970830106,
                48.5637397762403
              ],
              [
                -58.90888977173745,
                48.701934813145876
              ],
              [
                -59.230827332614396,
                48.52610397260209
              ],
              [
                -58.418334962496516,
                48.48665618929718
              ],
              [
                -59.38486099297779,
                47.919578550604236
              ],
              [
                -59.30347061205618,
                47.61166000347903
              ],
              [
                -56.84083557247669,
                47.52137756423375
              ],
              [
                -55.854236601242974,
                47.7972145071171
              ],
              [
                -55.6341667158902,
                47.67304992728428
              ],
              [
                -56.16677093634698,
                47.50165939424181
              ],
              [
                -55.56145858632782,
                47.43408965995243
              ],
              [
                -55.4054145826543,
                47.6206169119233
              ],
              [
                -54.84555053614117,
                47.633880614346054
              ],
              [
                -55.981628416598426,
                46.94926071035148
              ],
              [
                -55.392082213353206,
                46.865829469438324
              ],
              [
                -54.8563919078882,
                47.390548706391215
              ],
              [
                -54.47756195078854,
                47.3983955396982
              ],
              [
                -54.19617843507214,
                47.84124374496163
              ],
              [
                -53.86750030621995,
                47.402770997078925
              ],
              [
                -54.18687057610122,
                46.82186889499602
              ],
              [
                -53.577781676389336,
                47.08526611366392
              ],
              [
                -53.571392058940745,
                46.61547851618936
              ]
            ]
          ],
          [
            [
              [
                -123.59834289502918,
                48.311660765894324
              ],
              [
                -123.2929840089561,
                48.412071226870246
              ],
              [
                -123.40756988464113,
                48.68200302080646
              ],
              [
                -123.94304656902014,
                49.21110534681533
              ],
              [
                -124.78943634058633,
                49.46415710379514
              ],
              [
                -125.45639038092737,
                50.32666397166474
              ],
              [
                -127.9140243527329,
                50.87179565396047
              ],
              [
                -128.4132690428492,
                50.77089309600029
              ],
              [
                -128.05142211974413,
                50.446693419175524
              ],
              [
                -127.59620666578931,
                50.5453033459978
              ],
              [
                -127.87422943193425,
                50.62158584696709
              ],
              [
                -127.4169464119666,
                50.57960891642701
              ],
              [
                -127.92332458403517,
                50.46172714343458
              ],
              [
                -127.8944473276709,
                50.10881423906609
              ],
              [
                -126.6797180164607,
                49.878875732602815
              ],
              [
                -126.53569793668244,
                49.37408447288343
              ],
              [
                -125.94721984774209,
                49.39554596030607
              ],
              [
                -125.50473022388634,
                48.91902160705922
              ],
              [
                -124.93694305546589,
                48.98804473902703
              ],
              [
                -124.80700683593999,
                49.23561477714846
              ],
              [
                -125.10152435427464,
                48.72484970158645
              ],
              [
                -123.59834289502918,
                48.311660765894324
              ]
            ]
          ],
          [
            [
              [
                -62.02458190885145,
                49.06944274860861
              ],
              [
                -61.66479110724404,
                49.144229889104274
              ],
              [
                -61.82347488352226,
                49.31054687502792
              ],
              [
                -62.71055602957966,
                49.660820007445935
              ],
              [
                -64.49958038299181,
                49.87915801944335
              ],
              [
                -63.09388732862538,
                49.22929382254568
              ],
              [
                -62.02458190885145,
                49.06944274860861
              ]
            ]
          ],
          [
            [
              [
                -77.21806335441352,
                25.879165649438512
              ],
              [
                -77.04223632798573,
                26.50888824445606
              ],
              [
                -77.54667663570476,
                26.89666366602961
              ],
              [
                -77.95028686516186,
                26.897777557316964
              ],
              [
                -77.15417480485976,
                26.554582595571524
              ],
              [
                -77.39805603011916,
                26.026386261139418
              ],
              [
                -77.21806335441352,
                25.879165649438512
              ]
            ]
          ],
          [
            [
              [
                -78.708618164076,
                26.48971939096695
              ],
              [
                -77.91723632796305,
                26.745277404768462
              ],
              [
                -78.97889709470164,
                26.69527435310767
              ],
              [
                -78.708618164076,
                26.48971939096695
              ]
            ]
          ],
          [
            [
              [
                -61.90951538094773,
                10.040346145444879
              ],
              [
                -61.00444793690253,
                10.149581909062023
              ],
              [
                -60.90923690798255,
                10.82701301555192
              ],
              [
                -61.66201782221575,
                10.708401680037014
              ],
              [
                -61.453754425304005,
                10.294164657696976
              ],
              [
                -61.90951538094773,
                10.040346145444879
              ]
            ]
          ],
          [
            [
              [
                -59.53305816653835,
                13.050554275519366
              ],
              [
                -59.429168701134664,
                13.164999008214785
              ],
              [
                -59.63111114499957,
                13.334999084528054
              ],
              [
                -59.53305816653835,
                13.050554275519366
              ]
            ]
          ],
          [
            [
              [
                -61.3636169433576,
                15.198055267344088
              ],
              [
                -61.25333404549485,
                15.46138763433878
              ],
              [
                -61.452224731452375,
                15.631942749013335
              ],
              [
                -61.3636169433576,
                15.198055267344088
              ]
            ]
          ],
          [
            [
              [
                -61.68889236457807,
                15.947776794302767
              ],
              [
                -61.20555877686922,
                16.26721954348211
              ],
              [
                -61.46333694455307,
                16.51291465756789
              ],
              [
                -61.54187011712137,
                16.290248870811432
              ],
              [
                -61.78361511219719,
                16.33305358891743
              ],
              [
                -61.68889236457807,
                15.947776794302767
              ]
            ]
          ],
          [
            [
              [
                -81.26361846922303,
                19.26499748234495
              ],
              [
                -81.09764099119504,
                19.34541511531528
              ],
              [
                -81.39500427241619,
                19.326110839892817
              ],
              [
                -81.26361846922303,
                19.26499748234495
              ]
            ]
          ],
          [
            [
              [
                -73.66278076154168,
                20.91527557355273
              ],
              [
                -73.14972686771723,
                20.973888397262552
              ],
              [
                -73.00750732424757,
                21.323747634744326
              ],
              [
                -73.53063201903915,
                21.185762405362443
              ],
              [
                -73.66278076154168,
                20.91527557355273
              ]
            ]
          ],
          [
            [
              [
                -157.81307983411693,
                21.258884429957092
              ],
              [
                -157.6655883789204,
                21.324161529547155
              ],
              [
                -157.9439086914337,
                21.68444061268327
              ],
              [
                -158.2734985351421,
                21.577772140421114
              ],
              [
                -158.10057067878273,
                21.29444313048564
              ],
              [
                -157.81307983411693,
                21.258884429957092
              ]
            ]
          ],
          [
            [
              [
                -159.4514160157259,
                21.86999130247797
              ],
              [
                -159.29182434088673,
                22.14138412478594
              ],
              [
                -159.55265808104997,
                22.236103057979943
              ],
              [
                -159.78668212901587,
                22.022220611697968
              ],
              [
                -159.4514160157259,
                21.86999130247797
              ]
            ]
          ],
          [
            [
              [
                -77.60903930660135,
                23.727357864393102
              ],
              [
                -77.67792510984702,
                24.295135498033652
              ],
              [
                -77.87667846668765,
                24.073055267336994
              ],
              [
                -77.60903930660135,
                23.727357864393102
              ]
            ]
          ],
          [
            [
              [
                -75.46250915538538,
                24.12249755860711
              ],
              [
                -75.31472778310176,
                24.21388626110474
              ],
              [
                -75.73556518552301,
                24.696525573717103
              ],
              [
                -75.46250915538538,
                24.12249755860711
              ]
            ]
          ],
          [
            [
              [
                -82.89723205560372,
                21.432777404683915
              ],
              [
                -82.54306030274947,
                21.589721679847987
              ],
              [
                -82.9744567871474,
                21.94277572618488
              ],
              [
                -82.93507385250986,
                21.586595535412467
              ],
              [
                -83.19139862059036,
                21.6233997344901
              ],
              [
                -82.89723205560372,
                21.432777404683915
              ]
            ]
          ],
          [
            [
              [
                -155.66314697272546,
                18.925477981598867
              ],
              [
                -154.79782104523466,
                19.538085937280222
              ],
              [
                -155.18334960956832,
                19.985132217156103
              ],
              [
                -155.84654235806588,
                20.277633666960703
              ],
              [
                -156.04898071264168,
                19.735059738290605
              ],
              [
                -155.90029907198297,
                19.090339660877174
              ],
              [
                -155.66314697272546,
                18.925477981598867
              ]
            ]
          ],
          [
            [
              [
                -77.68112182811655,
                19.82194137790103
              ],
              [
                -76.24890136941755,
                19.990833280796576
              ],
              [
                -75.3555603012394,
                19.875553128634074
              ],
              [
                -75.09278869878338,
                20.05638885386958
              ],
              [
                -75.1213989241991,
                19.887496950974036
              ],
              [
                -74.13195800593935,
                20.22110748065016
              ],
              [
                -74.95556640569482,
                20.685276032616745
              ],
              [
                -75.73667907871861,
                20.696941377868413
              ],
              [
                -75.7072296138896,
                21.12194442611343
              ],
              [
                -76.02166747995426,
                21.08416366382074
              ],
              [
                -77.06195068271877,
                21.58499908635631
              ],
              [
                -77.25625610602674,
                21.472497940194145
              ],
              [
                -77.46528625343447,
                21.82611083866612
              ],
              [
                -77.7469482398084,
                21.799442292226388
              ],
              [
                -78.79055786297779,
                22.3949966426494
              ],
              [
                -79.25903320352299,
                22.372638704022997
              ],
              [
                -80.03764343524578,
                22.951248168738793
              ],
              [
                -80.63305664027887,
                23.098331448715083
              ],
              [
                -82.22056579688046,
                23.187496183836565
              ],
              [
                -83.22917175136857,
                22.998886109770808
              ],
              [
                -84.06993865899035,
                22.661525729063186
              ],
              [
                -84.40055847289598,
                22.332775117364385
              ],
              [
                -84.37187957885949,
                22.041456220946593
              ],
              [
                -84.95292663549023,
                21.863191605632828
              ],
              [
                -84.32833862348171,
                21.862777709235107
              ],
              [
                -83.9082031261403,
                22.170692444348433
              ],
              [
                -83.3680648792711,
                22.201663971218373
              ],
              [
                -82.78778839343289,
                22.660831448731393
              ],
              [
                -81.81278991957936,
                22.663608553429107
              ],
              [
                -81.6488952663595,
                22.491386410893977
              ],
              [
                -82.16265106017407,
                22.395275114194536
              ],
              [
                -81.82305908232748,
                22.183609007479017
              ],
              [
                -80.89111328383906,
                22.03971862990079
              ],
              [
                -80.49195861662146,
                22.17721938899133
              ],
              [
                -79.98779297107578,
                21.723609923478993
              ],
              [
                -78.74028014894643,
                21.634719846211087
              ],
              [
                -78.49514770698626,
                21.031803130966612
              ],
              [
                -78.07223510494714,
                20.713886263575628
              ],
              [
                -77.23638916208347,
                20.66305542014555
              ],
              [
                -77.11459350635276,
                20.367359159682604
              ],
              [
                -77.68112182811655,
                19.82194137790103
              ]
            ]
          ],
          [
            [
              [
                -77.16570281944128,
                17.697219849079083
              ],
              [
                -76.83292388937399,
                17.987081527828757
              ],
              [
                -76.22111511235481,
                17.904163360931253
              ],
              [
                -76.34167480462827,
                18.149719238272663
              ],
              [
                -76.94528198257615,
                18.394443512159903
              ],
              [
                -77.8644561769708,
                18.522499085022556
              ],
              [
                -78.33979797376925,
                18.360692978032816
              ],
              [
                -77.73556518525614,
                17.849998474434706
              ],
              [
                -77.16570281944128,
                17.697219849079083
              ]
            ]
          ],
          [
            [
              [
                -66.20445251478772,
                17.922222137305887
              ],
              [
                -65.88681793212484,
                17.987913131401687
              ],
              [
                -65.62695312468503,
                18.364997863521893
              ],
              [
                -67.08334350622549,
                18.519443512320546
              ],
              [
                -67.26639556880893,
                18.365415572770743
              ],
              [
                -67.18473052954712,
                17.932498931477728
              ],
              [
                -66.20445251478772,
                17.922222137305887
              ]
            ]
          ],
          [
            [
              [
                -71.42388915922838,
                17.604166030559078
              ],
              [
                -71.08125305101923,
                18.29916572549136
              ],
              [
                -70.69194793692722,
                18.432359696163676
              ],
              [
                -70.5075073237946,
                18.194721220705492
              ],
              [
                -69.88472747856035,
                18.469026566974645
              ],
              [
                -68.7616729728548,
                18.23694229173886
              ],
              [
                -68.32556152460097,
                18.616664885294412
              ],
              [
                -68.92389678824539,
                19.029859542438945
              ],
              [
                -69.6201477065281,
                19.088470458711104
              ],
              [
                -69.15792846534958,
                19.294998167857788
              ],
              [
                -69.75598144588508,
                19.29083251926477
              ],
              [
                -69.94931793186426,
                19.6768035904312
              ],
              [
                -70.99445342967186,
                19.930692672277004
              ],
              [
                -72.09750366208607,
                19.722499847518385
              ],
              [
                -72.79833984349723,
                19.942775725794544
              ],
              [
                -73.46528625420862,
                19.68777465944947
              ],
              [
                -72.72334289683556,
                19.45499801739742
              ],
              [
                -72.80029296763956,
                19.0330543528085
              ],
              [
                -72.3467407240886,
                18.53596878043283
              ],
              [
                -74.42236328076743,
                18.610137939423915
              ],
              [
                -74.44667053093075,
                18.341939927637398
              ],
              [
                -73.88166809202414,
                18.022777556499484
              ],
              [
                -73.45140075680018,
                18.25694275018092
              ],
              [
                -72.07236480625534,
                18.23999786325725
              ],
              [
                -71.42388915922838,
                17.604166030559078
              ]
            ]
          ],
          [
            [
              [
                -76.1683349610413,
                24.68999862672922
              ],
              [
                -76.12028503396262,
                25.133192062365335
              ],
              [
                -76.73529052753918,
                25.559165954569604
              ],
              [
                -76.16334533692219,
                25.127777099809503
              ],
              [
                -76.33688354510005,
                24.817705154606593
              ],
              [
                -76.1683349610413,
                24.68999862672922
              ]
            ]
          ],
          [
            [
              [
                -78.01966094973947,
                24.274650573752098
              ],
              [
                -77.72167968763625,
                24.528888702158785
              ],
              [
                -77.98771667470056,
                25.15020561226921
              ],
              [
                -78.20500183123649,
                25.20194244395851
              ],
              [
                -78.44014740002423,
                24.616664886355487
              ],
              [
                -78.01966094973947,
                24.274650573752098
              ]
            ]
          ],
          [
            [
              [
                -179.32473754867337,
                70.90524291954426
              ],
              [
                -177.4883575433683,
                71.17401123019353
              ],
              [
                -178.56860351517278,
                71.56414794864621
              ],
              [
                -179.99999999994046,
                71.53584289565079
              ],
              [
                -179.99999999994046,
                70.99720764108994
              ],
              [
                -179.32473754867337,
                70.90524291954426
              ]
            ]
          ],
          [
            [
              [
                -28.03583526587942,
                70.42637634225562
              ],
              [
                -26.213333129275863,
                70.58526611357463
              ],
              [
                -26.195831298474932,
                70.44999694835268
              ],
              [
                -25.296945572468083,
                70.6585998539586
              ],
              [
                -25.397638320709362,
                70.9144287102562
              ],
              [
                -25.802501678226765,
                71.05525207455013
              ],
              [
                -27.14958953879772,
                70.87438964860553
              ],
              [
                -28.03583526587942,
                70.42637634225562
              ]
            ]
          ],
          [
            [
              [
                -22.31138992360207,
                72.11276245150937
              ],
              [
                -22.76097488442857,
                72.43761444140091
              ],
              [
                -21.94694328260886,
                72.48109436029344
              ],
              [
                -23.149168014452936,
                72.83679962193776
              ],
              [
                -24.396528243620978,
                72.85567474407026
              ],
              [
                -24.34749984757253,
                72.5836029053969
              ],
              [
                -22.31138992360207,
                72.11276245150937
              ]
            ]
          ],
          [
            [
              [
                -94.54750061060831,
                74.62136840749126
              ],
              [
                -93.4904174809699,
                74.68484497020114
              ],
              [
                -93.49478912290166,
                75.25831603941961
              ],
              [
                -94.90972137498146,
                75.63735198959122
              ],
              [
                -96.61555480949559,
                74.98803710857945
              ],
              [
                -94.54750061060831,
                74.62136840749126
              ]
            ]
          ],
          [
            [
              [
                -120.35556030211474,
                75.80636596709992
              ],
              [
                -119.48513793875617,
                75.96818542489068
              ],
              [
                -119.58640289443989,
                76.31860351617739
              ],
              [
                -118.96014404475655,
                76.12956237694219
              ],
              [
                -118.32848358112585,
                76.77068328851372
              ],
              [
                -117.52390289464097,
                76.26361083973663
              ],
              [
                -116.07140350269458,
                76.625808715473
              ],
              [
                -116.27486419807873,
                77.186927793938
              ],
              [
                -115.3897323610179,
                77.30928039382628
              ],
              [
                -116.35109710691,
                77.53915405326937
              ],
              [
                -117.02061462504021,
                77.29949188324441
              ],
              [
                -119.15334320226488,
                77.32582092184232
              ],
              [
                -121.52375793446528,
                76.44066619851237
              ],
              [
                -122.60832977408694,
                76.34526824878436
              ],
              [
                -122.69638061637312,
                75.95555114659973
              ],
              [
                -121.26264190858949,
                75.96138000355018
              ],
              [
                -120.85722350949396,
                76.19664001420449
              ],
              [
                -120.35556030211474,
                75.80636596709992
              ]
            ]
          ],
          [
            [
              [
                -79.39138794014481,
                72.73332214443221
              ],
              [
                -76.06082153331523,
                72.90387725804499
              ],
              [
                -77.3955535884043,
                73.54582214467992
              ],
              [
                -80.85777282613905,
                73.74192809976283
              ],
              [
                -80.79750061098119,
                73.27693176312731
              ],
              [
                -79.39138794014481,
                72.73332214443221
              ]
            ]
          ],
          [
            [
              [
                -105.28277587929159,
                72.84664916946166
              ],
              [
                -104.5218124385251,
                73.57720947305776
              ],
              [
                -106.57224273678102,
                73.7119293211272
              ],
              [
                -107.00847625686211,
                73.4712371828817
              ],
              [
                -105.28277587929159,
                72.84664916946166
              ]
            ]
          ],
          [
            [
              [
                -96.84999084500507,
                77.7872009277519
              ],
              [
                -95.10652923517607,
                77.95249176024723
              ],
              [
                -94.83469390877467,
                78.35744476372562
              ],
              [
                -98.14445495521167,
                78.81666565015749
              ],
              [
                -98.38806152272497,
                78.46748352095901
              ],
              [
                -96.87805175758308,
                78.13568878249438
              ],
              [
                -97.76341247583119,
                78.02873229919341
              ],
              [
                -96.84999084500507,
                77.7872009277519
              ]
            ]
          ],
          [
            [
              [
                -112.08361816326136,
                77.32304382245293
              ],
              [
                -110.20333862348181,
                77.51138305726485
              ],
              [
                -110.89944457992834,
                77.8514404296866
              ],
              [
                -109.67778015112823,
                78.0919342046138
              ],
              [
                -113.2327804569754,
                77.90262603761917
              ],
              [
                -113.20137786849722,
                77.52665710506378
              ],
              [
                -112.08361816326136,
                77.32304382245293
              ]
            ]
          ],
          [
            [
              [
                -99.6027832038348,
                74.97109985215039
              ],
              [
                -97.57409667942139,
                75.14908599812253
              ],
              [
                -98.16500091662799,
                75.33165740933782
              ],
              [
                -97.75333404574664,
                75.56958007896374
              ],
              [
                -97.3997268679894,
                75.45554351725247
              ],
              [
                -97.51805877713892,
                76.200126647041
              ],
              [
                -98.5047302256272,
                76.68109130976008
              ],
              [
                -99.09999084396735,
                76.39804077234848
              ],
              [
                -99.68443298258215,
                76.63333130008479
              ],
              [
                -100.96278381258945,
                76.51026916538018
              ],
              [
                -99.84667205742137,
                76.28207397456703
              ],
              [
                -100.4388885486764,
                76.21249389589816
              ],
              [
                -99.42381286521211,
                76.15657806382528
              ],
              [
                -100.15278625602488,
                76.1324768072613
              ],
              [
                -99.88833618195264,
                75.88638305610922
              ],
              [
                -101.88583374103371,
                76.44497680599476
              ],
              [
                -101.18222045811181,
                75.77970886184265
              ],
              [
                -102.16306304915864,
                75.87886047486197
              ],
              [
                -102.87426757799687,
                75.61289214991507
              ],
              [
                -98.91680145354927,
                75.7061004634381
              ],
              [
                -100.76971435489186,
                75.34963226250063
              ],
              [
                -99.6027832038348,
                74.97109985215039
              ]
            ]
          ],
          [
            [
              [
                -113.28278350947218,
                74.84860229700774
              ],
              [
                -114.39695740049805,
                74.63916015867169
              ],
              [
                -112.54194641055244,
                74.40942382544479
              ],
              [
                -108.83249664213585,
                75.06999206642968
              ],
              [
                -108.3823623634789,
                74.9109573363735
              ],
              [
                -106.00077056830506,
                75.05921935794453
              ],
              [
                -105.4720840472559,
                75.85748290739093
              ],
              [
                -106.58583069141106,
                76.05859375062906
              ],
              [
                -106.89666747954749,
                75.72026062045236
              ],
              [
                -107.18666076437897,
                75.90386962957889
              ],
              [
                -108.02222442453811,
                75.78234863367081
              ],
              [
                -108.74804687738568,
                76.85581970143136
              ],
              [
                -110.39306640799357,
                76.39193725490117
              ],
              [
                -109.30825042656699,
                76.10408019812957
              ],
              [
                -110.05187225191244,
                75.89353180231798
              ],
              [
                -108.83486175604436,
                75.68900299040779
              ],
              [
                -108.89666748070223,
                75.47755431990875
              ],
              [
                -111.27139281999919,
                75.52249145270136
              ],
              [
                -111.44847107081515,
                75.83443451090088
              ],
              [
                -112.21952056678185,
                75.8092117334647
              ],
              [
                -111.7583465597862,
                75.94483947899154
              ],
              [
                -112.95667267088221,
                76.26361084018168
              ],
              [
                -113.9899902363791,
                76.19150543485539
              ],
              [
                -114.45140075728311,
                76.49693298457002
              ],
              [
                -115.90541839865271,
                76.34776306025181
              ],
              [
                -114.6769790678739,
                76.15873718464375
              ],
              [
                -116.64138793950504,
                76.11331176791494
              ],
              [
                -116.62389373974695,
                75.88192749056437
              ],
              [
                -114.80763244361563,
                75.88984680120481
              ],
              [
                -116.88667297109875,
                75.78692626882413
              ],
              [
                -117.22416686994723,
                75.57582092395116
              ],
              [
                -115.096656801222,
                75.6871948255607
              ],
              [
                -117.24054717787628,
                75.47360229264827
              ],
              [
                -117.41915893303847,
                75.18247985986827
              ],
              [
                -116.27777862288644,
                75.20582580733213
              ],
              [
                -115.68124389651128,
                74.96443175963967
              ],
              [
                -115.28527069237258,
                75.13762664832034
              ],
              [
                -115.03222656456805,
                74.9616546612737
              ],
              [
                -113.47112274012193,
                75.42776489146198
              ],
              [
                -113.91750335883428,
                75.05358886802763
              ],
              [
                -110.91610717671256,
                75.23143768504657
              ],
              [
                -113.28278350947218,
                74.84860229700774
              ]
            ]
          ],
          [
            [
              [
                -89.9373550453918,
                74.53151702538825
              ],
              [
                -88.53527832249605,
                74.90464019543353
              ],
              [
                -88.49694824356406,
                74.49775695691692
              ],
              [
                -85.6041717513303,
                74.49581909139425
              ],
              [
                -85.52388763625822,
                74.68845367482866
              ],
              [
                -85.259445191284,
                74.49053955452702
              ],
              [
                -83.60527801701348,
                74.54220580681104
              ],
              [
                -83.51139831321274,
                74.90165710806194
              ],
              [
                -82.91416930823985,
                74.54914855585496
              ],
              [
                -81.78500366035496,
                74.45776367483015
              ],
              [
                -79.37054443721337,
                74.87637329312285
              ],
              [
                -80.4340209945206,
                75.03401183645235
              ],
              [
                -79.58236694413348,
                75.4514465342297
              ],
              [
                -82.32722473267734,
                75.83692932137006
              ],
              [
                -83.87815093845865,
                75.81896209546103
              ],
              [
                -86.10514069042355,
                75.51638031231758
              ],
              [
                -85.67749786134532,
                75.41317748837217
              ],
              [
                -86.60854339215264,
                75.36595153886049
              ],
              [
                -87.26333618562643,
                75.62109375222069
              ],
              [
                -88.22888183235986,
                75.47109985182418
              ],
              [
                -88.7308349602276,
                75.67929076901869
              ],
              [
                -88.92138671443789,
                75.42720031764392
              ],
              [
                -89.76417541529347,
                75.57651519463825
              ],
              [
                -89.16749572603446,
                75.77596282845013
              ],
              [
                -89.92707824849894,
                76.00346374430116
              ],
              [
                -91.13311767451935,
                75.8449173012848
              ],
              [
                -90.19534301493965,
                76.05734253349762
              ],
              [
                -91.60195159473038,
                76.26207732767237
              ],
              [
                -90.30888366885239,
                76.13832091896313
              ],
              [
                -89.29902648536499,
                76.29762268349117
              ],
              [
                -91.40944671898427,
                76.45887756053313
              ],
              [
                -90.47215270952648,
                76.47484588784505
              ],
              [
                -91.41055298292954,
                76.68914795250609
              ],
              [
                -93.04638671480052,
                76.61608886331955
              ],
              [
                -93.54833984266826,
                76.3861083987495
              ],
              [
                -93.64639281939097,
                76.90554046988686
              ],
              [
                -96.77203369496999,
                76.98101806569608
              ],
              [
                -96.30874634147658,
                76.75263213868884
              ],
              [
                -96.91583251727299,
                76.71443175842327
              ],
              [
                -94.80651855662086,
                76.31942748687985
              ],
              [
                -95.38152313213574,
                76.23511505356538
              ],
              [
                -93.07778167720612,
                76.3556747456096
              ],
              [
                -92.10777283014781,
                75.85282898309002
              ],
              [
                -92.05152130236809,
                74.79317474724928
              ],
              [
                -91.1330566414449,
                74.62442016391014
              ],
              [
                -90.76500702051284,
                74.88290404861493
              ],
              [
                -91.01854705477083,
                74.70644378926836
              ],
              [
                -89.9373550453918,
                74.53151702538825
              ]
            ]
          ],
          [
            [
              [
                -111.50527954075808,
                78.26693725654978
              ],
              [
                -109.40499878029838,
                78.30636596585633
              ],
              [
                -110.41055297908869,
                78.75776672352954
              ],
              [
                -113.33332824697541,
                78.33081817699279
              ],
              [
                -111.50527954075808,
                78.26693725654978
              ]
            ]
          ],
          [
            [
              [
                -99.906951902658,
                77.77859496921123
              ],
              [
                -98.98916625992013,
                78.0730438239038
              ],
              [
                -99.9444427494812,
                78.72276306235712
              ],
              [
                -101.6489028947044,
                79.0758209212522
              ],
              [
                -102.55582427921726,
                78.8695678697541
              ],
              [
                -103.72250366099532,
                79.3569335939028
              ],
              [
                -105.43998718344281,
                79.32916259776657
              ],
              [
                -105.0119476309013,
                78.80358886618767
              ],
              [
                -104.20361328199229,
                78.99165344238028
              ],
              [
                -103.32208252077031,
                78.7314376834594
              ],
              [
                -103.5271530162263,
                78.49643707286792
              ],
              [
                -104.86860656764077,
                78.56053161714757
              ],
              [
                -104.82055664042849,
                78.35581970199507
              ],
              [
                -101.06276702960986,
                78.19859314066642
              ],
              [
                -99.906951902658,
                77.77859496921123
              ]
            ]
          ],
          [
            [
              [
                -79.23680878062535,
                81.8160858172941
              ],
              [
                -85.04695129791591,
                82.48193359216496
              ],
              [
                -86.86846160651855,
                82.19747924780607
              ],
              [
                -84.72583771334993,
                81.92521667718165
              ],
              [
                -86.84333801869867,
                82.05720520107808
              ],
              [
                -86.76834106331529,
                81.8902740440052
              ],
              [
                -88.08889007850773,
                82.09894562150335
              ],
              [
                -91.95304870533579,
                81.66040039190416
              ],
              [
                -89.59236145502766,
                81.62185669084317
              ],
              [
                -90.44305419995722,
                81.3666534492217
              ],
              [
                -87.31111144965621,
                81.48887633795295
              ],
              [
                -89.91639710056774,
                81.33692932545853
              ],
              [
                -88.94596862310084,
                81.24706268494442
              ],
              [
                -90.27722167644501,
                81.19720459551087
              ],
              [
                -89.82084655286374,
                81.01081847967806
              ],
              [
                -84.73728943091758,
                81.28428650424596
              ],
              [
                -89.38082884999591,
                80.93304443158064
              ],
              [
                -87.5947265565305,
                80.62858581168148
              ],
              [
                -85.68167114826042,
                81.04942321417955
              ],
              [
                -82.52305602530045,
                81.166381838187
              ],
              [
                -85.77416992904436,
                80.94886779782783
              ],
              [
                -86.08084106256311,
                80.52832031603401
              ],
              [
                -83.93472290607686,
                80.5344238340583
              ],
              [
                -83.25695800004583,
                80.83859253325319
              ],
              [
                -83.35694885311898,
                80.68553160906812
              ],
              [
                -81.76299286261501,
                80.8140029840837
              ],
              [
                -83.09666443127934,
                80.54165649445558
              ],
              [
                -80.91944885907904,
                80.65554808922886
              ],
              [
                -76.8558349573218,
                81.44552613087981
              ],
              [
                -78.93569183253466,
                80.87844849282455
              ],
              [
                -76.48632049427682,
                80.86928558463109
              ],
              [
                -79.96041870480427,
                80.61136626792022
              ],
              [
                -78.06388855525505,
                80.56469725878596
              ],
              [
                -83.16694640708754,
                80.32693480912454
              ],
              [
                -81.51972962190104,
                79.73081970909737
              ],
              [
                -79.76097869218918,
                79.69873810345453
              ],
              [
                -80.63055419353512,
                79.56414794810058
              ],
              [
                -81.72833252689371,
                79.58970642488478
              ],
              [
                -83.78195190259603,
                80.24581908921864
              ],
              [
                -86.51472473859435,
                80.29914855640664
              ],
              [
                -86.47458648156784,
                80.00624085120879
              ],
              [
                -85.26590728691555,
                79.9172744816198
              ],
              [
                -86.36721801565321,
                79.96276856143879
              ],
              [
                -86.47916411613208,
                79.76166535198446
              ],
              [
                -83.37173461924598,
                79.04776001371437
              ],
              [
                -84.74804687926068,
                79.03193664746718
              ],
              [
                -82.50306701207427,
                78.88275146537268
              ],
              [
                -81.48402404699456,
                79.04574584691449
              ],
              [
                -83.25271605731226,
                78.83359526841278
              ],
              [
                -82.34764099857628,
                78.56707763841875
              ],
              [
                -85.06416320261219,
                78.91914367043871
              ],
              [
                -86.63890076068499,
                78.79942321603133
              ],
              [
                -87.53236388709502,
                78.14060973892215
              ],
              [
                -85.83306884397452,
                78.3799743677982
              ],
              [
                -86.28812408579631,
                78.07880400951612
              ],
              [
                -85.48611450098505,
                78.10247802544642
              ],
              [
                -84.62596892715777,
                78.5892868043295
              ],
              [
                -84.970001224989,
                78.21082305804075
              ],
              [
                -84.12722014736718,
                78.17553710978451
              ],
              [
                -85.67353820112217,
                77.93859099622863
              ],
              [
                -84.37971496878009,
                77.90637207720656
              ],
              [
                -85.3047180231176,
                77.66262053733688
              ],
              [
                -84.48711395932291,
                77.74494933443533
              ],
              [
                -84.85888672292975,
                77.54275513048529
              ],
              [
                -83.89834594750906,
                77.4905395433562
              ],
              [
                -82.32521056865087,
                78.07269286824273
              ],
              [
                -83.46756744858926,
                77.34928894576439
              ],
              [
                -84.4794464099613,
                77.29443359511635
              ],
              [
                -86.42222595781043,
                77.83082580504282
              ],
              [
                -88.06806945104606,
                77.8202667193353
              ],
              [
                -86.79791259556929,
                77.1290054359403
              ],
              [
                -88.5452804644031,
                77.09915160623113
              ],
              [
                -89.54138183065434,
                76.5416564872037
              ],
              [
                -88.91139220638325,
                76.40679168927544
              ],
              [
                -88.71000671528964,
                76.5949859543917
              ],
              [
                -88.63194274648795,
                76.39721679349672
              ],
              [
                -88.5188903733834,
                76.81608581613719
              ],
              [
                -88.35110473232768,
                76.38499451094995
              ],
              [
                -87.40944671332336,
                76.35040283191826
              ],
              [
                -87.5286102277013,
                76.61498260668286
              ],
              [
                -86.7138900770034,
                76.3470687833589
              ],
              [
                -86.59416198353102,
                76.63499450547224
              ],
              [
                -86.3722229001168,
                76.38638304939903
              ],
              [
                -84.42111205830972,
                76.30387115197908
              ],
              [
                -85.02382659876596,
                76.57546997800715
              ],
              [
                -84.23693847191237,
                76.44358825867762
              ],
              [
                -84.28443907946627,
                76.65776062722831
              ],
              [
                -83.223617546084,
                76.41053772542006
              ],
              [
                -83.40541838828759,
                76.75888062267447
              ],
              [
                -82.99708556579144,
                76.4279022216255
              ],
              [
                -82.17111206016148,
                76.41942595940748
              ],
              [
                -82.72500611130437,
                76.81915282955549
              ],
              [
                -82.04916381400454,
                76.51152039167113
              ],
              [
                -80.77819824567135,
                76.42150878289696
              ],
              [
                -81.05332946707848,
                76.12803649860467
              ],
              [
                -78.78194427819002,
                76.57221222520238
              ],
              [
                -78.37096405310994,
                76.46026610890763
              ],
              [
                -77.78444671860885,
                76.78651428388318
              ],
              [
                -78.07875061713663,
                77.01609801527995
              ],
              [
                -78.7160339352455,
                76.82276915975413
              ],
              [
                -79.3458404591951,
                76.91804504906796
              ],
              [
                -79.25500487525044,
                77.21859741806422
              ],
              [
                -81.83416748609919,
                77.16249084234632
              ],
              [
                -82.0919494577991,
                77.31637572588603
              ],
              [
                -81.16722106185176,
                77.33380127134785
              ],
              [
                -81.83000182330434,
                77.62386322714207
              ],
              [
                -80.45611571767478,
                77.29609680777146
              ],
              [
                -78.77722167536572,
                77.30720519444347
              ],
              [
                -77.72430420185793,
                77.60387421391589
              ],
              [
                -78.2608337409795,
                77.99525451197597
              ],
              [
                -75.92277526741651,
                77.95664977747448
              ],
              [
                -75.62193297771599,
                78.12442017203198
              ],
              [
                -76.89334105826262,
                78.21527100247488
              ],
              [
                -75.03485870318542,
                78.32846068895863
              ],
              [
                -76.68634033248456,
                78.51453399852397
              ],
              [
                -75.0241699273478,
                78.53193664260672
              ],
              [
                -74.77500915449424,
                78.82998657727912
              ],
              [
                -76.40319824663604,
                78.83901214046162
              ],
              [
                -75.72624969252641,
                78.96734618628213
              ],
              [
                -76.75418090740939,
                79.02777100048819
              ],
              [
                -78.24804687933829,
                78.77026367136259
              ],
              [
                -77.70916748158618,
                79.0090866067074
              ],
              [
                -78.88541411645086,
                79.06178283811136
              ],
              [
                -76.13276672667413,
                79.1997070262088
              ],
              [
                -74.54388427732336,
                79.02526855034846
              ],
              [
                -74.4969482488639,
                79.22499084460283
              ],
              [
                -78.05131530274764,
                79.35081481703449
              ],
              [
                -75.89534759209249,
                79.3534545963693
              ],
              [
                -77.15152741011454,
                79.54553985007438
              ],
              [
                -75.05833435648015,
                79.37387084367896
              ],
              [
                -73.29611206482971,
                79.51277161427197
              ],
              [
                -74.23889160295793,
                79.88720702696097
              ],
              [
                -72.26722716883023,
                79.65914916320837
              ],
              [
                -71.13612365963978,
                79.78498839795412
              ],
              [
                -70.50382232461543,
                80.09381102746785
              ],
              [
                -72.30638122011207,
                80.05747985584232
              ],
              [
                -72.39569854384582,
                80.22012328323936
              ],
              [
                -70.13694000184029,
                80.19539642069064
              ],
              [
                -70.81944274137797,
                80.55886841496772
              ],
              [
                -69.42749023125344,
                80.38275146413817
              ],
              [
                -64.49194336208649,
                81.44886780268828
              ],
              [
                -69.99526977759822,
                81.09942627187318
              ],
              [
                -66.62311553768745,
                81.51380920220222
              ],
              [
                -68.57945251215692,
                81.51443481473716
              ],
              [
                -69.29721069113853,
                81.71456909657678
              ],
              [
                -68.15666199211533,
                81.56109618480644
              ],
              [
                -64.35527038324304,
                81.72637939153829
              ],
              [
                -61.07639312816031,
                82.32083129472619
              ],
              [
                -62.245002754107446,
                82.52804566126979
              ],
              [
                -63.36805343935467,
                82.44192504108443
              ],
              [
                -64.729721074062,
                82.90415954892799
              ],
              [
                -68.64250182756784,
                82.62858581530742
              ],
              [
                -66.30041503622094,
                82.93067931426194
              ],
              [
                -69.74888611327458,
                83.11192321643607
              ],
              [
                -71.42500304705374,
                83.02943420457932
              ],
              [
                -70.8713836701169,
                82.88108825996943
              ],
              [
                -72.92749023364486,
                83.06748962230047
              ],
              [
                -72.6338958666557,
                82.69442748574646
              ],
              [
                -74.43582152636831,
                83.02720642864563
              ],
              [
                -77.22277831353745,
                83.0305481004541
              ],
              [
                -76.23388672212029,
                82.44497680800451
              ],
              [
                -77.12832641521001,
                82.86331176036285
              ],
              [
                -79.45834349970343,
                82.97415160403193
              ],
              [
                -80.39306640226387,
                82.8755340587255
              ],
              [
                -78.51195525462569,
                82.6790084838354
              ],
              [
                -81.47305297370178,
                82.82499694656562
              ],
              [
                -80.57987212893104,
                82.54457091999063
              ],
              [
                -82.215286258221,
                82.66859436638795
              ],
              [
                -82.72867583587852,
                82.39839171787393
              ],
              [
                -79.23680878062535,
                81.8160858172941
              ]
            ]
          ],
          [
            [
              [
                -93.99722289830709,
                79.256942750226
              ],
              [
                -92.41972351330617,
                79.45721435686978
              ],
              [
                -91.12458038615596,
                79.3886032119487
              ],
              [
                -92.51028442630077,
                79.23275756616728
              ],
              [
                -90.3705368036134,
                79.24557494889498
              ],
              [
                -94.28805541794547,
                78.98373413031479
              ],
              [
                -93.2777786270981,
                78.58582305888483
              ],
              [
                -91.66388702280672,
                78.56484222355489
              ],
              [
                -92.97277068936602,
                78.4859542856393
              ],
              [
                -92.54693603718329,
                78.31261443897361
              ],
              [
                -90.49777221552164,
                78.13499450611748
              ],
              [
                -90.66777038527194,
                78.32748413343772
              ],
              [
                -89.46166991953265,
                78.16838073961533
              ],
              [
                -90.05139160059984,
                78.60581970278378
              ],
              [
                -88.81777953866757,
                78.15443420183261
              ],
              [
                -88.16250610387779,
                78.99053955364475
              ],
              [
                -87.6630554207446,
                78.6424865723537
              ],
              [
                -84.90556335476917,
                79.27102661010159
              ],
              [
                -85.68194580191394,
                79.61331176489956
              ],
              [
                -86.07084655749726,
                79.43414306917866
              ],
              [
                -86.33416748094265,
                79.64553833206135
              ],
              [
                -87.39861297768162,
                79.51346587968514
              ],
              [
                -87.67514038038341,
                80.4070663434294
              ],
              [
                -88.64889526528488,
                80.39360046648723
              ],
              [
                -88.53472900444645,
                80.09887695109336
              ],
              [
                -93.51750183204337,
                81.38499450980325
              ],
              [
                -94.38569641064323,
                81.25443267966705
              ],
              [
                -93.1576385474867,
                81.09332275626419
              ],
              [
                -95.5272216786535,
                80.81929016113966
              ],
              [
                -93.7866668693251,
                80.52880096196778
              ],
              [
                -95.97999572625174,
                80.58471679975408
              ],
              [
                -96.67152404605166,
                80.3445663454679
              ],
              [
                -95.36776733502093,
                80.11831665290224
              ],
              [
                -94.11999511977606,
                80.18304443141152
              ],
              [
                -94.38570403998693,
                79.98512268090845
              ],
              [
                -96.80208587618786,
                80.08887481447204
              ],
              [
                -95.85333252121472,
                79.64610290349512
              ],
              [
                -94.32681274597029,
                79.7797088600487
              ],
              [
                -95.77902984323757,
                79.41942596158854
              ],
              [
                -93.99722289830709,
                79.256942750226
              ]
            ]
          ],
          [
            [
              [
                -175.0797119140922,
                51.998321533158034
              ],
              [
                -174.20944213882976,
                52.09887695346546
              ],
              [
                -173.9907531738594,
                52.32213974006997
              ],
              [
                -175.33403015133592,
                52.01651763949885
              ],
              [
                -175.0797119140922,
                51.998321533158034
              ]
            ]
          ],
          [
            [
              [
                -169.08670043942305,
                52.828048706148905
              ],
              [
                -167.7953186035457,
                53.49553680391868
              ],
              [
                -168.3540496829174,
                53.47332382197777
              ],
              [
                -169.08670043942305,
                52.828048706148905
              ]
            ]
          ],
          [
            [
              [
                -167.6633300781295,
                53.255546569818335
              ],
              [
                -166.28475952186037,
                53.67638397256628
              ],
              [
                -166.2614288332093,
                53.97248458866526
              ],
              [
                -166.60360717760332,
                53.82902526890252
              ],
              [
                -166.63154602012452,
                53.9997100833262
              ],
              [
                -167.0204315183769,
                53.956653595234144
              ],
              [
                -167.15237426720486,
                53.823879241747846
              ],
              [
                -166.766448974303,
                53.685821533105575
              ],
              [
                -167.6633300781295,
                53.255546569818335
              ]
            ]
          ],
          [
            [
              [
                -164.66390991202366,
                54.39193725615379
              ],
              [
                -163.054885864302,
                54.66811752281102
              ],
              [
                -163.5363922121348,
                55.0472869874319
              ],
              [
                -163.92617797874703,
                55.03172683721689
              ],
              [
                -164.95234680171365,
                54.580200195136264
              ],
              [
                -164.66390991202366,
                54.39193725615379
              ]
            ]
          ],
          [
            [
              [
                -131.20527648923016,
                55.186794280889735
              ],
              [
                -130.93499755861433,
                55.63679885857105
              ],
              [
                -131.25959777825196,
                55.960269927804376
              ],
              [
                -131.68486022953638,
                55.83027267457676
              ],
              [
                -131.81916809079974,
                55.453632354750674
              ],
              [
                -131.51861572279515,
                55.29457855234418
              ],
              [
                -131.34770202639743,
                55.643119812077835
              ],
              [
                -131.20527648923016,
                55.186794280889735
              ]
            ]
          ],
          [
            [
              [
                -128.75027465813054,
                52.59902191163755
              ],
              [
                -128.53167724605584,
                53.021102905325044
              ],
              [
                -129.04306030288134,
                53.304710388005425
              ],
              [
                -129.18554687512582,
                52.955268859707736
              ],
              [
                -128.8435974121421,
                53.04415893552088
              ],
              [
                -129.12095642075735,
                52.86610412603993
              ],
              [
                -128.88848876946963,
                52.64846420290515
              ],
              [
                -128.64674377446025,
                52.961936950733865
              ],
              [
                -128.75027465813054,
                52.59902191163755
              ]
            ]
          ],
          [
            [
              [
                -80.7094421386664,
                52.691448211320605
              ],
              [
                -81.11125183098669,
                53.200271606764666
              ],
              [
                -82.05297851555757,
                53.04179763793593
              ],
              [
                -80.7094421386664,
                52.691448211320605
              ]
            ]
          ],
          [
            [
              [
                -131.26473999042247,
                52.11971282977567
              ],
              [
                -131.01069641116467,
                52.218738556251274
              ],
              [
                -131.77154541008676,
                52.71527099614578
              ],
              [
                -131.79951477074144,
                53.251384734805804
              ],
              [
                -132.3786010741869,
                53.129432677939434
              ],
              [
                -131.26473999042247,
                52.11971282977567
              ]
            ]
          ],
          [
            [
              [
                -132.39932251009765,
                53.14249420190306
              ],
              [
                -131.96374511749997,
                53.27138519259808
              ],
              [
                -131.66374206546402,
                54.14027023349125
              ],
              [
                -132.41806030260835,
                53.60610198941682
              ],
              [
                -132.6586151121338,
                53.6822814937672
              ],
              [
                -132.12973022472187,
                53.84846496605636
              ],
              [
                -132.22833251921875,
                54.06582641573804
              ],
              [
                -133.06944274914002,
                54.17138290417529
              ],
              [
                -132.9725036622339,
                53.55582427960491
              ],
              [
                -132.39932251009765,
                53.14249420190306
              ]
            ]
          ],
          [
            [
              [
                -135.6880493162784,
                57.36277008055966
              ],
              [
                -135.80087280289146,
                57.75989151004662
              ],
              [
                -135.0592956542915,
                57.45950698859472
              ],
              [
                -134.84423828128695,
                57.596450805912546
              ],
              [
                -135.88034057626487,
                57.99248886125016
              ],
              [
                -135.1235961912004,
                57.77443695101364
              ],
              [
                -134.92056274452696,
                58.01707839936082
              ],
              [
                -135.40653991720072,
                58.13749313377337
              ],
              [
                -135.64724731457676,
                57.962211608855455
              ],
              [
                -135.50805664053743,
                58.17561721837046
              ],
              [
                -136.34790039083921,
                58.220405578273194
              ],
              [
                -136.35305786117968,
                57.83305358882863
              ],
              [
                -135.6880493162784,
                57.36277008055966
              ]
            ]
          ],
          [
            [
              [
                -152.8522186281196,
                57.99290847804133
              ],
              [
                -151.98304748506592,
                58.343601226647536
              ],
              [
                -152.71945190451268,
                58.455551147758534
              ],
              [
                -153.23040771481425,
                58.16610336290399
              ],
              [
                -152.8522186281196,
                57.99290847804133
              ]
            ]
          ],
          [
            [
              [
                -53.5784721369614,
                69.2297058104975
              ],
              [
                -52.078338622812225,
                69.49803161678695
              ],
              [
                -51.91277313221215,
                69.7541656499428
              ],
              [
                -54.42916870104504,
                70.30970764120693
              ],
              [
                -54.821876526199,
                70.06623077453128
              ],
              [
                -54.24083328239713,
                69.91425323549048
              ],
              [
                -54.933181763139785,
                69.84415435842969
              ],
              [
                -54.402706146440394,
                69.68056488032421
              ],
              [
                -54.98791503898912,
                69.69025421202662
              ],
              [
                -53.54611206024661,
                69.51470947268969
              ],
              [
                -54.2694473274228,
                69.39610290475542
              ],
              [
                -53.5784721369614,
                69.2297058104975
              ]
            ]
          ],
          [
            [
              [
                -166.25311279306092,
                59.79542922991383
              ],
              [
                -165.55543518072417,
                59.92873764007414
              ],
              [
                -165.77587890632603,
                60.33220672583488
              ],
              [
                -167.40402221662782,
                60.205825805363254
              ],
              [
                -166.25311279306092,
                59.79542922991383
              ]
            ]
          ],
          [
            [
              [
                -79.80583190934237,
                61.56805419902655
              ],
              [
                -79.26181030252854,
                62.16124343864488
              ],
              [
                -79.56193542455684,
                62.41721344014836
              ],
              [
                -80.26763916028546,
                62.109298705945335
              ],
              [
                -79.80583190934237,
                61.56805419902655
              ]
            ]
          ],
          [
            [
              [
                -169.67042541436598,
                62.94414901783376
              ],
              [
                -168.7172241217973,
                63.3058166502089
              ],
              [
                -169.52444458002708,
                63.35415649468944
              ],
              [
                -170.30001831091215,
                63.69415283252436
              ],
              [
                -170.92999267540245,
                63.57110595625152
              ],
              [
                -171.72445678768804,
                63.75026702800936
              ],
              [
                -171.73889160194474,
                63.38054656946471
              ],
              [
                -170.56860351496536,
                63.39083099351448
              ],
              [
                -169.67042541436598,
                62.94414901783376
              ]
            ]
          ],
          [
            [
              [
                -76.66361999482852,
                67.21998596157059
              ],
              [
                -75.13362121637249,
                67.48165893592584
              ],
              [
                -75.15861511243142,
                68.23997497559077
              ],
              [
                -76.27236938528696,
                68.33248901382119
              ],
              [
                -76.86222076378363,
                68.15970611558566
              ],
              [
                -77.31652832070546,
                67.68401336669574
              ],
              [
                -76.66361999482852,
                67.21998596157059
              ]
            ]
          ],
          [
            [
              [
                -85.4491577130434,
                63.11666107017536
              ],
              [
                -84.56332397393288,
                63.33749389715826
              ],
              [
                -83.07278442381549,
                64.18664550795658
              ],
              [
                -83.09291839750995,
                63.95707702649387
              ],
              [
                -82.36672973649314,
                63.90755844289079
              ],
              [
                -82.4798583978342,
                63.68360519364472
              ],
              [
                -81.07640075750258,
                63.451385497345115
              ],
              [
                -80.1743698121759,
                63.77117157136742
              ],
              [
                -80.89083862232837,
                64.1155395504602
              ],
              [
                -81.98937225367969,
                63.996654508917786
              ],
              [
                -81.60665893482312,
                64.1278915414261
              ],
              [
                -81.7630615246282,
                64.50109863128381
              ],
              [
                -84.55568694980174,
                65.47998046802225
              ],
              [
                -84.92763519381465,
                65.21193695232093
              ],
              [
                -85.54249572786615,
                65.93331909066296
              ],
              [
                -86.15153503267292,
                65.38971710115462
              ],
              [
                -86.19666290188206,
                64.0963745126396
              ],
              [
                -87.22583770735535,
                63.646102905892704
              ],
              [
                -85.71749877800087,
                63.71610260097911
              ],
              [
                -85.4491577130434,
                63.11666107017536
              ]
            ]
          ],
          [
            [
              [
                -173.6730804445149,
                64.34679412653324
              ],
              [
                -173.41557312176187,
                64.61664581280499
              ],
              [
                -173.27084350733944,
                64.28108215345178
              ],
              [
                -172.8919982924556,
                64.51943969628537
              ],
              [
                -172.35916137555753,
                64.42358398329017
              ],
              [
                -173.19522094693338,
                64.77816772472836
              ],
              [
                -172.12898254236586,
                65.08317566094767
              ],
              [
                -172.6830749505583,
                65.22776794234984
              ],
              [
                -172.1905517565675,
                65.44662475600826
              ],
              [
                -172.80264282075873,
                65.67469787782501
              ],
              [
                -171.07446289130098,
                65.4830322259879
              ],
              [
                -171.5423889171214,
                65.83554840029886
              ],
              [
                -170.63558959753885,
                65.61053466997247
              ],
              [
                -169.70716857759507,
                66.1266479479594
              ],
              [
                -170.33125305076905,
                66.17873382314798
              ],
              [
                -171.72610473536318,
                66.95524597329614
              ],
              [
                -173.01196289134523,
                67.05607605207747
              ],
              [
                -172.62011718858454,
                66.95542144528389
              ],
              [
                -173.3572387710383,
                66.83956909093197
              ],
              [
                -173.67639160176861,
                67.13206482155041
              ],
              [
                -174.65115356345316,
                67.06011962746494
              ],
              [
                -174.12527465578728,
                66.98913574340048
              ],
              [
                -174.30238342461303,
                66.58192444043887
              ],
              [
                -173.76196288846674,
                66.44949341010165
              ],
              [
                -174.03681946014697,
                66.21351623412309
              ],
              [
                -174.02435302869938,
                66.4798278818143
              ],
              [
                -174.4673767112469,
                66.30344390649692
              ],
              [
                -174.99487304801175,
                66.67198944055276
              ],
              [
                -174.83389282242322,
                67.3860855097818
              ],
              [
                -175.37597656182174,
                67.34304046548357
              ],
              [
                -175.46362304555268,
                67.70747375500169
              ],
              [
                -179.99999999975998,
                68.98010253649984
              ],
              [
                -179.99999999975998,
                65.0689086932276
              ],
              [
                -179.3208312991517,
                65.53012085095381
              ],
              [
                -179.689193726034,
                66.18357849109965
              ],
              [
                -178.9095916753336,
                66.17053222906952
              ],
              [
                -178.52615356354164,
                66.4029083272229
              ],
              [
                -178.90945434759354,
                65.99386596836646
              ],
              [
                -178.55738830603065,
                65.51415252517339
              ],
              [
                -176.07806396225683,
                65.47026061943788
              ],
              [
                -175.4488830553678,
                64.7844238301689
              ],
              [
                -173.6730804445149,
                64.34679412653324
              ]
            ]
          ],
          [
            [
              [
                -83.67804718067147,
                62.14041137670428
              ],
              [
                -82.7691650387474,
                62.29027557371001
              ],
              [
                -81.90875244188017,
                62.95110702516998
              ],
              [
                -83.40028381380365,
                62.89749145550927
              ],
              [
                -83.94443511958056,
                62.44478225681342
              ],
              [
                -83.67804718067147,
                62.14041137670428
              ]
            ]
          ],
          [
            [
              [
                -134.26779174810616,
                68.69581604023055
              ],
              [
                -134.67465210010667,
                69.01318359395131
              ],
              [
                -133.74945068364616,
                69.54484558100944
              ],
              [
                -134.30972290058688,
                69.71582031306352
              ],
              [
                -134.47512817389017,
                69.4435882571646
              ],
              [
                -135.84443664595534,
                69.29901123088388
              ],
              [
                -135.52459716746728,
                69.02325439441817
              ],
              [
                -135.99957275385387,
                68.94587707478925
              ],
              [
                -134.8258361820076,
                68.97886657725276
              ],
              [
                -134.26779174810616,
                68.69581604023055
              ]
            ]
          ],
          [
            [
              [
                -96.53056335493865,
                68.44497680748356
              ],
              [
                -95.20972442637157,
                68.85109710799335
              ],
              [
                -95.82028198256063,
                68.87025451583612
              ],
              [
                -96.0444412222602,
                69.22609710705785
              ],
              [
                -96.16639709487701,
                69.03137206952708
              ],
              [
                -96.2024993903675,
                69.30137634213479
              ],
              [
                -97.97416687074127,
                69.89221191430353
              ],
              [
                -98.00145721377578,
                69.44380187934149
              ],
              [
                -98.53138732981405,
                69.58499145460709
              ],
              [
                -98.40694427480273,
                69.30344390870765
              ],
              [
                -99.59168243398001,
                69.02193450908894
              ],
              [
                -96.53056335493865,
                68.44497680748356
              ]
            ]
          ],
          [
            [
              [
                -84.76666260349919,
                71.19747924347328
              ],
              [
                -84.80520630409171,
                70.92179107039061
              ],
              [
                -84.95291137879417,
                71.18788910203737
              ],
              [
                -86.81624602536935,
                70.98782348725229
              ],
              [
                -84.83687590890088,
                71.2810592697111
              ],
              [
                -86.13276671757474,
                71.79582213683413
              ],
              [
                -86.7327728339367,
                72.71609496640578
              ],
              [
                -84.84027862545888,
                73.73873138909167
              ],
              [
                -86.71665954743055,
                73.84082031679254
              ],
              [
                -88.99542236596224,
                73.28096008398924
              ],
              [
                -89.91041564534031,
                72.42720794732712
              ],
              [
                -89.90348052426594,
                71.35304260343113
              ],
              [
                -87.24694824232708,
                71.00915526917305
              ],
              [
                -89.54972839790254,
                71.08859253477674
              ],
              [
                -88.79777526351914,
                70.48970031058911
              ],
              [
                -87.8338928232838,
                70.23803711192657
              ],
              [
                -86.40750122120288,
                70.45999146209161
              ],
              [
                -86.55402374106365,
                70.23984528289479
              ],
              [
                -85.72694397655083,
                69.99053955653929
              ],
              [
                -81.73985290319868,
                69.8744201639699
              ],
              [
                -82.97778320564467,
                70.3019256523717
              ],
              [
                -80.9524993941201,
                69.71388243924936
              ],
              [
                -81.7568054164658,
                70.1249084451671
              ],
              [
                -79.69180297213939,
                69.85109710571997
              ],
              [
                -78.69597626168148,
                69.92928313907063
              ],
              [
                -78.93916321108244,
                70.31109619517109
              ],
              [
                -79.58923340576703,
                70.41088867585592
              ],
              [
                -79.01736450444184,
                70.67998504120101
              ],
              [
                -78.4034729006664,
                70.21332549608893
              ],
              [
                -77.67700958359062,
                70.18421172895647
              ],
              [
                -77.63208770063892,
                69.7494277913996
              ],
              [
                -76.99010467659687,
                69.93685149890389
              ],
              [
                -77.1913147035738,
                69.6427307096579
              ],
              [
                -76.18562317152262,
                69.6620712299935
              ],
              [
                -76.63958740669531,
                69.55123138761768
              ],
              [
                -75.61138916051404,
                69.24414826039524
              ],
              [
                -75.60443877943095,
                69.08894348852687
              ],
              [
                -76.6379165610618,
                69.00880432149694
              ],
              [
                -76.66749572160096,
                68.70484160804276
              ],
              [
                -74.65249634505014,
                69.04026793830404
              ],
              [
                -75.03798675363403,
                68.92768860237133
              ],
              [
                -74.35874938915839,
                68.5380401584006
              ],
              [
                -73.70472717657697,
                68.65664672597936
              ],
              [
                -73.85375213145583,
                68.34442901127441
              ],
              [
                -72.99332427912398,
                68.20539856594716
              ],
              [
                -72.25834655539279,
                67.24803161866173
              ],
              [
                -74.47086334642836,
                66.13484192075776
              ],
              [
                -73.50056458118397,
                65.47442626580843
              ],
              [
                -75.94332885154122,
                65.31957244465319
              ],
              [
                -75.19040680243852,
                65.10144042442664
              ],
              [
                -75.38917541968834,
                64.73609924292182
              ],
              [
                -75.76993560890544,
                65.21768951969835
              ],
              [
                -77.3855590747149,
                65.46804809819324
              ],
              [
                -77.33666992860161,
                65.17608643062856
              ],
              [
                -78.1472930932715,
                64.94796752348277
              ],
              [
                -77.74722290373629,
                64.33776856168745
              ],
              [
                -76.67054748744583,
                64.18414306065617
              ],
              [
                -75.72121429340035,
                64.37804413320448
              ],
              [
                -75.79695129439152,
                64.61219787988473
              ],
              [
                -74.68582153548407,
                64.37109375212138
              ],
              [
                -74.47284698538115,
                64.55893707300616
              ],
              [
                -74.97898864053155,
                64.79061126730943
              ],
              [
                -74.54701232342364,
                64.8916549655033
              ],
              [
                -74.38791655894944,
                64.57048034812135
              ],
              [
                -74.0538787862759,
                64.72797394437337
              ],
              [
                -74.06277466366191,
                64.33442688516442
              ],
              [
                -73.30152893589712,
                64.65783690952745
              ],
              [
                -73.37937164116704,
                64.27012633922725
              ],
              [
                -72.6347351133326,
                63.85249328030715
              ],
              [
                -72.24214934621055,
                63.94971466330651
              ],
              [
                -72.32167053449034,
                63.6761741705846
              ],
              [
                -71.9005584737125,
                63.809226982980206
              ],
              [
                -71.22985839853338,
                63.602626796548286
              ],
              [
                -72.13999939321869,
                63.44311523738178
              ],
              [
                -71.25917816841186,
                63.0030517643753
              ],
              [
                -70.91471862068587,
                63.169857017961675
              ],
              [
                -70.85597991298805,
                62.9251327443177
              ],
              [
                -69.48249816707256,
                62.763610844869106
              ],
              [
                -68.61582947246022,
                62.263885499983765
              ],
              [
                -65.95916748781903,
                61.88895034361088
              ],
              [
                -66.60694885811995,
                62.60499573381035
              ],
              [
                -68.9262542762057,
                63.708465572832104
              ],
              [
                -67.83750915135839,
                63.424163825153144
              ],
              [
                -67.89750671394162,
                63.75305176507942
              ],
              [
                -66.67763519430471,
                63.02471541831228
              ],
              [
                -65.74694824180096,
                62.917770387230476
              ],
              [
                -65.18749999974577,
                62.562210089898855
              ],
              [
                -65.25236510703053,
                62.97533798140717
              ],
              [
                -64.63061523274365,
                62.899021144315725
              ],
              [
                -65.1009674050919,
                63.53797913333013
              ],
              [
                -64.53458404196235,
                63.24902343684015
              ],
              [
                -64.53263854565942,
                63.67964171637781
              ],
              [
                -64.98541260335801,
                63.82381438656392
              ],
              [
                -64.63409423460139,
                63.97460556581692
              ],
              [
                -65.2122497582333,
                64.03533173115572
              ],
              [
                -65.07820130030113,
                64.47220611298262
              ],
              [
                -65.70194245091714,
                64.48622894047479
              ],
              [
                -65.72249603136797,
                64.84193420051746
              ],
              [
                -66.66707610866155,
                65.0378951973183
              ],
              [
                -66.69464111023044,
                64.76186371089885
              ],
              [
                -67.27792358396849,
                65.64012908328499
              ],
              [
                -68.02330017062303,
                65.48838043063324
              ],
              [
                -68.04722594761436,
                66.06498718870158
              ],
              [
                -68.84388732482707,
                66.18872832901887
              ],
              [
                -67.18874359158544,
                65.91241455455364
              ],
              [
                -67.98929596140397,
                66.50756073410253
              ],
              [
                -67.28222656732241,
                66.2752685610491
              ],
              [
                -67.14618683306111,
                66.44025421709067
              ],
              [
                -67.73429870885079,
                66.56880187681847
              ],
              [
                -67.10556029608698,
                66.4858093240573
              ],
              [
                -67.03277587825585,
                66.64402008174432
              ],
              [
                -66.0736236573873,
                66.12052916784347
              ],
              [
                -65.48075866484572,
                66.38484954853952
              ],
              [
                -65.87638854569231,
                65.94802856937123
              ],
              [
                -64.36231995150965,
                66.34321593945224
              ],
              [
                -65.5018081734647,
                65.7488784813908
              ],
              [
                -64.90695190459397,
                65.72886657964644
              ],
              [
                -65.33596801590946,
                65.56957244980255
              ],
              [
                -64.80331421132954,
                65.60831451576476
              ],
              [
                -65.0669479358641,
                65.37984467264982
              ],
              [
                -64.41874695218269,
                65.4798431413367
              ],
              [
                -64.90347290273623,
                65.33661651797276
              ],
              [
                -64.55062102842479,
                65.09429169271783
              ],
              [
                -64.23915863254868,
                65.42740631595433
              ],
              [
                -64.37707520044555,
                65.17914581910583
              ],
              [
                -63.54695129272024,
                64.88720703418228
              ],
              [
                -63.32333373429806,
                65.59706878870409
              ],
              [
                -63.71857070309347,
                65.67820739047082
              ],
              [
                -63.43972015490448,
                65.84998321961965
              ],
              [
                -62.649166113325734,
                65.58665466577199
              ],
              [
                -62.3908348068819,
                65.94332123264556
              ],
              [
                -63.06111144999235,
                66.1185989315493
              ],
              [
                -61.95979309527558,
                66.02158355129596
              ],
              [
                -62.883541108016786,
                66.3337402407099
              ],
              [
                -61.665275575290224,
                66.32499694866733
              ],
              [
                -62.12388610715361,
                66.62637328968334
              ],
              [
                -61.290069586936106,
                66.66998291509101
              ],
              [
                -62.10139465303226,
                67.05470275958132
              ],
              [
                -62.90913009326526,
                66.64651489413004
              ],
              [
                -62.84236145101565,
                66.95984650100931
              ],
              [
                -63.77360916092276,
                66.81845855388708
              ],
              [
                -63.110282898895406,
                67.32998657929225
              ],
              [
                -63.56555175423575,
                67.06248474479298
              ],
              [
                -63.8025016800444,
                67.23970793999963
              ],
              [
                -64.69697570293334,
                67.00908661257972
              ],
              [
                -63.97114182067226,
                67.27585601089129
              ],
              [
                -64.76583862288513,
                67.19025421779479
              ],
              [
                -64.4416656423169,
                67.30303955647352
              ],
              [
                -64.7923889149645,
                67.35540008181219
              ],
              [
                -63.90791320557139,
                67.30168151890328
              ],
              [
                -64.366241449389,
                67.76054381879496
              ],
              [
                -65.12693786107099,
                67.71693420813124
              ],
              [
                -64.72618103011825,
                67.98883057129292
              ],
              [
                -65.42361450273768,
                67.89804077331135
              ],
              [
                -65.3463897762179,
                67.5933227557723
              ],
              [
                -65.4441604605561,
                67.9890060392775
              ],
              [
                -65.8172226019816,
                67.96436310085117
              ],
              [
                -66.0020141570215,
                67.62879944525518
              ],
              [
                -65.994132989125,
                68.02427674075832
              ],
              [
                -66.40139770513923,
                67.81109618790937
              ],
              [
                -66.73520660716959,
                67.87605285524657
              ],
              [
                -66.31805420166494,
                68.12380217866215
              ],
              [
                -67.39104461335161,
                68.21709442640581
              ],
              [
                -66.70236205540714,
                68.43637084408022
              ],
              [
                -68.89777374783213,
                68.60526275273635
              ],
              [
                -68.0474929756514,
                68.67949676819018
              ],
              [
                -69.39013672088629,
                68.86470031397819
              ],
              [
                -67.81166839808162,
                68.77346038259864
              ],
              [
                -68.48072052501232,
                68.89373779581089
              ],
              [
                -67.71888732377089,
                69.02610016284478
              ],
              [
                -68.4127807544976,
                69.17692566605947
              ],
              [
                -68.96089934681603,
                69.00179290037887
              ],
              [
                -68.50917053336839,
                69.19720459584087
              ],
              [
                -68.9677734425994,
                69.22109985281473
              ],
              [
                -68.0828475998083,
                69.22095489010367
              ],
              [
                -69.20306396409511,
                69.30303955343652
              ],
              [
                -66.76021575631779,
                69.12893677199813
              ],
              [
                -66.68888092136538,
                69.27596282791546
              ],
              [
                -68.61193847985439,
                69.5874939012029
              ],
              [
                -70.02889251109887,
                69.5326232887258
              ],
              [
                -67.12777709953892,
                69.72692871464585
              ],
              [
                -67.24249267451182,
                69.95832824353573
              ],
              [
                -68.03944396240269,
                70.30137633628888
              ],
              [
                -69.99055481325237,
                69.61499024010443
              ],
              [
                -68.64562988101018,
                70.15283203482547
              ],
              [
                -69.65333557203162,
                70.14498900957882
              ],
              [
                -70.46583557033709,
                69.84346008321937
              ],
              [
                -70.14138793909946,
                70.04331969525843
              ],
              [
                -68.28104400359022,
                70.52589416150698
              ],
              [
                -69.46056366641037,
                70.79123687432492
              ],
              [
                -70.48791503371035,
                70.4839019790742
              ],
              [
                -69.86958313599023,
                70.88290405646131
              ],
              [
                -70.91305542717271,
                70.63777161075741
              ],
              [
                -71.49360656576152,
                70.05053710437856
              ],
              [
                -71.17304992712972,
                70.53234100653351
              ],
              [
                -71.84375000230884,
                70.29351806577748
              ],
              [
                -71.80305480266736,
                70.42831420516211
              ],
              [
                -70.6030578594401,
                71.05372620141164
              ],
              [
                -72.56945800055578,
                70.60998534643376
              ],
              [
                -72.07750701824972,
                71.07276915894874
              ],
              [
                -71.12360382755726,
                71.26110077062533
              ],
              [
                -72.47471618467736,
                71.64276122663837
              ],
              [
                -73.37374115500432,
                70.98317719056158
              ],
              [
                -73.32084655884762,
                71.34082030953083
              ],
              [
                -73.84638977436862,
                71.06206512533849
              ],
              [
                -73.71888732940384,
                71.77693176464047
              ],
              [
                -75.08139037629567,
                71.17942809804057
              ],
              [
                -74.63138579639619,
                71.65602875004566
              ],
              [
                -75.40250396838664,
                71.52001953580185
              ],
              [
                -74.94026947195445,
                71.66421508862908
              ],
              [
                -75.39021301181897,
                71.67691803594484
              ],
              [
                -74.23652649438718,
                71.82068633801524
              ],
              [
                -74.22569274333063,
                72.06275939524187
              ],
              [
                -75.04360961716438,
                72.12386322736707
              ],
              [
                -75.88027953785708,
                71.70248412380823
              ],
              [
                -75.22589873718617,
                72.07466888107892
              ],
              [
                -76.3480529751435,
                71.89166259962212
              ],
              [
                -75.0449981747521,
                72.18830872127134
              ],
              [
                -75.22348022484417,
                72.49901581306258
              ],
              [
                -77.64847565255845,
                72.73998260074724
              ],
              [
                -78.56013489278985,
                72.4415054254887
              ],
              [
                -77.00662993910714,
                72.12921142548402
              ],
              [
                -78.61000060574278,
                72.3592834515651
              ],
              [
                -78.86999512044378,
                72.22817992467266
              ],
              [
                -78.00334930847256,
                71.7835998576778
              ],
              [
                -78.85839844266997,
                72.17032623850598
              ],
              [
                -79.0666732786796,
                71.97512816842239
              ],
              [
                -79.24333191253868,
                72.37442017123162
              ],
              [
                -79.76590728489089,
                72.24328613906565
              ],
              [
                -79.79916381265745,
                72.50138854537836
              ],
              [
                -79.74163055718643,
                72.14178467009745
              ],
              [
                -80.26653289657214,
                72.2926254333209
              ],
              [
                -80.95028686978014,
                71.88108825397022
              ],
              [
                -80.52098083304253,
                72.50595855676931
              ],
              [
                -81.37236022264491,
                72.24165343608202
              ],
              [
                -80.44055175533444,
                72.8186035222311
              ],
              [
                -81.5725097601061,
                73.71971129945172
              ],
              [
                -83.74082946700132,
                73.56776428143029
              ],
              [
                -83.60722350509076,
                73.29679108244963
              ],
              [
                -84.17138672124798,
                73.4752655099093
              ],
              [
                -84.34944153532717,
                73.22615814892347
              ],
              [
                -85.0777893086709,
                73.32943725409844
              ],
              [
                -83.84111786111033,
                73.025817868725
              ],
              [
                -85.44402313433926,
                73.1228942890133
              ],
              [
                -83.95569611074853,
                72.75061034905777
              ],
              [
                -85.68506622206765,
                72.8972778316296
              ],
              [
                -85.53527832572756,
                72.46971130319284
              ],
              [
                -84.16791534202262,
                72.0226287864359
              ],
              [
                -85.29194641361552,
                72.25999450693686
              ],
              [
                -86.04916382343977,
                72.01249695154956
              ],
              [
                -84.63458252451106,
                71.66915131074191
              ],
              [
                -84.76666260349919,
                71.19747924347328
              ]
            ]
          ],
          [
            [
              [
                -112.00083923197516,
                70.37803650194577
              ],
              [
                -111.45262909333219,
                70.28318024132345
              ],
              [
                -114.5430603061773,
                70.31330871155127
              ],
              [
                -117.4325637771226,
                69.98345184448911
              ],
              [
                -116.53221130374219,
                69.40887451370968
              ],
              [
                -113.51576996205021,
                69.17247772209971
              ],
              [
                -113.26042175021507,
                68.45304108114352
              ],
              [
                -109.19138336150998,
                68.69720459013439
              ],
              [
                -107.34221649593323,
                69.01887512459379
              ],
              [
                -106.6111068765142,
                69.49699401903509
              ],
              [
                -106.40791321054522,
                69.18456268165393
              ],
              [
                -104.92089843747561,
                69.07234191761681
              ],
              [
                -105.13694763304584,
                68.89776610894803
              ],
              [
                -102.89472961597599,
                68.79998779132254
              ],
              [
                -101.75305938672514,
                69.16290282910175
              ],
              [
                -102.30554962495559,
                69.49845886460193
              ],
              [
                -103.18222045484615,
                69.11109924741632
              ],
              [
                -103.48179626262606,
                69.68914794643928
              ],
              [
                -102.6030578650815,
                69.53831481688212
              ],
              [
                -102.23555755896152,
                69.91526031062604
              ],
              [
                -100.92430114569908,
                69.69261932403836
              ],
              [
                -100.9997329693831,
                70.17276000941733
              ],
              [
                -101.55596923615502,
                70.11151123075241
              ],
              [
                -103.02500915894773,
                70.66026306521633
              ],
              [
                -102.96874999558445,
                70.48956299046307
              ],
              [
                -103.55638122173585,
                70.60081481868242
              ],
              [
                -104.57805633543819,
                71.06249236881035
              ],
              [
                -104.36082458872956,
                71.5816574101563
              ],
              [
                -105.32347107111985,
                72.73880004790273
              ],
              [
                -106.88249206699071,
                73.31219482754376
              ],
              [
                -108.06236267131467,
                73.35359191991802
              ],
              [
                -108.29318999986067,
                73.14915466718887
              ],
              [
                -107.26142883386143,
                71.88963317521517
              ],
              [
                -107.8370819127967,
                71.60414886837725
              ],
              [
                -108.61888122315949,
                72.54762268109124
              ],
              [
                -109.91887664840601,
                72.96804809376886
              ],
              [
                -110.7490234404717,
                72.96304321020622
              ],
              [
                -109.77333832161487,
                72.72019958250272
              ],
              [
                -110.2822875959343,
                72.66290283228052
              ],
              [
                -109.78582763748551,
                72.43247986005095
              ],
              [
                -110.70834350729766,
                72.57429504198099
              ],
              [
                -111.66388702066043,
                72.27638244553866
              ],
              [
                -111.2299270617672,
                72.72345733542562
              ],
              [
                -112.81722259424362,
                72.99706268261056
              ],
              [
                -113.6575012246781,
                72.61137390153748
              ],
              [
                -114.5583267241272,
                72.5608062724817
              ],
              [
                -113.95568847206283,
                73.11942290979141
              ],
              [
                -114.56166076222175,
                73.37553405754308
              ],
              [
                -118.55027771194119,
                72.48332214004913
              ],
              [
                -118.10756683158831,
                72.24443054078833
              ],
              [
                -119.12471007844115,
                71.73054504330298
              ],
              [
                -118.90375518687144,
                71.57943725344788
              ],
              [
                -117.73665619284657,
                71.67498778959
              ],
              [
                -118.24972534356857,
                71.39165496970826
              ],
              [
                -115.06694793665741,
                71.52387237495996
              ],
              [
                -118.37082672508382,
                71.01914978002564
              ],
              [
                -117.70472717177663,
                70.63415527447238
              ],
              [
                -113.9383163438731,
                70.7152709983334
              ],
              [
                -112.00083923197516,
                70.37803650194577
              ]
            ]
          ],
          [
            [
              [
                -38.610282895856294,
                82.7435913169096
              ],
              [
                -42.694999702304465,
                83.27442930646644
              ],
              [
                -43.98309324934398,
                83.20104981966003
              ],
              [
                -42.87277223189645,
                83.09275818910882
              ],
              [
                -45.49972533686735,
                83.1374969583741
              ],
              [
                -43.386665329405865,
                82.91442871840746
              ],
              [
                -46.466941846087394,
                83.05415345334961
              ],
              [
                -46.045555115035725,
                82.84637452031453
              ],
              [
                -39.868053426719754,
                82.62692261910416
              ],
              [
                -39.85250090299497,
                82.36164857393268
              ],
              [
                -41.55027770538791,
                82.73664856970935
              ],
              [
                -41.68277741302204,
                82.47804261073651
              ],
              [
                -42.089530951024855,
                82.75785826419124
              ],
              [
                -45.748336801197546,
                82.77221679623847
              ],
              [
                -42.300834669149005,
                82.2149887108964
              ],
              [
                -44.6180572397909,
                82.27665710289845
              ],
              [
                -44.63999939470884,
                81.75416564197452
              ],
              [
                -49.864448554309185,
                82.51470948127212
              ],
              [
                -51.117500308406015,
                82.49136351382313
              ],
              [
                -49.435134874134775,
                81.92900848531428
              ],
              [
                -51.06638717725824,
                81.93525696090437
              ],
              [
                -49.86500549541856,
                81.60971068605735
              ],
              [
                -52.89916990672832,
                82.0341491645514
              ],
              [
                -53.634445182663974,
                81.51332090784945
              ],
              [
                -54.505279532782254,
                82.36553954259219
              ],
              [
                -55.113334644062064,
                82.15664672733836
              ],
              [
                -55.90249634358237,
                82.2680511514762
              ],
              [
                -59.4658317462231,
                81.9927596921469
              ],
              [
                -56.47833252519385,
                81.33248901170896
              ],
              [
                -58.9594421310272,
                81.87191771447579
              ],
              [
                -61.26666258792032,
                81.80998231167666
              ],
              [
                -61.07500456392781,
                81.11553953593773
              ],
              [
                -63.0633315939603,
                81.21638487411903
              ],
              [
                -62.781387317743025,
                80.7510986261176
              ],
              [
                -63.64527892066104,
                81.14610291158859
              ],
              [
                -67.48194885409292,
                80.32415772218444
              ],
              [
                -67.04972840718149,
                80.05747986448192
              ],
              [
                -64.12054442509283,
                80.13832091296891
              ],
              [
                -65.97666929690962,
                79.1016540433294
              ],
              [
                -67.50000000925297,
                79.13272858325605
              ],
              [
                -72.55221557393055,
                78.52110291005357
              ],
              [
                -72.8697204575708,
                78.145538322963
              ],
              [
                -71.32000733074517,
                77.76361084929675
              ],
              [
                -70.00418092153367,
                77.8427581860388
              ],
              [
                -70.60278320996956,
                77.67803954873634
              ],
              [
                -69.48139191119132,
                77.75263215273165
              ],
              [
                -70.28888701488104,
                77.5667953435161
              ],
              [
                -69.25028993022246,
                77.45304871285674
              ],
              [
                -68.76611327474546,
                77.6616515977983
              ],
              [
                -68.13555906743835,
                77.50749207755078
              ],
              [
                -66.31777953968982,
                77.6194305543812
              ],
              [
                -66.22027587926317,
                77.25027466179831
              ],
              [
                -69.10166931354577,
                77.27192688640397
              ],
              [
                -66.1776351941391,
                77.18081665117434
              ],
              [
                -70.14916993014343,
                77.24053955884663
              ],
              [
                -71.35221864130737,
                76.99359129873844
              ],
              [
                -67.98222349909729,
                76.67942809285283
              ],
              [
                -69.6175003073772,
                76.41901398005106
              ],
              [
                -68.30915831716467,
                76.07609558344191
              ],
              [
                -66.64805603551186,
                75.93637084849976
              ],
              [
                -67.03195191302306,
                76.26277161387458
              ],
              [
                -66.46139527438986,
                76.08166502563408
              ],
              [
                -65.66166686980688,
                76.26193236155905
              ],
              [
                -65.47972106034923,
                76.01860047130552
              ],
              [
                -63.38555907946946,
                76.37275695617072
              ],
              [
                -58.423614497705984,
                75.71971130304081
              ],
              [
                -58.095001206105934,
                75.0447082567807
              ],
              [
                -56.19291306582336,
                74.55026244565944
              ],
              [
                -57.32333754573856,
                74.10470579525233
              ],
              [
                -56.12916565299463,
                74.27832031428932
              ],
              [
                -55.61125184433264,
                73.72373198488721
              ],
              [
                -56.07180787135904,
                73.6459655722594
              ],
              [
                -55.14056013596215,
                73.20762633005417
              ],
              [
                -55.62138366947609,
                73.05609129643592
              ],
              [
                -54.85055540522358,
                73.01443481323433
              ],
              [
                -55.00402833516384,
                72.5106811599745
              ],
              [
                -54.29930878467451,
                72.48123169764078
              ],
              [
                -55.64722061815579,
                72.44226836631887
              ],
              [
                -54.943031326355175,
                72.38034058262588
              ],
              [
                -55.2983398511666,
                71.92858885256842
              ],
              [
                -54.389305106586995,
                72.22296906491998
              ],
              [
                -55.740837103926815,
                71.74552916089203
              ],
              [
                -55.54361725684828,
                71.4683227558543
              ],
              [
                -53.898750295223635,
                71.44831846615998
              ],
              [
                -53.61055754341628,
                72.3624878041109
              ],
              [
                -53.32194518100036,
                71.82221984902856
              ],
              [
                -52.687149059675576,
                71.99998472841601
              ],
              [
                -53.2505569553573,
                71.70277403368397
              ],
              [
                -51.64340590633888,
                71.70895384402363
              ],
              [
                -52.963058475160125,
                71.40887450918363
              ],
              [
                -51.34597015254107,
                71.48415373458458
              ],
              [
                -52.53444671680044,
                71.14888000699042
              ],
              [
                -51.64555359241597,
                71.36137389168987
              ],
              [
                -52.24590301963492,
                71.12191773188356
              ],
              [
                -50.9180603159961,
                71.02026368000806
              ],
              [
                -51.952499390099696,
                71.02110290122519
              ],
              [
                -50.63180542941236,
                70.73706819107122
              ],
              [
                -51.44096756242634,
                70.72575378736022
              ],
              [
                -50.6336135832413,
                70.32192993560963
              ],
              [
                -52.72222136014119,
                70.74470520988167
              ],
              [
                -54.128608713677465,
                70.82916259712492
              ],
              [
                -54.62722015445984,
                70.6530456526488
              ],
              [
                -52.31277467025869,
                70.04664612648486
              ],
              [
                -50.211944572081876,
                70.01527403713979
              ],
              [
                -50.88277816357861,
                69.4955368053382
              ],
              [
                -50.36727522668855,
                69.51271058155365
              ],
              [
                -51.12027360084289,
                69.20040130633058
              ],
              [
                -50.145004287306094,
                69.2247009370807
              ],
              [
                -50.68708039621738,
                69.12081147056315
              ],
              [
                -50.32208633929176,
                68.90998840919185
              ],
              [
                -51.074306476176446,
                69.13011931270175
              ],
              [
                -51.28882216066058,
                68.7470016413618
              ],
              [
                -50.65555191305698,
                68.8233261148295
              ],
              [
                -51.033199314978106,
                68.5794372523682
              ],
              [
                -53.38861083587292,
                68.3290252533152
              ],
              [
                -52.446388260111576,
                68.17886352470504
              ],
              [
                -50.81999968336169,
                68.50360108585787
              ],
              [
                -50.97138214826685,
                68.17761993109161
              ],
              [
                -51.43471908683625,
                68.20012664622507
              ],
              [
                -50.31166840893829,
                67.93247985591074
              ],
              [
                -53.32111357888936,
                68.18441772868493
              ],
              [
                -52.245559693382894,
                67.93872833150083
              ],
              [
                -53.19138336968824,
                68.04164886540656
              ],
              [
                -53.75118254571983,
                67.6046295011713
              ],
              [
                -51.60250091578948,
                67.97442626942461
              ],
              [
                -52.340137492659586,
                67.82221223350685
              ],
              [
                -51.713058468505665,
                67.69497679954033
              ],
              [
                -51.05999754606509,
                67.974151608423
              ],
              [
                -51.19972228100723,
                67.76332092794556
              ],
              [
                -50.428611767745366,
                67.81721497063634
              ],
              [
                -51.23082732845681,
                67.69720459507623
              ],
              [
                -50.09333038994667,
                67.73387146561183
              ],
              [
                -50.85222626323454,
                67.5908203222257
              ],
              [
                -50.07097244952243,
                67.51138305517136
              ],
              [
                -52.49610902293671,
                67.76971435314258
              ],
              [
                -53.880695346059724,
                67.26041411500898
              ],
              [
                -52.22638703689796,
                67.38943481438764
              ],
              [
                -51.14778137285073,
                67.1363830593947
              ],
              [
                -50.35048675955486,
                67.1843185568077
              ],
              [
                -51.189437856052315,
                67.12359617790227
              ],
              [
                -52.151390060506365,
                67.36997984669657
              ],
              [
                -53.961109164832,
                67.0742950567841
              ],
              [
                -52.232563022135366,
                66.83748627202387
              ],
              [
                -53.451942432096956,
                66.63749695761071
              ],
              [
                -52.417362202390294,
                66.54428863823985
              ],
              [
                -53.629024515181015,
                66.50624084359002
              ],
              [
                -53.615833292390676,
                66.2417907814234
              ],
              [
                -53.12249756948431,
                66.28470612754909
              ],
              [
                -53.47666167345565,
                66.09887696853808
              ],
              [
                -50.94860839123791,
                66.97859193108025
              ],
              [
                -50.001110066502164,
                66.97644041990088
              ],
              [
                -50.9563903907537,
                66.93470765234275
              ],
              [
                -50.33139038742647,
                66.83312226571766
              ],
              [
                -51.27138519875031,
                66.84387207811474
              ],
              [
                -53.461318970584344,
                66.02880097066046
              ],
              [
                -53.151664720611876,
                65.85581970818777
              ],
              [
                -51.92194366465336,
                66.03498840010627
              ],
              [
                -53.26500321596947,
                65.74282836418448
              ],
              [
                -52.72666168190233,
                65.74971009633886
              ],
              [
                -52.49590302718549,
                65.38796995750455
              ],
              [
                -51.48472595487141,
                65.76304626873615
              ],
              [
                -50.54694746377668,
                65.70769501757458
              ],
              [
                -51.694442753130105,
                65.69859314008882
              ],
              [
                -52.562152865453356,
                65.32005308991243
              ],
              [
                -52.09972381335148,
                65.23915099528118
              ],
              [
                -52.21138762918028,
                64.80664061805746
              ],
              [
                -51.24986268553933,
                65.01547241826542
              ],
              [
                -52.11624909479034,
                64.72276306034038
              ],
              [
                -52.00472640346622,
                64.20179747313763
              ],
              [
                -51.2241668613643,
                64.76220701731673
              ],
              [
                -51.14333343198346,
                64.61360166995071
              ],
              [
                -50.6340980650964,
                64.75832366776336
              ],
              [
                -50.981941234223385,
                65.2167968799592
              ],
              [
                -49.587776170865645,
                64.35359192954523
              ],
              [
                -50.65193939940296,
                64.69192505478628
              ],
              [
                -50.249168383726854,
                64.4090118459572
              ],
              [
                -51.76180647361673,
                64.18852234688461
              ],
              [
                -50.250839238153375,
                64.19497681822591
              ],
              [
                -51.63805390410633,
                64.02221678971671
              ],
              [
                -51.44332886336078,
                63.80499268404224
              ],
              [
                -50.924308791586185,
                63.9309654299824
              ],
              [
                -51.53416823159266,
                63.68054963692553
              ],
              [
                -51.209167484745024,
                63.52443695104533
              ],
              [
                -50.59749603470894,
                63.642494192071155
              ],
              [
                -51.21999358149865,
                63.441375726128584
              ],
              [
                -50.27965164991892,
                63.40061568518614
              ],
              [
                -51.10736465816031,
                63.340404501654874
              ],
              [
                -50.90258407662786,
                63.138648985144115
              ],
              [
                -50.13666534668092,
                63.21471403582247
              ],
              [
                -50.606391916443485,
                63.094436649465266
              ],
              [
                -50.322780610901944,
                62.82860566318442
              ],
              [
                -49.69971847279833,
                63.05526732239215
              ],
              [
                -50.31562424884433,
                62.49430083710367
              ],
              [
                -49.40222167285626,
                62.255828848121446
              ],
              [
                -49.66944885256201,
                61.99554444671435
              ],
              [
                -49.01361846278683,
                62.195266719232016
              ],
              [
                -48.842567446431616,
                62.07610704019584
              ],
              [
                -49.43860626328411,
                61.8413085799135
              ],
              [
                -49.23805235755705,
                61.71166230527346
              ],
              [
                -48.775276185199274,
                61.98721312519532
              ],
              [
                -49.14902879335864,
                61.71984864608715
              ],
              [
                -48.59921263666289,
                61.636337271940505
              ],
              [
                -49.29750060422772,
                61.557495103723014
              ],
              [
                -48.23270415022448,
                61.53589630615549
              ],
              [
                -48.980899813051124,
                61.35603713663068
              ],
              [
                -48.3786086955063,
                61.363883976294616
              ],
              [
                -48.63916778901341,
                61.210407252350485
              ],
              [
                -48.32083892236828,
                61.12416077459282
              ],
              [
                -47.92069624952211,
                61.32256699424279
              ],
              [
                -48.406665789517376,
                60.9920768835634
              ],
              [
                -47.68985748534646,
                61.00680159918106
              ],
              [
                -48.24243163407003,
                60.82429884861405
              ],
              [
                -47.0230560181123,
                60.976097099025516
              ],
              [
                -46.862220761461614,
                60.79735563682172
              ],
              [
                -45.774166099672726,
                61.334159852959274
              ],
              [
                -46.06555175452553,
                60.921104443426636
              ],
              [
                -45.34444428419654,
                61.075828554988064
              ],
              [
                -46.22235488691364,
                60.758052835448446
              ],
              [
                -45.43388366499965,
                60.9319381592864
              ],
              [
                -45.97798157369563,
                60.57791138581588
              ],
              [
                -45.556388846892744,
                60.50416565324225
              ],
              [
                -45.313331617640834,
                60.69999695710041
              ],
              [
                -45.21777344154393,
                60.434158320615026
              ],
              [
                -44.77624894649779,
                60.646659855519
              ],
              [
                -45.18652723849128,
                60.12929533776187
              ],
              [
                -44.470832816539115,
                60.55721282451137
              ],
              [
                -45.16902923043674,
                60.09221268171996
              ],
              [
                -44.610557551481264,
                59.98137664289989
              ],
              [
                -44.08250426747131,
                60.287563328825286
              ],
              [
                -43.08721925113017,
                60.10027313624124
              ],
              [
                -43.166248320685945,
                60.396244062462124
              ],
              [
                -43.59777832108946,
                60.30762863356549
              ],
              [
                -43.32666779183034,
                60.45110321266245
              ],
              [
                -44.19388580319235,
                60.63402174873577
              ],
              [
                -43.62999725075779,
                60.548606873089106
              ],
              [
                -43.6977767878491,
                60.71568681132601
              ],
              [
                -43.20861051970612,
                60.46443938505974
              ],
              [
                -42.75187682718721,
                60.684226993416004
              ],
              [
                -43.52465057576947,
                60.83693695539728
              ],
              [
                -42.79084015850912,
                60.80110168697267
              ],
              [
                -43.483608254719265,
                60.935684209437355
              ],
              [
                -42.70777510849011,
                61.059158323942256
              ],
              [
                -43.61236191220244,
                61.126380919924195
              ],
              [
                -42.63402937591648,
                61.101173402706536
              ],
              [
                -43.244445788130726,
                61.33735275600472
              ],
              [
                -42.507507339071466,
                61.355270374667825
              ],
              [
                -43.07917024081729,
                61.59360503314924
              ],
              [
                -42.43472288890511,
                61.55721282361526
              ],
              [
                -42.78277587888557,
                61.78665925056666
              ],
              [
                -42.32556152961383,
                61.76138306809859
              ],
              [
                -42.11777877147649,
                61.995128630109654
              ],
              [
                -42.97541427969829,
                62.47179412197022
              ],
              [
                -42.24388884791746,
                62.35888671252799
              ],
              [
                -42.364727031584685,
                62.5595741236536
              ],
              [
                -43.034172048762656,
                62.7219314600216
              ],
              [
                -41.75167083233211,
                62.84068297265761
              ],
              [
                -42.173194893884585,
                63.2030487178517
              ],
              [
                -41.538818352069974,
                63.032146445107315
              ],
              [
                -42.02305602259285,
                63.24694061569532
              ],
              [
                -41.43243025411718,
                63.1209640446529
              ],
              [
                -41.74666595035546,
                63.52165986460459
              ],
              [
                -41.113334656607584,
                63.30721281427247
              ],
              [
                -41.41444397020366,
                63.54943847251178
              ],
              [
                -40.7580566393191,
                63.50110625290702
              ],
              [
                -41.61777496237147,
                63.79222107186047
              ],
              [
                -40.51597596178513,
                63.69957351870125
              ],
              [
                -40.56777953944083,
                64.10914612597455
              ],
              [
                -41.5679893593982,
                64.26387785664211
              ],
              [
                -40.43250274536596,
                64.4224853488553
              ],
              [
                -41.155414575520005,
                64.96234893154136
              ],
              [
                -39.75556183388222,
                65.24275206472679
              ],
              [
                -40.2172165049151,
                65.50332642754456
              ],
              [
                -39.660274493684675,
                65.6799850438194
              ],
              [
                -39.33428954491456,
                65.53898620774089
              ],
              [
                -39.32444761898501,
                65.7155456512424
              ],
              [
                -39.057502750485405,
                65.55941772714992
              ],
              [
                -38.24652863854023,
                65.62831114645999
              ],
              [
                -38.48069381115986,
                66.01332855639447
              ],
              [
                -38.05194092829549,
                65.91249083731931
              ],
              [
                -37.69437027532296,
                66.26429749655685
              ],
              [
                -38.10610963198789,
                66.38693235874624
              ],
              [
                -37.38111113080262,
                66.31748961743293
              ],
              [
                -37.81076431212679,
                66.02928924651943
              ],
              [
                -37.193054207354116,
                65.76914979471928
              ],
              [
                -35.64083862399096,
                66.11859129682172
              ],
              [
                -35.85583496522792,
                66.43247987280411
              ],
              [
                -34.777221682074554,
                66.3194427519672
              ],
              [
                -33.05791474736449,
                67.63505554632135
              ],
              [
                -32.13194276094199,
                67.8488769591953
              ],
              [
                -32.48944471756572,
                68.61845397962983
              ],
              [
                -31.57166672216144,
                68.06694031718528
              ],
              [
                -30.433887472445157,
                68.05970763967274
              ],
              [
                -30.709720603573167,
                68.26081848650918
              ],
              [
                -30.025835047887234,
                68.11303712214801
              ],
              [
                -29.866109848353027,
                68.41318512223842
              ],
              [
                -29.37694550831037,
                68.19941710530422
              ],
              [
                -29.18722152443921,
                68.3905486957103
              ],
              [
                -26.3633346465014,
                68.66748047084478
              ],
              [
                -25.040279384879618,
                69.11831666423016
              ],
              [
                -25.209720624050966,
                69.27442931901197
              ],
              [
                -24.168331152542578,
                69.42276000537638
              ],
              [
                -24.347221389455584,
                69.60199736254528
              ],
              [
                -23.805557240948325,
                69.50804137562449
              ],
              [
                -22.324443809116595,
                69.98776244002968
              ],
              [
                -22.102500926675496,
                70.14942932988977
              ],
              [
                -23.56055832137053,
                70.10609437315553
              ],
              [
                -25.229164116435257,
                70.41442871405962
              ],
              [
                -26.898887618821,
                70.24859619453842
              ],
              [
                -27.341945637792854,
                69.96249390776616
              ],
              [
                -28.54277802872769,
                70.04470826126123
              ],
              [
                -26.326946262069683,
                70.37879944138624
              ],
              [
                -29.203678140627666,
                70.39303588114493
              ],
              [
                -28.03388978209653,
                70.70610047412245
              ],
              [
                -28.405414594719993,
                70.97706605377462
              ],
              [
                -27.79888915116524,
                71.14971922820756
              ],
              [
                -27.500833513111864,
                70.93747711609294
              ],
              [
                -26.47888563698583,
                70.96026611133415
              ],
              [
                -25.41027642677996,
                71.27484892782832
              ],
              [
                -25.877777098008558,
                71.50027464362715
              ],
              [
                -28.466941831118966,
                71.552474974573
              ],
              [
                -27.439441679113372,
                71.7360992575633
              ],
              [
                -28.617221826915383,
                72.13136290362685
              ],
              [
                -26.95027541097039,
                71.57859802846274
              ],
              [
                -24.73999784829227,
                71.33221435966843
              ],
              [
                -23.349027647178694,
                70.43997955752931
              ],
              [
                -22.62277603627193,
                70.44664002462181
              ],
              [
                -22.506946559683612,
                70.85054016072895
              ],
              [
                -22.37305641182718,
                70.44059754478296
              ],
              [
                -21.521667482193507,
                70.5024871707485
              ],
              [
                -21.679027555691,
                71.06637572318306
              ],
              [
                -22.32819365327142,
                71.05380248764637
              ],
              [
                -21.68333244395326,
                71.15408326561216
              ],
              [
                -21.80555724274054,
                71.50942991705264
              ],
              [
                -22.47110939425707,
                71.26068877242616
              ],
              [
                -21.89805412418861,
                71.73831175269014
              ],
              [
                -23.129306807070904,
                71.62789153047477
              ],
              [
                -22.503612532133488,
                71.90026854176412
              ],
              [
                -24.520557391290303,
                72.4119262557299
              ],
              [
                -25.527502065694783,
                72.1228942827054
              ],
              [
                -25.28833580510237,
                72.38304138471008
              ],
              [
                -25.907499324341956,
                72.41540526398535
              ],
              [
                -24.697498318771288,
                72.49775694798124
              ],
              [
                -24.726943956002742,
                72.68748472585628
              ],
              [
                -25.566665639565315,
                72.8330535950906
              ],
              [
                -26.462776172151663,
                72.57221984058187
              ],
              [
                -26.428611758153586,
                72.77804563908268
              ],
              [
                -27.38194274187471,
                72.82720946079843
              ],
              [
                -26.027225491693976,
                72.78720091250817
              ],
              [
                -25.061389937686563,
                73.0833282325444
              ],
              [
                -27.728332527633178,
                73.13179016354383
              ],
              [
                -26.396945944492366,
                73.23498535845118
              ],
              [
                -27.33750152202785,
                73.49247740410686
              ],
              [
                -26.13499830776488,
                73.24165344464983
              ],
              [
                -24.695276245339585,
                73.49539947125295
              ],
              [
                -25.688749313847907,
                73.9523468097276
              ],
              [
                -24.73055267565288,
                73.56944275324501
              ],
              [
                -24.0272254934862,
                73.8152618307254
              ],
              [
                -22.185554501387713,
                73.62331390751899
              ],
              [
                -24.03222275635671,
                73.70248413267785
              ],
              [
                -22.379165659914506,
                73.25054932638437
              ],
              [
                -20.428333277426354,
                73.47387695804197
              ],
              [
                -20.296112055896117,
                73.88333129812901
              ],
              [
                -21.748607627505123,
                74.0583190910757
              ],
              [
                -21.821666707574707,
                73.65109251542619
              ],
              [
                -22.48083115599841,
                74.06832885502901
              ],
              [
                -22.11097144459888,
                74.59054565495131
              ],
              [
                -19.684997546969413,
                74.23748778299421
              ],
              [
                -18.978193284647595,
                74.48345946028607
              ],
              [
                -19.392776496001744,
                74.68470763762332
              ],
              [
                -21.102500927571604,
                74.6552581752896
              ],
              [
                -20.638889328000573,
                75.0619201596252
              ],
              [
                -21.742496482415852,
                74.95359802155106
              ],
              [
                -22.434789643977368,
                75.16629790200173
              ],
              [
                -21.740413667585294,
                74.97650910908081
              ],
              [
                -20.561946867279232,
                75.19165039992473
              ],
              [
                -22.510559073337618,
                75.54081727212395
              ],
              [
                -21.406805041215065,
                75.45429992736854
              ],
              [
                -22.0894432092837,
                75.65498351339187
              ],
              [
                -19.610000601676212,
                75.13304137447118
              ],
              [
                -19.757225024927997,
                75.88943482231991
              ],
              [
                -21.98152541250746,
                75.99053955219217
              ],
              [
                -19.66722298091132,
                76.12969969582042
              ],
              [
                -21.682220458736445,
                76.23915101652237
              ],
              [
                -21.81444550536895,
                76.59027099215749
              ],
              [
                -22.742221820518125,
                76.6944275005705
              ],
              [
                -22.26694487187794,
                76.85859681586972
              ],
              [
                -21.604999543009612,
                76.64471435685151
              ],
              [
                -20.963054647634955,
                76.98275758287866
              ],
              [
                -18.453472131185826,
                76.7423400784683
              ],
              [
                -18.183055873536894,
                76.8810882616925
              ],
              [
                -18.395832069442484,
                77.34275817093766
              ],
              [
                -19.036388390498374,
                77.22526549012734
              ],
              [
                -21.049583436598766,
                77.54484556949203
              ],
              [
                -20.25694655392526,
                77.72915650498638
              ],
              [
                -19.303333290096376,
                77.58027649661874
              ],
              [
                -19.288890823488074,
                77.77331544472548
              ],
              [
                -20.86639023952383,
                78.0152740610693
              ],
              [
                -21.721942901816682,
                77.53096007509151
              ],
              [
                -22.03694532891943,
                77.68567656754679
              ],
              [
                -21.18360901795407,
                78.80727386207624
              ],
              [
                -19.07944489222713,
                79.20249176240458
              ],
              [
                -19.573612217244495,
                79.3311004702808
              ],
              [
                -19.86458398359293,
                79.15193174726392
              ],
              [
                -19.63138960948865,
                79.66137696610285
              ],
              [
                -17.45076178279126,
                80.05657959712052
              ],
              [
                -19.28944397059358,
                80.1033172466553
              ],
              [
                -20.34888839126588,
                79.77276612093003
              ],
              [
                -20.37333297162295,
                80.12248231513249
              ],
              [
                -19.700832381900348,
                80.28581237811618
              ],
              [
                -17.11388779412131,
                80.23692321740204
              ],
              [
                -16.11923407514577,
                80.50693513375307
              ],
              [
                -21.248886098507867,
                80.57158660794708
              ],
              [
                -16.005001065629372,
                80.72859191098415
              ],
              [
                -12.157639504892572,
                81.60067750492038
              ],
              [
                -15.09999847641074,
                81.92803955270247
              ],
              [
                -17.50250244839915,
                81.86248778004867
              ],
              [
                -18.249443042305572,
                81.43858338534561
              ],
              [
                -20.252223983154757,
                81.4235992469386
              ],
              [
                -19.940834038607633,
                81.68304442712855
              ],
              [
                -24.511669159760288,
                80.54081726764339
              ],
              [
                -22.198886879781128,
                81.48387144551575
              ],
              [
                -22.301391597082166,
                82.0844268684859
              ],
              [
                -27.328613290497834,
                81.38081361220759
              ],
              [
                -25.238887775178533,
                81.99636841179704
              ],
              [
                -33.09833525605878,
                81.77388000135656
              ],
              [
                -29.918331139615354,
                82.08888245955771
              ],
              [
                -31.591388700649617,
                82.2083282438039
              ],
              [
                -25.0688896259962,
                82.15248106657884
              ],
              [
                -21.364444739196827,
                82.62498475388054
              ],
              [
                -23.992774974278092,
                82.91165160086832
              ],
              [
                -25.87805558411244,
                82.77221679623847
              ],
              [
                -25.14222336706741,
                83.16276549063764
              ],
              [
                -35.4883346577609,
                82.74304199490636
              ],
              [
                -32.494720466540116,
                83.03610229818956
              ],
              [
                -33.387779220585706,
                83.15054320045911
              ],
              [
                -31.660278325955808,
                83.05693053979036
              ],
              [
                -25.67194364930323,
                83.27748108500721
              ],
              [
                -32.579170234677235,
                83.62359617866566
              ],
              [
                -33.8827743537102,
                83.45248411616619
              ],
              [
                -36.67194367054442,
                83.53692626519717
              ],
              [
                -36.43804930272575,
                83.36109925103332
              ],
              [
                -38.85639190364897,
                83.4316558745654
              ],
              [
                -38.67805481384147,
                83.20526122615476
              ],
              [
                -36.87791441865217,
                83.1486053352355
              ],
              [
                -39.11833192127032,
                82.99331666345856
              ],
              [
                -38.610282895856294,
                82.7435913169096
              ]
            ]
          ],
          [
            [
              [
                -98.72528076306575,
                71.27026367076753
              ],
              [
                -98.03944396886156,
                71.52873993057152
              ],
              [
                -98.2870788586807,
                71.89693450911265
              ],
              [
                -97.65638732935783,
                71.61470031730654
              ],
              [
                -96.58583831642771,
                71.81289672943858
              ],
              [
                -96.30006408706456,
                72.42630004874374
              ],
              [
                -96.6119384749229,
                72.74693298282276
              ],
              [
                -97.19749450552781,
                72.60720825085806
              ],
              [
                -97.29152679452356,
                72.96679687477189
              ],
              [
                -98.22721862712991,
                72.98748779421685
              ],
              [
                -97.15722656176172,
                73.39553832882373
              ],
              [
                -97.66680145148973,
                73.47970581151772
              ],
              [
                -96.96625518791629,
                73.63665771620059
              ],
              [
                -97.22361755259645,
                73.8563690198673
              ],
              [
                -99.23500060934438,
                73.73776245188958
              ],
              [
                -99.98110961948873,
                73.94581603859162
              ],
              [
                -100.063049315246,
                73.76499939077111
              ],
              [
                -101.11916351175552,
                73.7252578742617
              ],
              [
                -100.50903320216864,
                73.4147109971763
              ],
              [
                -100.91791534390798,
                73.59999084398012
              ],
              [
                -101.61901855504333,
                73.48776245031489
              ],
              [
                -99.77500152511016,
                73.2063751224829
              ],
              [
                -100.58306121899032,
                73.17025756940353
              ],
              [
                -100.03138732941818,
                72.93498230066164
              ],
              [
                -100.41221618529615,
                72.74192809974107
              ],
              [
                -101.29750061157506,
                72.70999145434271
              ],
              [
                -102.13722229128304,
                73.08692932226283
              ],
              [
                -102.73902893092304,
                72.72206878742858
              ],
              [
                -98.72528076306575,
                71.27026367076753
              ]
            ]
          ],
          [
            [
              [
                -123.08555603180876,
                71.0795745842394
              ],
              [
                -120.60166931244073,
                71.49359130619514
              ],
              [
                -120.13272857410216,
                72.24303436326598
              ],
              [
                -115.31903076196302,
                73.47706603968066
              ],
              [
                -117.4304122932745,
                74.22817993333497
              ],
              [
                -118.6738891603973,
                74.21998596372279
              ],
              [
                -119.16750335496174,
                73.98719787456064
              ],
              [
                -119.14320373515496,
                74.21040344118313
              ],
              [
                -119.73777770834852,
                74.05802917413112
              ],
              [
                -121.51862335469197,
                74.5488738989547
              ],
              [
                -124.77784729086495,
                74.33137512123322
              ],
              [
                -123.77471923854125,
                73.76443481564677
              ],
              [
                -125.8099975583495,
                71.97554016226306
              ],
              [
                -124.01862334962124,
                71.68747711252009
              ],
              [
                -123.08555603180876,
                71.0795745842394
              ]
            ]
          ],
          [
            [
              [
                -95.16111755396147,
                71.96470642053323
              ],
              [
                -94.19171905452671,
                71.99431610008376
              ],
              [
                -93.46555328234462,
                72.4538726809245
              ],
              [
                -94.30680084335006,
                72.76665496913428
              ],
              [
                -92.06610107481703,
                72.7524871833292
              ],
              [
                -90.2250061038909,
                73.90859985398285
              ],
              [
                -93.43167114184004,
                74.17221069231051
              ],
              [
                -95.24526977491,
                74.01026916568854
              ],
              [
                -94.61860656792861,
                73.65290832587043
              ],
              [
                -95.67749786239048,
                73.71762084905527
              ],
              [
                -95.16111755396147,
                71.96470642053323
              ]
            ]
          ],
          [
            [
              [
                -133.5755615236394,
                56.43360137924661
              ],
              [
                -133.08270263679924,
                56.53263092068681
              ],
              [
                -133.3472137452207,
                56.83762741073783
              ],
              [
                -133.0093078613347,
                56.600685119416376
              ],
              [
                -132.92652893062336,
                56.85152053840479
              ],
              [
                -133.9080505369091,
                57.08027648920073
              ],
              [
                -133.5755615236394,
                56.43360137924661
              ]
            ]
          ],
          [
            [
              [
                -132.12638854944205,
                54.688182830712755
              ],
              [
                -131.96804809574314,
                55.22096252476826
              ],
              [
                -132.23533630342396,
                55.1931152345583
              ],
              [
                -132.54292297344475,
                55.620964050587745
              ],
              [
                -132.14179992662204,
                55.47568511922441
              ],
              [
                -133.1802062984855,
                56.327285766992304
              ],
              [
                -133.6105346678296,
                56.34832763654505
              ],
              [
                -133.14385986286626,
                55.87978363019713
              ],
              [
                -133.36596679707802,
                55.61561584509884
              ],
              [
                -132.92114257844898,
                55.6246414186813
              ],
              [
                -133.12698364226134,
                55.49103164630705
              ],
              [
                -132.86749267604623,
                55.353881836015084
              ],
              [
                -133.2128448486733,
                55.27783966086705
              ],
              [
                -132.6507263182045,
                55.243812561029955
              ],
              [
                -132.12638854944205,
                54.688182830712755
              ]
            ]
          ],
          [
            [
              [
                -79.78195190414965,
                55.78804779032387
              ],
              [
                -79.15822601301792,
                56.203323363993555
              ],
              [
                -79.28284454342753,
                55.86783981314925
              ],
              [
                -79.06397247335607,
                56.21910476699704
              ],
              [
                -79.14817047094976,
                55.98443603519499
              ],
              [
                -79.1399993895876,
                56.546386718479475
              ],
              [
                -79.46166992195171,
                56.19332122828849
              ],
              [
                -79.46875000023533,
                56.546386718479475
              ],
              [
                -79.96194457993333,
                55.96027374292267
              ],
              [
                -79.47569274888409,
                56.120128631388475
              ],
              [
                -79.78195190414965,
                55.78804779032387
              ]
            ]
          ],
          [
            [
              [
                -134.10943603532087,
                55.99707794191648
              ],
              [
                -133.70849609393275,
                56.60158920272074
              ],
              [
                -134.24804687513932,
                56.93971252439212
              ],
              [
                -134.10943603532087,
                55.99707794191648
              ]
            ]
          ],
          [
            [
              [
                -153.9859619140458,
                56.73846435576743
              ],
              [
                -153.16688537663728,
                57.3460311883935
              ],
              [
                -152.68194580099302,
                57.28276824956962
              ],
              [
                -152.9269409184654,
                57.516937256111156
              ],
              [
                -152.33576965312102,
                57.4274940488068
              ],
              [
                -152.4772186277383,
                57.9031829828281
              ],
              [
                -153.11694335876737,
                57.949996947734725
              ],
              [
                -153.50619506807482,
                57.62846374450137
              ],
              [
                -153.9036254882901,
                57.83166503945239
              ],
              [
                -153.63500976589,
                57.27596664395291
              ],
              [
                -154.02999877864985,
                57.65138244681954
              ],
              [
                -154.6391906742999,
                57.504997253367755
              ],
              [
                -154.79945373528992,
                57.283329010429284
              ],
              [
                -154.2977905267117,
                56.84887695370104
              ],
              [
                -154.10609436100447,
                57.11547851495038
              ],
              [
                -154.4446716302054,
                57.11518096892523
              ],
              [
                -153.90417480496754,
                57.063602447917006
              ],
              [
                -153.9859619140458,
                56.73846435576743
              ]
            ]
          ],
          [
            [
              [
                -134.6545867916733,
                56.166103363069425
              ],
              [
                -134.83610534648687,
                57.25027084331423
              ],
              [
                -135.41610717750856,
                57.551521301536354
              ],
              [
                -135.66752624503616,
                57.345787048029536
              ],
              [
                -134.6545867916733,
                56.166103363069425
              ]
            ]
          ],
          [
            [
              [
                -134.5763854979401,
                57.02721405032506
              ],
              [
                -133.8626251224192,
                57.36554718046166
              ],
              [
                -134.2848205568182,
                58.06588363676449
              ],
              [
                -133.89501953113782,
                57.7566604611873
              ],
              [
                -134.1731262203648,
                58.15977859503903
              ],
              [
                -134.95013427705985,
                58.40547561642299
              ],
              [
                -134.5763854979401,
                57.02721405032506
              ]
            ]
          ]
        ]
      },
      "properties": {
        "SIGLA": "NAM",
        "NOME": "América do Norte + América Central",
        "PORCENTAGE": 14.1,
        "TONELADAS": 33500
      }
    },
    {
      "type": "Feature",
      "geometry": {
        "type": "MultiPolygon",
        "coordinates": [
          [
            [
              [
                169.0080261244226,
                -46.68083190917648
              ],
              [
                169.70190429600981,
                -46.55805206279449
              ],
              [
                170.3424682622146,
                -45.97360992303654
              ],
              [
                170.77970886067573,
                -45.88055419845424
              ],
              [
                170.55554199368567,
                -45.8961105340229
              ],
              [
                171.35556030233872,
                -44.28549194165729
              ],
              [
                172.4249877934328,
                -43.73361205910237
              ],
              [
                173.09164428869457,
                -43.856391905484365
              ],
              [
                172.75941467198064,
                -43.24291610681887
              ],
              [
                174.23635864376126,
                -41.83721924025589
              ],
              [
                174.04512023824222,
                -41.44666671945944
              ],
              [
                174.31954955873846,
                -41.001945495188
              ],
              [
                173.77581787007531,
                -41.28972625781544
              ],
              [
                173.9895477302727,
                -40.89680862418288
              ],
              [
                173.10552978609593,
                -41.3133316046053
              ],
              [
                173.0133056647955,
                -40.796669004472506
              ],
              [
                172.6569213868395,
                -40.65332794364865
              ],
              [
                172.98822021357591,
                -40.53104019079257
              ],
              [
                172.63024902496628,
                -40.51055908403747
              ],
              [
                172.11386108205957,
                -40.87999725208786
              ],
              [
                172.06497192273412,
                -41.40361023051235
              ],
              [
                171.51080322325316,
                -41.764450072889346
              ],
              [
                170.79412841737238,
                -42.90139007396094
              ],
              [
                168.8624725345326,
                -43.97499466047325
              ],
              [
                168.38302612136494,
                -44.03444671584931
              ],
              [
                167.14636230624902,
                -45.00167083821039
              ],
              [
                167.17086792062727,
                -45.305286409434366
              ],
              [
                166.86883544828027,
                -45.279724119845774
              ],
              [
                166.69816589283172,
                -45.55069351037819
              ],
              [
                166.97412109530376,
                -45.73500060856424
              ],
              [
                166.47689819394796,
                -45.80972289890263
              ],
              [
                166.47497558531504,
                -46.002784730384036
              ],
              [
                166.9446258531841,
                -45.94923400969289
              ],
              [
                166.72190856823465,
                -46.212497710536724
              ],
              [
                167.54635619938097,
                -46.15416717485064
              ],
              [
                169.0080261244226,
                -46.68083190917648
              ]
            ]
          ],
          [
            [
              [
                146.83358764561356,
                -43.64805603065614
              ],
              [
                147.31747436597098,
                -42.846664429100514
              ],
              [
                147.79368591300724,
                -42.929889678800826
              ],
              [
                147.6972045889379,
                -43.163612365037984
              ],
              [
                147.99552917451066,
                -43.22758865317104
              ],
              [
                148.27331543047686,
                -40.901107787431116
              ],
              [
                147.97183227618416,
                -40.74478912380031
              ],
              [
                146.36968994062897,
                -41.17083740233329
              ],
              [
                144.7622070319722,
                -40.728050232369874
              ],
              [
                144.68579101644423,
                -41.216594695225
              ],
              [
                145.55204772886194,
                -42.35110855166113
              ],
              [
                145.4694213874702,
                -42.52305602981426
              ],
              [
                145.2052307124682,
                -42.25695037747052
              ],
              [
                145.459686279597,
                -42.90444183410996
              ],
              [
                146.03829956024583,
                -43.49805450446517
              ],
              [
                146.83358764561356,
                -43.64805603065614
              ]
            ]
          ],
          [
            [
              [
                174.80081176808048,
                -41.10028076127527
              ],
              [
                174.59191894698097,
                -41.27861022934419
              ],
              [
                174.8912353498194,
                -41.226245881109264
              ],
              [
                175.2308044418119,
                -41.62083435041816
              ],
              [
                175.984680174416,
                -41.23138427771822
              ],
              [
                177.11744690058202,
                -39.679306031334384
              ],
              [
                176.9335784922783,
                -39.35277938969855
              ],
              [
                177.42608642749062,
                -39.06416320895817
              ],
              [
                177.90997314414554,
                -39.256950377345206
              ],
              [
                177.9288635262724,
                -38.72222137380429
              ],
              [
                178.29844665506113,
                -38.539169312049246
              ],
              [
                178.5576171875153,
                -37.69569015354243
              ],
              [
                178.01800537136143,
                -37.550830842294104
              ],
              [
                177.15942382754173,
                -38.01333618333736
              ],
              [
                175.99441528473918,
                -37.638893127189945
              ],
              [
                176.16560363806974,
                -37.62104034403525
              ],
              [
                175.70870971707626,
                -36.87263488852087
              ],
              [
                175.84078979530355,
                -36.75417327880872
              ],
              [
                175.5403900156021,
                -36.517360687441744
              ],
              [
                175.35244751158564,
                -36.48999786305717
              ],
              [
                175.57913207865207,
                -37.24444580084109
              ],
              [
                174.80831909118098,
                -36.80527496266939
              ],
              [
                174.31997680746306,
                -35.23277282649146
              ],
              [
                174.1435852036659,
                -35.32861328147193
              ],
              [
                174.10107421976878,
                -35.12110900840977
              ],
              [
                173.58941650545492,
                -34.92861175559129
              ],
              [
                173.31747436593702,
                -35.0188903813915
              ],
              [
                173.03887939441856,
                -34.43694305587309
              ],
              [
                172.739135742339,
                -34.43555450414456
              ],
              [
                173.38177490241137,
                -35.524719239901955
              ],
              [
                173.65554809481353,
                -35.317916868661364
              ],
              [
                173.39720153855652,
                -35.57069778275944
              ],
              [
                174.06761169259664,
                -36.39708328414228
              ],
              [
                173.98469543395825,
                -36.009639738859214
              ],
              [
                174.25540161102595,
                -36.27277755563861
              ],
              [
                174.44219970837395,
                -36.169723509796036
              ],
              [
                174.45469665547486,
                -36.647914887650295
              ],
              [
                174.17790222193793,
                -36.462917328283844
              ],
              [
                174.50024413980375,
                -37.03472519056573
              ],
              [
                174.88748168826913,
                -37.05916595555455
              ],
              [
                174.57830810442312,
                -37.11555480863269
              ],
              [
                174.9402465838211,
                -38.10111236564329
              ],
              [
                174.5877380361896,
                -38.828887938237074
              ],
              [
                173.7516479504598,
                -39.269996644371716
              ],
              [
                175.17831420991388,
                -40.1341705322744
              ],
              [
                175.16415405112164,
                -40.63194274775879
              ],
              [
                174.80081176808048,
                -41.10028076127527
              ]
            ]
          ],
          [
            [
              [
                137.45544433589342,
                -36.08534240718153
              ],
              [
                138.11190795890502,
                -35.81750488307622
              ],
              [
                137.3376007079381,
                -35.58874893174782
              ],
              [
                136.58114624028832,
                -35.76944351226969
              ],
              [
                136.71218872106058,
                -36.05666351347584
              ],
              [
                137.45544433589342,
                -36.08534240718153
              ]
            ]
          ],
          [
            [
              [
                -175.1452941894275,
                -21.268062591491123
              ],
              [
                -175.04876708979057,
                -21.13694381715247
              ],
              [
                -175.3411254882502,
                -21.074863433853395
              ],
              [
                -175.1452941894275,
                -21.268062591491123
              ]
            ]
          ],
          [
            [
              [
                -149.17919921887446,
                -17.870834350595068
              ],
              [
                -149.35916137682955,
                -17.53445053088987
              ],
              [
                -149.6325073243356,
                -17.54999923699726
              ],
              [
                -149.17919921887446,
                -17.870834350595068
              ]
            ]
          ],
          [
            [
              [
                166.91693115243146,
                -22.398887633787332
              ],
              [
                166.9509429926876,
                -22.093610763358534
              ],
              [
                163.99551391649823,
                -20.08791732850987
              ],
              [
                164.38510131903854,
                -20.771808624885193
              ],
              [
                165.25997924733997,
                -21.55805587731407
              ],
              [
                166.91693115243146,
                -22.398887633787332
              ]
            ]
          ],
          [
            [
              [
                178.809692382869,
                -16.949722290122043
              ],
              [
                179.27046203587835,
                -16.691318512058096
              ],
              [
                179.84469604512148,
                -16.74388885513113
              ],
              [
                179.93864440949326,
                -16.467948913668312
              ],
              [
                179.4814910885181,
                -16.696943282703167
              ],
              [
                179.99999999996456,
                -16.154724120816248
              ],
              [
                178.5977478023819,
                -16.64277839656949
              ],
              [
                178.49217224121006,
                -16.804445266988807
              ],
              [
                178.809692382869,
                -16.949722290122043
              ]
            ]
          ],
          [
            [
              [
                177.9602355959841,
                -18.268333434798723
              ],
              [
                178.6948394775054,
                -18.05208396878605
              ],
              [
                178.59468078631886,
                -17.63944435155524
              ],
              [
                178.1869201656991,
                -17.32333373996285
              ],
              [
                177.51469421374514,
                -17.50666809063044
              ],
              [
                177.25804138165077,
                -17.87208366419243
              ],
              [
                177.3314971920471,
                -18.117639541537116
              ],
              [
                177.9602355959841,
                -18.268333434798723
              ]
            ]
          ],
          [
            [
              [
                123.75417327499596,
                -16.869720460175593
              ],
              [
                123.83193207469424,
                -17.136180882622345
              ],
              [
                123.59262084725037,
                -16.99666595425572
              ],
              [
                123.57527160558325,
                -17.59749984998348
              ],
              [
                122.92025756460731,
                -16.414583206233363
              ],
              [
                122.17498780095751,
                -17.243331906290877
              ],
              [
                122.33748626953924,
                -18.13138962313034
              ],
              [
                121.84886931826955,
                -18.470275870128717
              ],
              [
                120.99359894404027,
                -19.61124991467384
              ],
              [
                119.5817947393416,
                -20.070835108447284
              ],
              [
                119.08026885019896,
                -19.968748101732487
              ],
              [
                118.80108641758233,
                -20.28583526339673
              ],
              [
                118.17852019493625,
                -20.348680489605673
              ],
              [
                117.68538666227761,
                -20.676387785341092
              ],
              [
                116.7074890039455,
                -20.649166099721157
              ],
              [
                114.65109252093039,
                -21.840000155007523
              ],
              [
                114.15386963177261,
                -22.527778630482583
              ],
              [
                114.16297149818985,
                -21.798818593465292
              ],
              [
                113.93331909190695,
                -21.976108541719473
              ],
              [
                113.65637207291452,
                -22.604721077810897
              ],
              [
                113.7630462684934,
                -23.4727745091185
              ],
              [
                113.38970947138453,
                -24.429443363710735
              ],
              [
                114.25811004231561,
                -25.847846987539178
              ],
              [
                114.22144317902041,
                -26.292499548771517
              ],
              [
                114.06929015411569,
                -26.461666098734632
              ],
              [
                113.87886046928689,
                -26.02888869254184
              ],
              [
                113.71400451395792,
                -26.19694327824102
              ],
              [
                113.46943665104376,
                -25.540836332052898
              ],
              [
                113.81526184145223,
                -26.573890679229713
              ],
              [
                113.64345549900456,
                -26.65430640593464
              ],
              [
                113.28765869963134,
                -26.027776728277907
              ],
              [
                113.22442627047188,
                -26.23916625865366
              ],
              [
                113.93692015591397,
                -27.19888687924007
              ],
              [
                114.15428924131925,
                -28.090972905670224
              ],
              [
                114.88734436703692,
                -29.205833441881637
              ],
              [
                115.04727172607959,
                -30.50472259450987
              ],
              [
                115.70581816881094,
                -31.716386786183143
              ],
              [
                115.71263123142641,
                -33.26402663242313
              ],
              [
                115.396942147435,
                -33.62138366661313
              ],
              [
                114.99710083137033,
                -33.52410506620353
              ],
              [
                115.00894927062724,
                -34.26243209946554
              ],
              [
                116.4605407668669,
                -34.99958800469708
              ],
              [
                117.6195678721989,
                -35.09083556373537
              ],
              [
                118.91165161894256,
                -34.45305632734055
              ],
              [
                119.3255462644341,
                -34.446945200702906
              ],
              [
                120.00498962266204,
                -33.928886422263105
              ],
              [
                123.54081726849505,
                -33.90583039143094
              ],
              [
                124.28193664943113,
                -32.985557558799066
              ],
              [
                125.9722747823339,
                -32.26673888253977
              ],
              [
                127.16499328325555,
                -32.2938919059081
              ],
              [
                128.97871398502883,
                -31.696109776174524
              ],
              [
                131.14859009020125,
                -31.474027641804412
              ],
              [
                132.19593810537944,
                -32.02694701933467
              ],
              [
                133.66282652899963,
                -32.15242767732616
              ],
              [
                134.18414306018843,
                -32.48666382610395
              ],
              [
                134.2692871079322,
                -33.11999893033914
              ],
              [
                134.70747374617255,
                -33.177223205544486
              ],
              [
                135.3965148993469,
                -34.64402771553289
              ],
              [
                135.95640564757724,
                -35.00823593044187
              ],
              [
                135.9369049059177,
                -34.536876671170496
              ],
              [
                136.41345213840776,
                -34.040977485926554
              ],
              [
                137.20996093141986,
                -33.66610716978358
              ],
              [
                137.77484130215112,
                -32.992774958887146
              ],
              [
                137.81628418584924,
                -32.56687544919599
              ],
              [
                137.94857788576235,
                -33.559303285738515
              ],
              [
                137.5033264233173,
                -34.15055085092235
              ],
              [
                137.43414305874677,
                -34.93888854627933
              ],
              [
                137.02407837212812,
                -34.90201186786387
              ],
              [
                136.86836242201375,
                -35.20236205731193
              ],
              [
                137.74816893523789,
                -35.132778162940355
              ],
              [
                138.0922546405513,
                -34.13492965064168
              ],
              [
                138.51416015108367,
                -35.02499771460491
              ],
              [
                138.09315490655302,
                -35.61916733662287
              ],
              [
                139.35661315780268,
                -35.37444304876601
              ],
              [
                139.22462463035023,
                -35.6896743844134
              ],
              [
                139.66040039166577,
                -36.216247551072485
              ],
              [
                139.2271270776377,
                -35.79144667879474
              ],
              [
                139.82350158982564,
                -36.55458450005803
              ],
              [
                139.8144226108256,
                -37.299728403607084
              ],
              [
                140.52996826226186,
                -38.000282279429584
              ],
              [
                141.5713500906488,
                -38.41722107557216
              ],
              [
                141.75094603930842,
                -38.267082205462785
              ],
              [
                142.37933348820553,
                -38.36389159312587
              ],
              [
                143.542953493909,
                -38.85923386501382
              ],
              [
                144.65887450804257,
                -38.285003653253824
              ],
              [
                144.70634460474656,
                -38.14916610787671
              ],
              [
                144.3685607821393,
                -38.12652587891962
              ],
              [
                144.91767884110897,
                -37.86854172658864
              ],
              [
                145.13127135781892,
                -38.13701247546529
              ],
              [
                144.76110839982726,
                -38.3777770952892
              ],
              [
                144.90136718994682,
                -38.50583647816292
              ],
              [
                145.44427489518526,
                -38.22694015895517
              ],
              [
                145.4160766659688,
                -38.54583739249574
              ],
              [
                146.39413451552747,
                -39.14722443529565
              ],
              [
                146.46926879481524,
                -38.80562590519567
              ],
              [
                146.29649352411423,
                -38.916561133596566
              ],
              [
                146.21926879174248,
                -38.71597289140608
              ],
              [
                146.87356566605428,
                -38.65166473294428
              ],
              [
                147.75915526673208,
                -37.98249817683563
              ],
              [
                149.45718384083486,
                -37.78333282426482
              ],
              [
                149.9716339192306,
                -37.522220607651036
              ],
              [
                150.16247557756904,
                -35.94055176607073
              ],
              [
                150.93414305912566,
                -34.33167266188522
              ],
              [
                151.8121337889661,
                -32.888751978807555
              ],
              [
                152.5296935951977,
                -32.403610231444134
              ],
              [
                153.05245971109494,
                -31.034999839247245
              ],
              [
                153.62419128323904,
                -28.661039345784374
              ],
              [
                153.03456115072112,
                -27.17666625982963
              ],
              [
                153.18191528849957,
                -25.949443818619926
              ],
              [
                152.92053223055095,
                -25.735416420289283
              ],
              [
                152.90782166408968,
                -25.288888932600592
              ],
              [
                152.67149354038838,
                -25.245136261519285
              ],
              [
                151.9334411561328,
                -24.217914584302115
              ],
              [
                150.86718749283614,
                -23.505001068619514
              ],
              [
                150.63455200350455,
                -22.343055734818826
              ],
              [
                150.59301757013762,
                -22.586112966116072
              ],
              [
                150.0437316839044,
                -22.149028772960726
              ],
              [
                150.03829956443965,
                -22.641006470356825
              ],
              [
                149.6994781513274,
                -22.45249939065457
              ],
              [
                149.21469115893063,
                -21.08000182104178
              ],
              [
                148.7291259736551,
                -20.71749878079593
              ],
              [
                148.7688903777789,
                -20.2324619306457
              ],
              [
                147.6695556638139,
                -19.82472228279041
              ],
              [
                147.40148925240985,
                -19.307950973302876
              ],
              [
                147.13943482332536,
                -19.402778633460635
              ],
              [
                146.27761839945,
                -18.887014391023836
              ],
              [
                146.33357238161292,
                -18.535625447460916
              ],
              [
                146.0094299356168,
                -18.238052375000613
              ],
              [
                146.03192139636207,
                -17.364444730411357
              ],
              [
                145.40205383930228,
                -16.440971384267364
              ],
              [
                145.31579590276488,
                -14.945554726329348
              ],
              [
                144.43510437491918,
                -14.254027370553352
              ],
              [
                143.7821960384074,
                -14.413333892884022
              ],
              [
                143.42997741562397,
                -12.616805076611161
              ],
              [
                143.0774688717601,
                -12.334304816948851
              ],
              [
                143.161102287887,
                -12.04583359021192
              ],
              [
                142.85981750131137,
                -11.833193777763391
              ],
              [
                142.61314391323918,
                -10.750763883972017
              ],
              [
                142.1476898145445,
                -10.949166295044279
              ],
              [
                141.59411622109434,
                -12.531667712986494
              ],
              [
                141.88941954880465,
                -12.763473502403734
              ],
              [
                141.59384155139406,
                -12.957500464261834
              ],
              [
                141.6887206978936,
                -13.254027358262256
              ],
              [
                141.46884154985767,
                -13.828056342856911
              ],
              [
                141.66552734255822,
                -15.026528359695906
              ],
              [
                141.21427916986767,
                -16.667778011310894
              ],
              [
                140.83329772708706,
                -17.45194243653695
              ],
              [
                140.49496460646697,
                -17.64083481535392
              ],
              [
                140.01858520124046,
                -17.712776175778867
              ],
              [
                139.26052857284077,
                -17.342498780701206
              ],
              [
                139.01054382114816,
                -16.899166115711136
              ],
              [
                138.19482422825084,
                -16.707359316097065
              ],
              [
                137.7376708949836,
                -16.251735694192366
              ],
              [
                136.76580810638825,
                -15.904445647001399
              ],
              [
                135.45135497202233,
                -14.932777401452253
              ],
              [
                135.37274170185057,
                -14.728887556208022
              ],
              [
                136.02026367303816,
                -13.762500758076026
              ],
              [
                135.8457946713826,
                -13.603887563074405
              ],
              [
                135.92726135683077,
                -13.277847282510862
              ],
              [
                136.3090209924901,
                -13.100416181388024
              ],
              [
                136.45800781431464,
                -13.25250054404114
              ],
              [
                136.4944152799836,
                -12.779167172607586
              ],
              [
                136.97836303259322,
                -12.358159072323257
              ],
              [
                136.77540588064076,
                -12.171736713503744
              ],
              [
                136.67323303576453,
                -12.28451442037711
              ],
              [
                136.56219481398622,
                -11.934444421138569
              ],
              [
                136.1777496317018,
                -12.166945462414507
              ],
              [
                136.36392211207402,
                -12.239721303037154
              ],
              [
                136.29373168045274,
                -12.414305693696601
              ],
              [
                136.03970336778926,
                -12.47166634148726
              ],
              [
                136.02304076933206,
                -12.111944205206875
              ],
              [
                135.67469788025593,
                -12.214583407075931
              ],
              [
                135.88046265195652,
                -11.835000041968136
              ],
              [
                135.0838623092756,
                -12.266666415121016
              ],
              [
                134.77137756716175,
                -11.995832447295893
              ],
              [
                134.2066345209337,
                -12.061665536836877
              ],
              [
                133.7622070262018,
                -11.767640117512165
              ],
              [
                133.18304443117776,
                -11.716665266059437
              ],
              [
                132.9180297857679,
                -11.336944576448431
              ],
              [
                132.67198181469107,
                -11.508126253818652
              ],
              [
                132.340515146864,
                -11.130138406571312
              ],
              [
                132.14668274874597,
                -11.140000338039549
              ],
              [
                132.2049560581649,
                -11.409723272824763
              ],
              [
                131.9843292200106,
                -11.127429951835161
              ],
              [
                131.76426697263707,
                -11.306687348826259
              ],
              [
                132.08677673458715,
                -11.524723045777943
              ],
              [
                132.48995971703258,
                -11.476943968941733
              ],
              [
                132.6914978077308,
                -11.65819548906466
              ],
              [
                132.638458246365,
                -12.078610420337533
              ],
              [
                132.06266784117597,
                -12.30909728612426
              ],
              [
                131.00302123304613,
                -12.207708366327982
              ],
              [
                130.8963623095413,
                -12.6402778612363
              ],
              [
                130.59426880663273,
                -12.389861104370556
              ],
              [
                130.14070128599232,
                -12.92592429231528
              ],
              [
                130.26443482285174,
                -13.325277336581681
              ],
              [
                129.828857412254,
                -13.51694583908078
              ],
              [
                129.73272705245765,
                -13.994722370062206
              ],
              [
                129.370239263592,
                -14.333332064218375
              ],
              [
                129.63804625667592,
                -14.705362312629354
              ],
              [
                129.9444274874953,
                -14.767778389418833
              ],
              [
                129.6313018770059,
                -15.107501020450698
              ],
              [
                129.22961425410335,
                -14.839235306410966
              ],
              [
                129.191070560516,
                -15.18250083098895
              ],
              [
                129.08941651089225,
                -14.899444589194673
              ],
              [
                128.51025391586822,
                -14.764167785539001
              ],
              [
                128.44828797207964,
                -15.047082895158496
              ],
              [
                128.30628967617116,
                -14.912776944285842
              ],
              [
                128.19210815942375,
                -15.065208425868558
              ],
              [
                128.28718567733492,
                -15.400694856719127
              ],
              [
                128.13679504563635,
                -15.255670537987367
              ],
              [
                128.02084349964576,
                -15.498229026389517
              ],
              [
                128.16943359934083,
                -14.70277785554589
              ],
              [
                127.42525481637357,
                -13.954027176482445
              ],
              [
                126.85790252180907,
                -13.75097179074205
              ],
              [
                126.60054015810799,
                -14.22972107834228
              ],
              [
                126.50248717249124,
                -13.96472168431259
              ],
              [
                126.28777313095068,
                -14.233055108686031
              ],
              [
                126.01759337904546,
                -13.926527013490642
              ],
              [
                126.03762055199452,
                -14.515208249418741
              ],
              [
                125.90277099392253,
                -14.64361191616225
              ],
              [
                125.7227935745136,
                -14.40430544830786
              ],
              [
                125.64224242714126,
                -14.630104056382756
              ],
              [
                125.61831665376155,
                -14.222429283801361
              ],
              [
                125.58888244193462,
                -14.549444204125628
              ],
              [
                125.1360244726152,
                -14.74743079262895
              ],
              [
                125.43476867310598,
                -15.133124353150365
              ],
              [
                125.0783233693202,
                -14.999721524033149
              ],
              [
                124.8248519907066,
                -15.16027832843659
              ],
              [
                125.18180847440169,
                -15.520685204091102
              ],
              [
                124.7052688572548,
                -15.253334055515406
              ],
              [
                124.65637206325954,
                -15.479721073012286
              ],
              [
                124.45726775759718,
                -15.478262900348906
              ],
              [
                124.40019988664068,
                -15.864304552411685
              ],
              [
                124.72671509145809,
                -15.808958059416373
              ],
              [
                124.382202140561,
                -16.282501225276317
              ],
              [
                124.76227570199671,
                -16.38965224894485
              ],
              [
                123.57089996404066,
                -16.17166518258125
              ],
              [
                123.7088775657016,
                -16.430278780273007
              ],
              [
                123.5013732882121,
                -16.565971365109885
              ],
              [
                123.75417327499596,
                -16.869720460175593
              ]
            ]
          ],
          [
            [
              [
                166.80538940423543,
                -15.661110877966623
              ],
              [
                167.19497680682707,
                -15.516944885430489
              ],
              [
                167.15658569345453,
                -15.203564643793197
              ],
              [
                167.00532531732458,
                -14.925764083657388
              ],
              [
                166.8027648924194,
                -15.15750122065324
              ],
              [
                166.59918212903762,
                -14.626040458703299
              ],
              [
                166.80538940423543,
                -15.661110877966623
              ]
            ]
          ],
          [
            [
              [
                -172.22503662103162,
                -13.80888938914583
              ],
              [
                -172.30342102051233,
                -13.47215366369414
              ],
              [
                -172.72863769529943,
                -13.513334274209596
              ],
              [
                -172.52792358396465,
                -13.802709579566404
              ],
              [
                -172.22503662103162,
                -13.80888938914583
              ]
            ]
          ],
          [
            [
              [
                130.95886230492036,
                -11.938888550080264
              ],
              [
                131.52859497065094,
                -11.39194488511982
              ],
              [
                131.2715148923996,
                -11.190278053414149
              ],
              [
                130.7049560547363,
                -11.390277862328146
              ],
              [
                130.3926849365898,
                -11.163402557154905
              ],
              [
                130.493438720501,
                -11.642013549985139
              ],
              [
                130.95886230492036,
                -11.938888550080264
              ]
            ]
          ],
          [
            [
              [
                157.44384765599142,
                -7.43388843528026
              ],
              [
                157.0424804689708,
                -6.901666641459203
              ],
              [
                156.44163513188752,
                -6.6398615837978365
              ],
              [
                156.9320678710707,
                -7.2163891793809825
              ],
              [
                157.44384765599142,
                -7.43388843528026
              ]
            ]
          ],
          [
            [
              [
                113.40109252895859,
                -7.229166984460078
              ],
              [
                114.12345123314483,
                -6.949791431773594
              ],
              [
                113.00166320787648,
                -6.887222289675459
              ],
              [
                112.68775939944759,
                -7.047638892912037
              ],
              [
                113.40109252895859,
                -7.229166984460078
              ]
            ]
          ],
          [
            [
              [
                134.18261718759112,
                -6.92152738569418
              ],
              [
                134.51573181133296,
                -6.592500209750249
              ],
              [
                134.12094116211878,
                -6.170351982134188
              ],
              [
                134.18261718759112,
                -6.92152738569418
              ]
            ]
          ],
          [
            [
              [
                134.6055145264355,
                -6.3695826529559625
              ],
              [
                134.72996521008275,
                -6.034722328260261
              ],
              [
                134.29275512705587,
                -6.048889160099482
              ],
              [
                134.6055145264355,
                -6.3695826529559625
              ]
            ]
          ],
          [
            [
              [
                131.302612304645,
                -8.028334617593506
              ],
              [
                131.6300964354211,
                -7.629166126168129
              ],
              [
                131.6540069577999,
                -7.116110801718016
              ],
              [
                131.08430480952282,
                -7.865937233151636
              ],
              [
                131.302612304645,
                -8.028334617593506
              ]
            ]
          ],
          [
            [
              [
                160.650268554598,
                -9.930000305236318
              ],
              [
                160.78012084948082,
                -9.731944083855176
              ],
              [
                160.38638305661826,
                -9.426666259642602
              ],
              [
                159.6018371582316,
                -9.320555686720006
              ],
              [
                159.8343353268399,
                -9.79916667922576
              ],
              [
                160.650268554598,
                -9.930000305236318
              ]
            ]
          ],
          [
            [
              [
                161.37899780284678,
                -9.631874084441787
              ],
              [
                160.9835662839904,
                -8.59055519105635
              ],
              [
                160.5802459714703,
                -8.334999084380504
              ],
              [
                160.80816650393913,
                -9.062639236288367
              ],
              [
                161.37899780284678,
                -9.631874084441787
              ]
            ]
          ],
          [
            [
              [
                117.04776000965278,
                -9.110762595766177
              ],
              [
                118.14873504628153,
                -8.872638702594946
              ],
              [
                118.39526367166712,
                -8.634861946633855
              ],
              [
                118.45720672606791,
                -8.87194442692436
              ],
              [
                119.18450927728694,
                -8.700556755306286
              ],
              [
                118.99991607694037,
                -8.315763473644795
              ],
              [
                118.31629943867408,
                -8.374651908892288
              ],
              [
                117.92192077669063,
                -8.085556029784714
              ],
              [
                117.70574951175843,
                -8.237221717496643
              ],
              [
                118.28109741225133,
                -8.6422233580019
              ],
              [
                117.95693969718097,
                -8.737777709397763
              ],
              [
                117.1502685542953,
                -8.36847114563184
              ],
              [
                116.77942657459958,
                -8.673334122304617
              ],
              [
                116.75249481257768,
                -9.01166725152971
              ],
              [
                117.04776000965278,
                -9.110762595766177
              ]
            ]
          ],
          [
            [
              [
                119.45143890375817,
                -8.753264427177495
              ],
              [
                119.58526611334959,
                -8.55999946590721
              ],
              [
                119.4469299316337,
                -8.42847251892846
              ],
              [
                119.45143890375817,
                -8.753264427177495
              ]
            ]
          ],
          [
            [
              [
                120.39137268064378,
                -10.265834808184394
              ],
              [
                120.82666015661937,
                -10.010278701358684
              ],
              [
                119.93983459490659,
                -9.28965282483197
              ],
              [
                118.93324279789587,
                -9.55944442708936
              ],
              [
                120.39137268064378,
                -10.265834808184394
              ]
            ]
          ],
          [
            [
              [
                123.81165313717523,
                -10.37583160487723
              ],
              [
                124.44747924892755,
                -10.154722213430986
              ],
              [
                125.35276031453893,
                -9.295416831889876
              ],
              [
                126.47456359858062,
                -8.951110839214595
              ],
              [
                127.3033828729976,
                -8.396944998905278
              ],
              [
                125.14526367237812,
                -8.634723664059285
              ],
              [
                124.9518966666131,
                -8.950126647739587
              ],
              [
                123.6746978758609,
                -9.62944412257562
              ],
              [
                123.48831176766708,
                -10.316389084278232
              ],
              [
                123.81165313717523,
                -10.37583160487723
              ]
            ]
          ],
          [
            [
              [
                162.30581665029715,
                -10.841943740811287
              ],
              [
                162.10649108905957,
                -10.449304580680844
              ],
              [
                161.29698181125997,
                -10.211874008007847
              ],
              [
                161.77832031268832,
                -10.720832824888415
              ],
              [
                162.30581665029715,
                -10.841943740811287
              ]
            ]
          ],
          [
            [
              [
                159.89001464840487,
                -8.557569503694747
              ],
              [
                159.38803100551144,
                -7.994166374542329
              ],
              [
                158.48745727542328,
                -7.554166794100474
              ],
              [
                158.8421783450357,
                -7.9714584352558475
              ],
              [
                159.89001464840487,
                -8.557569503694747
              ]
            ]
          ],
          [
            [
              [
                115.16194152822638,
                -8.678236007533433
              ],
              [
                115.70887756366743,
                -8.360554695447533
              ],
              [
                115.19567871125498,
                -8.058055877626312
              ],
              [
                114.44983673098646,
                -8.102290153430955
              ],
              [
                115.16194152822638,
                -8.678236007533433
              ]
            ]
          ],
          [
            [
              [
                116.25942993174647,
                -8.923334121678135
              ],
              [
                116.6018600462059,
                -8.872013091992802
              ],
              [
                116.65852355957696,
                -8.286736488246678
              ],
              [
                116.27588653542165,
                -8.243263244574552
              ],
              [
                116.07303619380015,
                -8.73111152662167
              ],
              [
                115.8441467285364,
                -8.76347351072721
              ],
              [
                116.25942993174647,
                -8.923334121678135
              ]
            ]
          ],
          [
            [
              [
                121.01638793965411,
                -8.949722289981027
              ],
              [
                122.82804870556463,
                -8.604026794893857
              ],
              [
                122.97969818121345,
                -8.147361754651588
              ],
              [
                122.8002624508842,
                -8.110832214174948
              ],
              [
                122.89095306352789,
                -8.284790993076545
              ],
              [
                122.2883071893825,
                -8.644445418505569
              ],
              [
                121.40637207036309,
                -8.588054656497812
              ],
              [
                120.52249145472895,
                -8.257223128620431
              ],
              [
                119.80358886753766,
                -8.567777634080832
              ],
              [
                119.89388275207708,
                -8.850276947540845
              ],
              [
                121.01638793965411,
                -8.949722289981027
              ]
            ]
          ],
          [
            [
              [
                137.64491271972358,
                -8.43513870224914
              ],
              [
                138.4528961185109,
                -8.37791633621254
              ],
              [
                138.78233337396296,
                -8.139445304849483
              ],
              [
                139.0010681154344,
                -7.557499885686824
              ],
              [
                138.70246887198516,
                -7.362638950160082
              ],
              [
                138.1630249022478,
                -7.508472442483913
              ],
              [
                137.64491271972358,
                -8.43513870224914
              ]
            ]
          ],
          [
            [
              [
                145.54594421369606,
                43.64999389654357
              ],
              [
                146.56802368161362,
                44.43832397486415
              ],
              [
                146.10052490241966,
                44.48860168427703
              ],
              [
                145.40858459475356,
                43.832351684666556
              ],
              [
                145.54594421369606,
                43.64999389654357
              ]
            ]
          ],
          [
            [
              [
                146.8830261231238,
                44.39694213905642
              ],
              [
                148.85191345210143,
                45.47776794419743
              ],
              [
                148.07441711442377,
                45.248325347980106
              ],
              [
                147.904144287065,
                45.40415954570424
              ],
              [
                146.8830261231238,
                44.39694213905642
              ]
            ]
          ],
          [
            [
              [
                55.300411224450286,
                26.541248321586547
              ],
              [
                56.29027557370683,
                26.96332931501482
              ],
              [
                55.75458145141002,
                26.95207786548631
              ],
              [
                55.300411224450286,
                26.541248321586547
              ]
            ]
          ],
          [
            [
              [
                126.26561737076295,
                33.19221115117272
              ],
              [
                126.94109344480593,
                33.45388031018626
              ],
              [
                126.31497955326138,
                33.45152282716176
              ],
              [
                126.26561737076295,
                33.19221115117272
              ]
            ]
          ],
          [
            [
              [
                132.8167114260151,
                32.74040985065147
              ],
              [
                133.60426330537265,
                33.50333023063514
              ],
              [
                134.18655395500951,
                33.24200439422997
              ],
              [
                134.74468994134278,
                33.81735610972225
              ],
              [
                134.5791320796201,
                34.224159240554606
              ],
              [
                133.8938598631552,
                34.35999298149698
              ],
              [
                133.5485839839532,
                33.975822449366895
              ],
              [
                133.14595031746006,
                33.91234970053772
              ],
              [
                132.89692687987363,
                34.10610580510246
              ],
              [
                132.63983154353957,
                33.67374038696619
              ],
              [
                132.01872253424318,
                33.340476989649
              ],
              [
                132.36671447698512,
                33.4677314765112
              ],
              [
                132.48301696803026,
                32.895549773626
              ],
              [
                132.8167114260151,
                32.74040985065147
              ]
            ]
          ],
          [
            [
              [
                130.7474670416415,
                31.0441646576601
              ],
              [
                131.1291198723783,
                31.26735878027249
              ],
              [
                131.07162475551706,
                31.448745727560794
              ],
              [
                131.33454895043124,
                31.369232177530346
              ],
              [
                131.68518066387895,
                32.53492355407683
              ],
              [
                131.9894104008159,
                32.830551146854866
              ],
              [
                131.5173797609455,
                33.264659881017394
              ],
              [
                131.6697082518621,
                33.64749145565854
              ],
              [
                131.09877014225387,
                33.61256027163075
              ],
              [
                130.70274353007989,
                33.93589019768658
              ],
              [
                129.5666503905747,
                33.24193573042204
              ],
              [
                129.94316101116655,
                32.994853972849796
              ],
              [
                129.8517608647086,
                32.82249450680391
              ],
              [
                129.63554382377038,
                32.96540832528168
              ],
              [
                129.74606323303135,
                32.56110382009809
              ],
              [
                130.08815002485383,
                32.7844390867882
              ],
              [
                130.17691039979135,
                32.58728027345622
              ],
              [
                130.33940124504807,
                32.65929794263982
              ],
              [
                130.21109008777356,
                33.170829773564684
              ],
              [
                130.60691833481738,
                32.783466339265175
              ],
              [
                130.56455993639065,
                32.435268402437785
              ],
              [
                130.17733764616887,
                32.08943557726405
              ],
              [
                130.20330810610815,
                31.339164734080118
              ],
              [
                130.6383056647684,
                31.18228530833978
              ],
              [
                130.52026367120655,
                31.48027420010834
              ],
              [
                130.7741394048626,
                31.706939697686444
              ],
              [
                130.7474670416415,
                31.0441646576601
              ]
            ]
          ],
          [
            [
              [
                135.38720702886673,
                35.46638488837166
              ],
              [
                135.2221984841067,
                35.76221466041637
              ],
              [
                133.81359863297354,
                35.48554992578602
              ],
              [
                133.09106445229867,
                35.58249664512303
              ],
              [
                131.4136047376582,
                34.45166015644609
              ],
              [
                130.94468689134098,
                34.413879392664384
              ],
              [
                130.88442993130923,
                33.934432984305424
              ],
              [
                131.74578857223676,
                34.053604128746876
              ],
              [
                132.0505371071248,
                33.77249145631676
              ],
              [
                132.37065124792653,
                34.35929870410355
              ],
              [
                132.65428161461728,
                34.19818115128317
              ],
              [
                134.49969482548877,
                34.754714966509944
              ],
              [
                135.33358764466888,
                34.71832275283793
              ],
              [
                135.4526062017531,
                34.54818725338585
              ],
              [
                135.064682006674,
                33.875545504546096
              ],
              [
                135.77221679453172,
                33.45499419929589
              ],
              [
                136.3438415515509,
                34.18971252716217
              ],
              [
                136.89768982126537,
                34.266521452502154
              ],
              [
                136.5210876470712,
                34.6766586319297
              ],
              [
                136.8498382575137,
                35.07902526823396
              ],
              [
                136.93232727173117,
                34.690269468905306
              ],
              [
                138.19775390860028,
                34.63110351335
              ],
              [
                138.74121093973594,
                35.12346267768685
              ],
              [
                138.85038757502014,
                34.59318542610542
              ],
              [
                139.17330932663447,
                35.23804855513382
              ],
              [
                139.67872619376152,
                35.13721466126373
              ],
              [
                139.64608764856627,
                35.45749283017869
              ],
              [
                139.96856689627137,
                35.66082000901143
              ],
              [
                140.11314391880765,
                35.55235671861933
              ],
              [
                139.7720642086296,
                34.951377870590235
              ],
              [
                140.33218383534964,
                35.129852294049876
              ],
              [
                140.8371887206244,
                35.74332428139144
              ],
              [
                140.56552124057265,
                36.24748992760351
              ],
              [
                140.97454833995465,
                36.984714508974456
              ],
              [
                140.95358276484646,
                38.14804840197722
              ],
              [
                141.09579468047937,
                38.36444091841328
              ],
              [
                141.51942443752506,
                38.26346588367375
              ],
              [
                141.53305053839506,
                38.780548097538436
              ],
              [
                142.06970214817696,
                39.54666137876627
              ],
              [
                141.4660644535541,
                40.57971954385663
              ],
              [
                141.3355102555776,
                41.34193420406356
              ],
              [
                140.91123962131408,
                41.52554702870309
              ],
              [
                140.78137206931112,
                41.1305465712874
              ],
              [
                141.27873229990132,
                41.14693832588894
              ],
              [
                141.1494140646772,
                40.86221313731517
              ],
              [
                140.77859496909176,
                40.820831298145805
              ],
              [
                140.6392822247104,
                41.181381226184584
              ],
              [
                140.34552001966767,
                41.24707412729764
              ],
              [
                140.26885986427837,
                40.806655886228796
              ],
              [
                139.85232543940654,
                40.59818649454144
              ],
              [
                140.0205383301326,
                40.23081970439295
              ],
              [
                139.70315551506266,
                39.929439543584195
              ],
              [
                140.02468872229915,
                39.8252716036346
              ],
              [
                140.0521850603716,
                39.46499633971709
              ],
              [
                139.36578369314188,
                38.08832550056178
              ],
              [
                138.30081176850433,
                37.2033233623632
              ],
              [
                137.31497192476095,
                36.74832916254919
              ],
              [
                136.8632812489695,
                37.087768557203795
              ],
              [
                137.35635375819848,
                37.50471496392794
              ],
              [
                136.77191162304692,
                37.35305023256721
              ],
              [
                136.7124633800209,
                36.75138855023927
              ],
              [
                135.96107482748894,
                35.97609710594121
              ],
              [
                136.0727539046031,
                35.64860534549494
              ],
              [
                135.38720702886673,
                35.46638488837166
              ]
            ]
          ],
          [
            [
              [
                140.1989898679452,
                41.397285459978555
              ],
              [
                140.6663665769606,
                41.82416153006436
              ],
              [
                141.19441223058737,
                41.794956207440286
              ],
              [
                140.2987213147146,
                42.2412414550649
              ],
              [
                140.4993896471269,
                42.577491759465246
              ],
              [
                140.99024963497598,
                42.29700851538238
              ],
              [
                141.790527343169,
                42.60638427705767
              ],
              [
                143.2431488036632,
                41.92471694962912
              ],
              [
                143.98968505919427,
                42.906654357649
              ],
              [
                144.9785766615415,
                42.97693252451027
              ],
              [
                145.81240844712494,
                43.365478515107974
              ],
              [
                145.25610351566203,
                43.31763458298473
              ],
              [
                145.0706634530775,
                43.77749252205818
              ],
              [
                145.33885192821597,
                44.344154357826866
              ],
              [
                144.79164123484514,
                43.917697905379335
              ],
              [
                143.77622985966354,
                44.09408569473085
              ],
              [
                141.97106933475854,
                45.486381531322046
              ],
              [
                141.69386291536262,
                45.39999389759268
              ],
              [
                141.795669555054,
                44.61666107205501
              ],
              [
                141.64581298771913,
                43.94221496582752
              ],
              [
                141.3382263194072,
                43.71158599904226
              ],
              [
                141.41108703675044,
                43.29693603375916
              ],
              [
                141.158523559999,
                43.13853454456086
              ],
              [
                140.35621643085156,
                43.31652069114148
              ],
              [
                140.52963256775956,
                43.00749206656868
              ],
              [
                139.8362121579223,
                42.613948822062326
              ],
              [
                140.1989898679452,
                41.397285459978555
              ]
            ]
          ],
          [
            [
              [
                93.71971130484619,
                79.99414062483692
              ],
              [
                97.40304565561559,
                80.29721069171937
              ],
              [
                97.88471984897227,
                80.76416015789334
              ],
              [
                95.69941711355303,
                81.29026794371268
              ],
              [
                93.05929565396403,
                80.99179077276874
              ],
              [
                92.77443694960066,
                80.51596069259797
              ],
              [
                91.42491149917572,
                80.31011962961217
              ],
              [
                93.24664306673426,
                80.30554199156254
              ],
              [
                92.0763015760654,
                80.16949463000464
              ],
              [
                93.71971130484619,
                79.99414062483692
              ]
            ]
          ],
          [
            [
              [
                99.52082824567842,
                77.93969726500167
              ],
              [
                105.3651199331475,
                78.50485229384729
              ],
              [
                103.94692993298875,
                79.13333129787932
              ],
              [
                102.39943694995252,
                78.82665252613076
              ],
              [
                103.15463256706069,
                79.31130218528341
              ],
              [
                102.39888000358609,
                79.4280395513399
              ],
              [
                99.52082824567842,
                77.93969726500167
              ]
            ]
          ],
          [
            [
              [
                98.28900909434277,
                78.78616333162883
              ],
              [
                99.92263031156607,
                78.94247436670898
              ],
              [
                99.04470062421863,
                79.2877578727304
              ],
              [
                100.01526641677005,
                79.82415771359422
              ],
              [
                98.63360595792832,
                80.04582214376393
              ],
              [
                97.23942566000797,
                79.69831848142252
              ],
              [
                97.70359802302713,
                80.15582275263961
              ],
              [
                94.93553161591747,
                80.06269073604687
              ],
              [
                93.15734863432954,
                79.44317627086619
              ],
              [
                93.87900543280625,
                79.59943389983097
              ],
              [
                94.98471069466835,
                79.04414367847515
              ],
              [
                98.28900909434277,
                78.78616333162883
              ]
            ]
          ],
          [
            [
              [
                149.5291442872169,
                45.582633972003336
              ],
              [
                150.49856567380348,
                46.192489623824684
              ],
              [
                149.67192077633592,
                45.853050232173715
              ],
              [
                149.5291442872169,
                45.582633972003336
              ]
            ]
          ],
          [
            [
              [
                142.08758544957274,
                45.89165878315765
              ],
              [
                142.600250245413,
                46.71138000337241
              ],
              [
                143.35620117404318,
                46.55985259864767
              ],
              [
                143.42526245168335,
                46.01943969880815
              ],
              [
                143.60189819311975,
                46.38360595840944
              ],
              [
                142.53567505025126,
                47.79666137738745
              ],
              [
                143.25358581753997,
                49.37981796468333
              ],
              [
                144.1021728499485,
                49.22443389804726
              ],
              [
                144.7406921383352,
                48.64530182089918
              ],
              [
                143.79484558057948,
                50.29374313183714
              ],
              [
                143.3671722429817,
                51.63888168255029
              ],
              [
                143.21942138788427,
                51.525825499987995
              ],
              [
                143.32913208164024,
                52.91443633977945
              ],
              [
                142.71342468417896,
                54.42457580546539
              ],
              [
                142.39385986458927,
                54.237495422266704
              ],
              [
                142.79920959451823,
                53.70394515860506
              ],
              [
                142.47247314546573,
                53.3862419126482
              ],
              [
                142.22024536023224,
                53.518463135451086
              ],
              [
                141.7701263430588,
                53.36777114681672
              ],
              [
                141.6390075700084,
                52.313465118145174
              ],
              [
                142.26776123259992,
                51.10443878036265
              ],
              [
                141.85369873122826,
                48.75714492891173
              ],
              [
                142.1865081800651,
                47.98234939606471
              ],
              [
                141.81372070404393,
                46.59040832590897
              ],
              [
                142.08758544957274,
                45.89165878315765
              ]
            ]
          ],
          [
            [
              [
                155.22616577144134,
                50.052597046085815
              ],
              [
                155.89276123057087,
                50.26361083996415
              ],
              [
                156.10412597669105,
                50.76110839827735
              ],
              [
                155.24774169910432,
                50.3013839720888
              ],
              [
                155.22616577144134,
                50.052597046085815
              ]
            ]
          ],
          [
            [
              [
                178.91943359385607,
                70.82998657212937
              ],
              [
                179.99999999996783,
                70.99720764168532
              ],
              [
                179.99999999996783,
                71.53585815403025
              ],
              [
                178.67385864245838,
                71.10415649411357
              ],
              [
                178.91943359385607,
                70.82998657212937
              ]
            ]
          ],
          [
            [
              [
                143.18496704026657,
                73.20332336424076
              ],
              [
                143.43191528230295,
                73.52249145495014
              ],
              [
                142.02609252967997,
                73.91970825262419
              ],
              [
                139.6590118403469,
                73.42345428471785
              ],
              [
                143.18496704026657,
                73.20332336424076
              ]
            ]
          ],
          [
            [
              [
                149.16360473748364,
                74.75665283220037
              ],
              [
                150.95303344715205,
                75.13943481349133
              ],
              [
                148.5780334462809,
                75.21331787214737
              ],
              [
                148.38775634651125,
                75.41609192004489
              ],
              [
                146.97219848612906,
                75.3383178699572
              ],
              [
                146.4149780270733,
                75.58610534583944
              ],
              [
                146.13610839828326,
                75.19552612217001
              ],
              [
                149.16360473748364,
                74.75665283220037
              ]
            ]
          ],
          [
            [
              [
                139.07357788145904,
                74.64694214060682
              ],
              [
                139.6469421406135,
                74.97915649443694
              ],
              [
                140.05848694058614,
                74.83130645836879
              ],
              [
                143.69851684433178,
                74.93719482463662
              ],
              [
                142.21301269520058,
                75.3333282450501
              ],
              [
                142.44747924975078,
                75.7111053470347
              ],
              [
                143.04205322068847,
                75.66359710499856
              ],
              [
                142.89692687867355,
                75.13693237253689
              ],
              [
                143.97247314334712,
                75.02554321333824
              ],
              [
                145.29371643186298,
                75.56999206656495
              ],
              [
                141.35662841953157,
                76.1805419935713
              ],
              [
                141.05593872178477,
                75.64234924379447
              ],
              [
                140.4791259775947,
                75.63610840011293
              ],
              [
                138.6352539078148,
                76.20471191272239
              ],
              [
                137.41275024241256,
                75.93789672697713
              ],
              [
                137.40496826252107,
                75.35220336941326
              ],
              [
                136.86065673847966,
                75.35206604022797
              ],
              [
                139.07357788145904,
                74.64694214060682
              ]
            ]
          ],
          [
            [
              [
                128.96942138621597,
                72.06860351510602
              ],
              [
                129.48483276317614,
                72.12942504882804
              ],
              [
                129.26193237325282,
                72.46331787046601
              ],
              [
                127.77886962883981,
                72.64248657158322
              ],
              [
                126.6658172600414,
                72.49331665018579
              ],
              [
                128.96942138621597,
                72.06860351510602
              ]
            ]
          ],
          [
            [
              [
                126.52693176219394,
                72.40054321283733
              ],
              [
                129.08122253366966,
                73.04026031530192
              ],
              [
                127.97664642382418,
                73.47026062066791
              ],
              [
                126.65941619820893,
                73.4169311529055
              ],
              [
                126.52693176219394,
                72.40054321283733
              ]
            ]
          ],
          [
            [
              [
                126.11872100882124,
                72.30136871323833
              ],
              [
                126.40220642155434,
                73.5077667229678
              ],
              [
                123.911376953672,
                73.77249145572277
              ],
              [
                123.24080657865865,
                73.55137634252061
              ],
              [
                123.31581115620332,
                72.9733123778632
              ],
              [
                122.43235015879102,
                72.97718048164754
              ],
              [
                126.11872100882124,
                72.30136871323833
              ]
            ]
          ],
          [
            [
              [
                124.05928039565354,
                9.584442138803881
              ],
              [
                124.57846832272381,
                9.734025001337397
              ],
              [
                124.56442260726588,
                10.022220611402709
              ],
              [
                124.15248870833328,
                10.148055076403603
              ],
              [
                123.78692626934664,
                9.843887329183213
              ],
              [
                124.05928039565354,
                9.584442138803881
              ]
            ]
          ],
          [
            [
              [
                117.20158386210906,
                8.327359199596032
              ],
              [
                118.348594665163,
                9.188609123232965
              ],
              [
                118.7533264155024,
                9.924998283309083
              ],
              [
                119.67942810113347,
                10.486108780689632
              ],
              [
                119.5010986324754,
                11.413610457664042
              ],
              [
                119.21664428727927,
                10.955483437016017
              ],
              [
                119.31344604530199,
                10.584164620192619
              ],
              [
                117.662200926949,
                9.07694244317154
              ],
              [
                117.20158386210906,
                8.327359199596032
              ]
            ]
          ],
          [
            [
              [
                123.0147094728325,
                9.033887863204967
              ],
              [
                123.29637145970956,
                9.229719162013769
              ],
              [
                123.13867187509855,
                9.829650879295977
              ],
              [
                123.56387329063269,
                10.794164657699078
              ],
              [
                123.19928741483062,
                11.000415801956166
              ],
              [
                122.95247650123092,
                10.894444465583137
              ],
              [
                122.85693359359065,
                10.095136642655822
              ],
              [
                122.45387268027041,
                9.97485923751474
              ],
              [
                122.39637756384207,
                9.728609085069742
              ],
              [
                123.0147094728325,
                9.033887863204967
              ]
            ]
          ],
          [
            [
              [
                123.33360290557248,
                9.410276413007344
              ],
              [
                124.01998901332688,
                10.387012481761072
              ],
              [
                124.05026245145643,
                11.277498245195783
              ],
              [
                123.37400054948922,
                9.990692138722505
              ],
              [
                123.33360290557248,
                9.410276413007344
              ]
            ]
          ],
          [
            [
              [
                125.01137542702016,
                10.029442787206207
              ],
              [
                124.97831726059091,
                10.374580382951063
              ],
              [
                125.1205291745262,
                10.17694282496554
              ],
              [
                125.27053833037111,
                10.332220077254274
              ],
              [
                124.95786285377287,
                11.361447334469283
              ],
              [
                124.5817260740343,
                11.309580803176216
              ],
              [
                124.31638336220989,
                11.566942214930023
              ],
              [
                124.42137146030619,
                10.913331985590299
              ],
              [
                124.68914794930663,
                10.930276870846834
              ],
              [
                124.764709472686,
                10.196386337362632
              ],
              [
                125.01137542702016,
                10.029442787206207
              ]
            ]
          ],
          [
            [
              [
                121.96997833259366,
                10.413192749058695
              ],
              [
                123.12358856194388,
                11.165692329167934
              ],
              [
                123.14694213842185,
                11.598608017304057
              ],
              [
                122.88025665273177,
                11.430275917401612
              ],
              [
                122.83083343490524,
                11.608608245574022
              ],
              [
                122.5866470336532,
                11.52111053494433
              ],
              [
                121.88817596398418,
                11.899581909283395
              ],
              [
                122.10137939465803,
                11.648332595566922
              ],
              [
                121.96997833259366,
                10.413192749058695
              ]
            ]
          ],
          [
            [
              [
                109.54470825220565,
                18.221107482784245
              ],
              [
                110.52554321315529,
                18.800830840720227
              ],
              [
                110.66858673130433,
                19.356662750141815
              ],
              [
                111.02154541010027,
                19.638294219688706
              ],
              [
                110.9260253904441,
                20.00374793957016
              ],
              [
                109.30025482191454,
                19.919231414184626
              ],
              [
                108.69414520222824,
                19.37888526895561
              ],
              [
                108.68705749534286,
                18.505620956617285
              ],
              [
                109.54470825220565,
                18.221107482784245
              ]
            ]
          ],
          [
            [
              [
                53.75527191142265,
                12.308609962219844
              ],
              [
                54.47346878049098,
                12.548748970209235
              ],
              [
                53.404373169108624,
                12.654998779039534
              ],
              [
                53.37360382104782,
                12.491388320795958
              ],
              [
                53.75527191142265,
                12.308609962219844
              ]
            ]
          ],
          [
            [
              [
                92.71651458723466,
                11.491801261919145
              ],
              [
                92.70984649675673,
                12.234302520734666
              ],
              [
                92.5253295899166,
                11.855414390581995
              ],
              [
                92.71651458723466,
                11.491801261919145
              ]
            ]
          ],
          [
            [
              [
                124.06526184094416,
                11.716108322009916
              ],
              [
                123.91081237771398,
                12.189165115460149
              ],
              [
                123.24574279797187,
                12.605761528082114
              ],
              [
                123.1597061156245,
                11.906526565732182
              ],
              [
                123.5369262694479,
                12.205414772123692
              ],
              [
                124.06526184094416,
                11.716108322009916
              ]
            ]
          ],
          [
            [
              [
                92.75888061513017,
                12.304998397841311
              ],
              [
                92.99165344246128,
                12.524999618604053
              ],
              [
                92.91825866691246,
                12.913265228257321
              ],
              [
                92.73637390140718,
                12.809720993070194
              ],
              [
                92.75888061513017,
                12.304998397841311
              ]
            ]
          ],
          [
            [
              [
                125.6797027586864,
                11.086385726963407
              ],
              [
                125.2969436646464,
                12.457498550147344
              ],
              [
                124.25776672396941,
                12.551109313712502
              ],
              [
                124.46999359127668,
                12.104164123348315
              ],
              [
                125.03707122768951,
                11.75291442850168
              ],
              [
                124.99971008292076,
                11.352775573651606
              ],
              [
                125.6797027586864,
                11.086385726963407
              ]
            ]
          ],
          [
            [
              [
                92.8754806517861,
                12.887608528153129
              ],
              [
                93.04498291020293,
                13.570137024060369
              ],
              [
                92.84068298328403,
                13.327497482216215
              ],
              [
                92.8754806517861,
                12.887608528153129
              ]
            ]
          ],
          [
            [
              [
                121.22054290786309,
                12.230552673369969
              ],
              [
                121.55789947542245,
                12.601455688211377
              ],
              [
                121.50221252452218,
                13.14888763402962
              ],
              [
                120.99032592752177,
                13.518402099536107
              ],
              [
                120.36845397938126,
                13.512082100119947
              ],
              [
                121.22054290786309,
                12.230552673369969
              ]
            ]
          ],
          [
            [
              [
                124.03777313289434,
                12.531665802143884
              ],
              [
                124.19094848726326,
                13.064998625843025
              ],
              [
                123.7617950433035,
                13.063469885876607
              ],
              [
                123.53317260817221,
                13.571248054548297
              ],
              [
                123.97012328949663,
                13.751804352161411
              ],
              [
                123.34304809421107,
                14.086942672232144
              ],
              [
                123.13275146631199,
                13.707220076550257
              ],
              [
                122.71331787149438,
                14.338331222161203
              ],
              [
                122.38025665310295,
                14.258333205998937
              ],
              [
                122.23332214307685,
                13.897220610772713
              ],
              [
                121.91053771935361,
                14.009164809852658
              ],
              [
                121.37637328996485,
                15.31499862675358
              ],
              [
                121.56330871593306,
                15.903053284350559
              ],
              [
                122.05193328740488,
                16.062774659634034
              ],
              [
                122.468322754194,
                16.880550383649055
              ],
              [
                122.14582824727718,
                17.783054351320825
              ],
              [
                122.32471466068138,
                18.380413056776405
              ],
              [
                122.16706848233875,
                18.518749237033852
              ],
              [
                121.93665313875161,
                18.269443512367044
              ],
              [
                121.1535873419362,
                18.62527465815569
              ],
              [
                120.71832275383275,
                18.52666473367678
              ],
              [
                120.42221069191102,
                17.70804977565072
              ],
              [
                120.42192077510462,
                16.15583038237277
              ],
              [
                120.15664672863143,
                16.03610992303141
              ],
              [
                119.88610839722448,
                16.396663664870605
              ],
              [
                119.75776672315023,
                16.17416381792639
              ],
              [
                120.08734893674233,
                14.783471107922896
              ],
              [
                120.4933166488988,
                14.429719924043765
              ],
              [
                120.54866790830492,
                14.8232612598705
              ],
              [
                120.95664978146337,
                14.636943818489712
              ],
              [
                120.5922088618627,
                14.231109619131807
              ],
              [
                120.65804290871782,
                13.829442978159385
              ],
              [
                120.88889312595329,
                13.899166107514436
              ],
              [
                121.27942657374267,
                13.593887329377162
              ],
              [
                121.74991607724277,
                13.964789390375035
              ],
              [
                122.60748290869715,
                13.163887023084959
              ],
              [
                122.56099700777933,
                13.936567305258814
              ],
              [
                123.18470764182186,
                13.438053131855163
              ],
              [
                123.34165954611791,
                13.012220383948444
              ],
              [
                123.72915649420023,
                12.853609083995098
              ],
              [
                124.02636718740871,
                12.963747978206586
              ],
              [
                123.8406753526917,
                12.828053473475896
              ],
              [
                124.03777313289434,
                12.531665802143884
              ]
            ]
          ],
          [
            [
              [
                120.82415771490963,
                21.92777252205079
              ],
              [
                122.0004043582847,
                25.007219314225132
              ],
              [
                121.56317901553724,
                25.283609390180654
              ],
              [
                121.00166320806584,
                25.001663208688807
              ],
              [
                120.11122894347594,
                23.617078781317524
              ],
              [
                120.05393981914301,
                23.044370651031823
              ],
              [
                120.82415771490963,
                21.92777252205079
              ]
            ]
          ],
          [
            [
              [
                -157.2350158692434,
                1.7049996852685438
              ],
              [
                -157.50558471678872,
                2.0287494660064587
              ],
              [
                -157.35000610349599,
                1.9356939792946128
              ],
              [
                -157.56764221200692,
                1.8558330536894598
              ],
              [
                -157.2350158692434,
                1.7049996852685438
              ]
            ]
          ],
          [
            [
              [
                117.86726379393805,
                4.026665687508022
              ],
              [
                117.90470886227683,
                4.17305469506166
              ],
              [
                117.63889312744817,
                4.22861003877578
              ],
              [
                117.86726379393805,
                4.026665687508022
              ]
            ]
          ],
          [
            [
              [
                80.58956909194883,
                5.9180545807793
              ],
              [
                81.66110229516516,
                6.439998626595295
              ],
              [
                81.87886047417763,
                7.312220573949283
              ],
              [
                80.80026245051732,
                9.294581412752496
              ],
              [
                79.98095703122301,
                9.81652545856849
              ],
              [
                80.61032867382946,
                9.444720267905229
              ],
              [
                80.18623351959722,
                9.489163399289767
              ],
              [
                79.81456756548745,
                7.984443664571724
              ],
              [
                79.69789886477722,
                8.19444274857133
              ],
              [
                79.85137939521559,
                6.836387634862802
              ],
              [
                80.1136016838081,
                6.116387366368205
              ],
              [
                80.58956909194883,
                5.9180545807793
              ]
            ]
          ],
          [
            [
              [
                125.37637329113564,
                5.554304599482005
              ],
              [
                125.70276641741381,
                6.0249991405453125
              ],
              [
                125.37761688213213,
                6.723609923126071
              ],
              [
                125.6515121456576,
                7.2345824244962955
              ],
              [
                125.85609435931245,
                7.345276832569125
              ],
              [
                126.19165039148575,
                6.272221565493275
              ],
              [
                126.1652679444755,
                6.881665230144839
              ],
              [
                126.45526123079473,
                7.051665305320497
              ],
              [
                126.59803771961711,
                7.480554580980447
              ],
              [
                126.19274902388958,
                8.696109772219925
              ],
              [
                126.30693054120766,
                8.954719542489718
              ],
              [
                125.44026184155588,
                9.809164046178141
              ],
              [
                125.51470947369157,
                9.006666183084729
              ],
              [
                125.09055328463113,
                8.825275420241537
              ],
              [
                124.80081176748527,
                8.99958133728591
              ],
              [
                124.72747802743982,
                8.486385345252819
              ],
              [
                124.43221282890205,
                8.615274428615686
              ],
              [
                124.22400665283841,
                8.212497710366527
              ],
              [
                123.66719818089304,
                7.9544434557719965
              ],
              [
                123.86637115478388,
                8.160415649385854
              ],
              [
                123.81804656943787,
                8.476942062787387
              ],
              [
                123.37859344416299,
                8.725275993467795
              ],
              [
                122.92302703881597,
                8.15083122264734
              ],
              [
                122.22539520232169,
                7.9641656868459165
              ],
              [
                121.89694213878134,
                7.077221870266076
              ],
              [
                122.14998626773568,
                6.905277253036037
              ],
              [
                122.62387084900966,
                7.773055076878549
              ],
              [
                122.80998229950566,
                7.74652671769573
              ],
              [
                122.81275939868401,
                7.436943054648065
              ],
              [
                123.11721038903444,
                7.728888034870904
              ],
              [
                123.11109924222464,
                7.519999504965426
              ],
              [
                123.41304016225651,
                7.356109618203622
              ],
              [
                123.4588775632015,
                7.810554505229252
              ],
              [
                123.67665100156547,
                7.812499047283632
              ],
              [
                124.2686004627869,
                7.374443053816996
              ],
              [
                123.9485931408175,
                6.8233327876490995
              ],
              [
                124.1834487903431,
                6.213888169417637
              ],
              [
                124.95693969688783,
                5.851387978697517
              ],
              [
                125.2594299319176,
                6.093332767539521
              ],
              [
                125.1916503902288,
                5.767221450609526
              ],
              [
                125.37637329113564,
                5.554304599482005
              ]
            ]
          ],
          [
            [
              [
                155.70849609361466,
                -6.88090229031164
              ],
              [
                155.94427490207266,
                -6.78222227064245
              ],
              [
                155.91476440418091,
                -6.520763874061444
              ],
              [
                155.07357788078477,
                -5.561666488483329
              ],
              [
                154.79232788064186,
                -5.480833530458623
              ],
              [
                154.7505798342051,
                -5.949157714768029
              ],
              [
                155.21649169953284,
                -6.32472276697672
              ],
              [
                155.3398895261721,
                -6.741458415691578
              ],
              [
                155.70849609361466,
                -6.88090229031164
              ]
            ]
          ],
          [
            [
              [
                152.9009551998025,
                -4.822916985078534
              ],
              [
                153.13302612299094,
                -4.265833854073752
              ],
              [
                152.91912841832314,
                -4.004167556326763
              ],
              [
                151.42315673819797,
                -2.9008333680568894
              ],
              [
                150.73010253911846,
                -2.737500190965874
              ],
              [
                152.28594970743512,
                -3.576111077733671
              ],
              [
                152.9009551998025,
                -4.822916985078534
              ]
            ]
          ],
          [
            [
              [
                99.1122055051936,
                -1.8052778243810412
              ],
              [
                99.27832031267253,
                -1.6198611260358926
              ],
              [
                98.92915344216561,
                -0.9502778054126978
              ],
              [
                98.69483947734759,
                -0.9485417010202558
              ],
              [
                98.63247680648284,
                -1.2880556584548217
              ],
              [
                99.1122055051936,
                -1.8052778243810412
              ]
            ]
          ],
          [
            [
              [
                106.51940155000185,
                -3.1024894717577083
              ],
              [
                106.74150848347416,
                -3.073333502150682
              ],
              [
                106.60136413598217,
                -2.9226388933064547
              ],
              [
                106.78166198726606,
                -2.5919442179546786
              ],
              [
                106.27040863022064,
                -2.37430548709061
              ],
              [
                106.02679443383525,
                -1.574722290141779
              ],
              [
                105.70915222192968,
                -1.5475001337268868
              ],
              [
                105.78109741205611,
                -1.7950000763639533
              ],
              [
                105.60498046865118,
                -1.535972237379323
              ],
              [
                105.39333343512145,
                -1.6066668031632065
              ],
              [
                105.13755798317425,
                -2.075833558706129
              ],
              [
                105.79248809824854,
                -2.1644444467374155
              ],
              [
                105.97261810283165,
                -2.814861059534959
              ],
              [
                106.51940155000185,
                -3.1024894717577083
              ]
            ]
          ],
          [
            [
              [
                107.9849853516732,
                -3.2490277291271714
              ],
              [
                108.2630462648194,
                -2.7513890266571424
              ],
              [
                107.66609191898549,
                -2.5643749238198508
              ],
              [
                107.61212921127436,
                -3.2120831014265816
              ],
              [
                107.8697052001244,
                -3.0518054960386833
              ],
              [
                107.9849853516732,
                -3.2490277291271714
              ]
            ]
          ],
          [
            [
              [
                126.69303894041498,
                -3.834930420124402
              ],
              [
                127.21672058122965,
                -3.654166459952003
              ],
              [
                127.26054382321304,
                -3.377499818543644
              ],
              [
                126.82679748560858,
                -3.0744445324725245
              ],
              [
                126.0245742799234,
                -3.1520140168913775
              ],
              [
                126.06192016608931,
                -3.446666717236668
              ],
              [
                126.69303894041498,
                -3.834930420124402
              ]
            ]
          ],
          [
            [
              [
                130.8299560545793,
                -3.8727774616488957
              ],
              [
                130.58906555239514,
                -3.1403472427169223
              ],
              [
                129.52664184625706,
                -2.7836112978455434
              ],
              [
                129.1330261226222,
                -2.9632637504448764
              ],
              [
                128.17192077619566,
                -2.8569445603817467
              ],
              [
                127.85608673102729,
                -3.186666488737536
              ],
              [
                127.93720245407123,
                -3.478472233289764
              ],
              [
                128.1421356196381,
                -3.0752084257784023
              ],
              [
                128.47038268988055,
                -3.460694552075223
              ],
              [
                128.8826751714067,
                -3.209374903895273
              ],
              [
                129.51782226498236,
                -3.469930171649354
              ],
              [
                129.51609802318634,
                -3.2975001332923988
              ],
              [
                129.8885803219823,
                -3.334444284194809
              ],
              [
                130.8299560545793,
                -3.8727774616488957
              ]
            ]
          ],
          [
            [
              [
                136.12716674813012,
                -1.2255554200888148
              ],
              [
                136.3863677978279,
                -1.1152082681630293
              ],
              [
                135.85163879384194,
                -0.7034721973124339
              ],
              [
                135.38308715804942,
                -0.636597275589263
              ],
              [
                136.12716674813012,
                -1.2255554200888148
              ]
            ]
          ],
          [
            [
              [
                130.9613647460251,
                -1.3569445609938005
              ],
              [
                131.0347595214402,
                -0.9120833874871888
              ],
              [
                130.64324951166427,
                -0.9726388455292201
              ],
              [
                130.9613647460251,
                -1.3569445609938005
              ]
            ]
          ],
          [
            [
              [
                127.54414367662206,
                -1.742222070616027
              ],
              [
                128.15762329084808,
                -1.6181944607414915
              ],
              [
                127.62858581537235,
                -1.3304166791946717
              ],
              [
                127.39082336435008,
                -1.5441668031698488
              ],
              [
                127.54414367662206,
                -1.742222070616027
              ]
            ]
          ],
          [
            [
              [
                124.40532684335675,
                -2.0161111352517653
              ],
              [
                125.31845092780023,
                -1.7901389596484183
              ],
              [
                124.39512634276694,
                -1.6628471610848292
              ],
              [
                124.40532684335675,
                -2.0161111352517653
              ]
            ]
          ],
          [
            [
              [
                134.3441162107904,
                -6.030555725083659
              ],
              [
                134.73023986817904,
                -5.977083206273838
              ],
              [
                134.63177490226582,
                -5.448888778599633
              ],
              [
                134.2091064454314,
                -5.704027652846651
              ],
              [
                134.3441162107904,
                -6.030555725083659
              ]
            ]
          ],
          [
            [
              [
                149.63470459020016,
                -6.308054923629734
              ],
              [
                150.46856689448435,
                -6.276111602619698
              ],
              [
                151.38470459023597,
                -5.807200432433299
              ],
              [
                151.47052002020854,
                -5.530972481374821
              ],
              [
                152.09606933643275,
                -5.457222938086863
              ],
              [
                151.9680175772563,
                -5.004167556992587
              ],
              [
                152.3861083987014,
                -4.79333305390883
              ],
              [
                152.35580444337438,
                -4.343055725391128
              ],
              [
                151.5369262689989,
                -4.181943893799902
              ],
              [
                151.6760864261641,
                -4.908055306508587
              ],
              [
                151.2642974850723,
                -4.985138415695283
              ],
              [
                150.9141540522719,
                -5.4908332829344655
              ],
              [
                150.16442871088591,
                -5.551388740706944
              ],
              [
                150.0923309316918,
                -5.007778167361211
              ],
              [
                149.87802123930067,
                -5.535694122577132
              ],
              [
                148.35813903745287,
                -5.492638587071438
              ],
              [
                148.38983154357584,
                -5.778006552765883
              ],
              [
                149.63470459020016,
                -6.308054923629734
              ]
            ]
          ],
          [
            [
              [
                122.80345153779031,
                -5.691943645446762
              ],
              [
                123.21463775651772,
                -5.293680190873368
              ],
              [
                122.97971344009768,
                -5.1072225573076055
              ],
              [
                123.04553222673566,
                -4.757500648457676
              ],
              [
                123.2153930662276,
                -4.8218059541097595
              ],
              [
                123.05914306655822,
                -4.380555152923599
              ],
              [
                122.56860351569425,
                -5.50694465625856
              ],
              [
                122.80345153779031,
                -5.691943645446762
              ]
            ]
          ],
          [
            [
              [
                122.54859924307821,
                -5.437499999980777
              ],
              [
                122.77539825420037,
                -4.9555559158681985
              ],
              [
                122.69831085194184,
                -4.611875057239682
              ],
              [
                122.33116912853889,
                -4.849028110320527
              ],
              [
                122.28470611558805,
                -5.381735801781104
              ],
              [
                122.54859924307821,
                -5.437499999980777
              ]
            ]
          ],
          [
            [
              [
                119.53692627105316,
                -3.876111030239597
              ],
              [
                119.59526062035431,
                -4.566388128399795
              ],
              [
                119.35491180283265,
                -5.400069713392824
              ],
              [
                119.67262268025844,
                -5.701250074550179
              ],
              [
                120.46346282908026,
                -5.619791507545664
              ],
              [
                120.26609802300617,
                -5.152777672309321
              ],
              [
                120.44651031336986,
                -3.7176387300887757
              ],
              [
                120.20193481495137,
                -2.9633333677620866
              ],
              [
                120.68692016681672,
                -2.643888950903564
              ],
              [
                121.07192993310814,
                -2.7424998272286043
              ],
              [
                120.86499023580737,
                -3.485000134269366
              ],
              [
                121.6147003185376,
                -4.064722061191207
              ],
              [
                121.55241393861851,
                -4.745694159696177
              ],
              [
                122.07804870435683,
                -4.843611718154552
              ],
              [
                122.10471343833076,
                -4.526111601375904
              ],
              [
                122.89373779114722,
                -4.39805555498538
              ],
              [
                122.85775756862866,
                -4.076389311292653
              ],
              [
                122.68399810682935,
                -4.1390280708399985
              ],
              [
                122.19859313867059,
                -3.5813889484812065
              ],
              [
                122.47622680832981,
                -3.160902737538182
              ],
              [
                121.29359436141377,
                -1.8363888254435068
              ],
              [
                121.69338226324717,
                -1.9098610860239758
              ],
              [
                122.37705993738012,
                -1.4897221316988292
              ],
              [
                122.82971191392409,
                -0.9091666947824839
              ],
              [
                123.33374786296694,
                -1.0561112159434227
              ],
              [
                123.41137695314636,
                -0.653611184823566
              ],
              [
                123.05774688533235,
                -0.5602778212851085
              ],
              [
                122.73033142103108,
                -0.6541666975057492
              ],
              [
                122.9176254284734,
                -0.7648611652938326
              ],
              [
                122.22692871022497,
                -0.7608333824290314
              ],
              [
                121.9277572635903,
                -0.9633333688819716
              ],
              [
                121.62220764246494,
                -0.8050000654898994
              ],
              [
                121.08055114749084,
                -1.4245833165207848
              ],
              [
                120.67859649687706,
                -1.3976387978731326
              ],
              [
                120.09693908524802,
                -0.6850000629766129
              ],
              [
                120.01998901404409,
                -0.07527778345666292
              ],
              [
                120.54914855892405,
                0.5361109961616117
              ],
              [
                123.03804015954873,
                0.48749995359534815
              ],
              [
                123.64582824839596,
                0.28111106339685854
              ],
              [
                124.32040405213277,
                0.3931944058635519
              ],
              [
                124.98748779471838,
                1.0958330624405335
              ],
              [
                125.17053222709971,
                1.6391663566612467
              ],
              [
                124.97109985372629,
                1.694721935797924
              ],
              [
                123.9130401628536,
                0.8347220423827117
              ],
              [
                123.20304870752172,
                0.9566665878445129
              ],
              [
                122.84631347685949,
                0.8146728262782794
              ],
              [
                120.95054626620754,
                1.3424997319543417
              ],
              [
                120.57484436086752,
                0.7769443973380126
              ],
              [
                120.1063690180498,
                0.7472220648211589
              ],
              [
                119.69609069749639,
                -0.11694443365576834
              ],
              [
                119.80275726478017,
                -0.6452778570606386
              ],
              [
                119.30886840927555,
                -1.2652778630887758
              ],
              [
                119.14353179889692,
                -2.4531247604309945
              ],
              [
                118.75916290223032,
                -2.7741665850544748
              ],
              [
                118.92568206658272,
                -3.573194503632353
              ],
              [
                119.4894180304709,
                -3.4890973585912044
              ],
              [
                119.53692627105316,
                -3.876111030239597
              ]
            ]
          ],
          [
            [
              [
                114.56832885868502,
                -8.782501220963441
              ],
              [
                114.35678863666689,
                -8.435554502643319
              ],
              [
                114.43997192608558,
                -7.794444083555266
              ],
              [
                113.172210694237,
                -7.74499988359886
              ],
              [
                112.77832031116088,
                -7.543889046477039
              ],
              [
                112.56025695593245,
                -6.912221906835311
              ],
              [
                111.14873504707496,
                -6.6972913729860934
              ],
              [
                110.92734527797164,
                -6.411180496478094
              ],
              [
                110.39360046475382,
                -6.979027750115479
              ],
              [
                109.28137207229105,
                -6.8824996954074855
              ],
              [
                108.62081909053325,
                -6.774167061915972
              ],
              [
                108.35498046708011,
                -6.318889618369091
              ],
              [
                107.65054321230328,
                -6.249999998164659
              ],
              [
                107.32025909559364,
                -5.9562501884569095
              ],
              [
                106.7555007925215,
                -6.100801942402718
              ],
              [
                106.07582092134545,
                -5.881943703345544
              ],
              [
                105.49136352410297,
                -6.808888435479892
              ],
              [
                105.21595764182061,
                -6.775215624485897
              ],
              [
                106.03568267805575,
                -6.836528301182021
              ],
              [
                106.35748290988134,
                -7.006111144612026
              ],
              [
                106.42330932663816,
                -7.371388437323107
              ],
              [
                108.16304016247241,
                -7.78305530409668
              ],
              [
                109.28970336827743,
                -7.699443816450993
              ],
              [
                111.65109252884392,
                -8.362499236855118
              ],
              [
                113.2327575688665,
                -8.281112670261678
              ],
              [
                114.56832885868502,
                -8.782501220963441
              ]
            ]
          ],
          [
            [
              [
                138.03637695465207,
                -5.460000034837569
              ],
              [
                138.6819152848437,
                -6.720555305168185
              ],
              [
                139.18664550697974,
                -6.9675693550424835
              ],
              [
                138.56289673322254,
                -6.906527992836716
              ],
              [
                139.22247314647908,
                -7.162500383236323
              ],
              [
                138.66220093154638,
                -7.2009720790221525
              ],
              [
                139.05523681842547,
                -7.631666185158327
              ],
              [
                138.91026306422532,
                -8.298333167370515
              ],
              [
                139.21829224006288,
                -8.089166641647793
              ],
              [
                139.93136596352235,
                -8.102388381782639
              ],
              [
                140.14790344529172,
                -7.88583374240832
              ],
              [
                139.98522948964387,
                -8.193611144164308
              ],
              [
                141.1199645950904,
                -9.230971333176411
              ],
              [
                142.2064971945769,
                -9.165000913413355
              ],
              [
                142.6388854968929,
                -9.334722523603086
              ],
              [
                143.3650970493943,
                -9.012223243960747
              ],
              [
                143.11022948838453,
                -8.470277789077644
              ],
              [
                142.13900757192343,
                -8.223888400471985
              ],
              [
                143.61190796220274,
                -8.243888853261483
              ],
              [
                143.54608154595275,
                -8.006389613392168
              ],
              [
                143.95620727441525,
                -7.987082962326896
              ],
              [
                143.82919311567952,
                -7.617333413598093
              ],
              [
                144.217376705392,
                -7.794652466340145
              ],
              [
                144.40858459451766,
                -7.519861223132306
              ],
              [
                146.08969116407658,
                -8.091110224941536
              ],
              [
                146.58663940250034,
                -8.999166490212547
              ],
              [
                146.921371462825,
                -9.10305404381572
              ],
              [
                147.05871581562843,
                -9.469999313605943
              ],
              [
                147.95245361074356,
                -10.145833965244167
              ],
              [
                149.74774169502876,
                -10.342777247954384
              ],
              [
                150.20968627721976,
                -10.700555796985197
              ],
              [
                150.68995666059305,
                -10.563194276376118
              ],
              [
                150.36911011121845,
                -10.32194519196315
              ],
              [
                150.8780212397707,
                -10.22999954561487
              ],
              [
                149.9141540500165,
                -10.04888916201567
              ],
              [
                149.71719359950063,
                -9.833471300674868
              ],
              [
                150.00888061566286,
                -9.631387713771957
              ],
              [
                149.21997070678847,
                -9.474721908663806
              ],
              [
                149.3144836388318,
                -9.019792552937309
              ],
              [
                148.58886718592296,
                -9.070278162834917
              ],
              [
                148.1352539062217,
                -8.066110615271823
              ],
              [
                147.1785888710596,
                -7.46388911712968
              ],
              [
                146.9456634487998,
                -6.956666941589045
              ],
              [
                146.9710693326013,
                -6.74305534149815
              ],
              [
                147.8194274864002,
                -6.713055605880165
              ],
              [
                147.82635497650318,
                -6.33722209488756
              ],
              [
                147.46661376883898,
                -5.970859530819526
              ],
              [
                145.7663879353746,
                -5.485277175397691
              ],
              [
                145.73550415467201,
                -4.802777294074483
              ],
              [
                144.5137329056612,
                -3.822222466782793
              ],
              [
                144.01693725975366,
                -3.8105554586334858
              ],
              [
                143.5184478766986,
                -3.4355554583765766
              ],
              [
                141.21414184195928,
                -2.6222219436840053
              ],
              [
                139.78082275079092,
                -2.361389156749029
              ],
              [
                137.86010742301568,
                -1.4716665778140339
              ],
              [
                137.1310729956697,
                -1.7927777745742475
              ],
              [
                137.188156122897,
                -2.1041667501634276
              ],
              [
                136.35662841666485,
                -2.253889080646042
              ],
              [
                135.5316467243454,
                -3.3297224037449826
              ],
              [
                135.1177368157279,
                -3.368610859999017
              ],
              [
                134.69802856490512,
                -2.9701387869480786
              ],
              [
                134.6420745855755,
                -2.5215973850340667
              ],
              [
                134.48579407172554,
                -2.525555609811823
              ],
              [
                134.4628906276651,
                -2.861303804297428
              ],
              [
                134.15969848872243,
                -2.31944465767557
              ],
              [
                134.08828735366944,
                -1.677916524911609
              ],
              [
                134.27929687966446,
                -1.3493056288633785
              ],
              [
                133.99383545251217,
                -0.7344443822584328
              ],
              [
                133.42996216028342,
                -0.736388740806623
              ],
              [
                132.4341430626143,
                -0.3444444529882329
              ],
              [
                131.25555420021118,
                -0.822777750924093
              ],
              [
                130.96359252976055,
                -1.403055427198037
              ],
              [
                131.88244629411707,
                -1.6422221679724132
              ],
              [
                132.29899597472016,
                -2.2684721981875438
              ],
              [
                133.9342803958865,
                -2.1040971302741713
              ],
              [
                133.8224792489284,
                -2.556944366777838
              ],
              [
                133.2458038332336,
                -2.417499778279307
              ],
              [
                132.72274779971463,
                -2.817222591767102
              ],
              [
                131.9569091774879,
                -2.7870140066820603
              ],
              [
                132.82177734375006,
                -3.322500225146654
              ],
              [
                132.91220093100733,
                -4.097917075232062
              ],
              [
                133.45108032596755,
                -3.8693056073321754
              ],
              [
                133.82885742025388,
                -2.9616665819630406
              ],
              [
                133.74301147587477,
                -3.660833362767349
              ],
              [
                134.34884643498265,
                -3.948610780966792
              ],
              [
                134.96760558952943,
                -3.941110847062297
              ],
              [
                134.69497680638656,
                -3.939722060330742
              ],
              [
                134.6462249714483,
                -4.1255550389878035
              ],
              [
                138.03637695465207,
                -5.460000034837569
              ]
            ]
          ],
          [
            [
              [
                130.75942993188121,
                -0.45277777292640187
              ],
              [
                130.94316101077408,
                -0.36444446455455676
              ],
              [
                130.61433410650963,
                -0.0890972166475325
              ],
              [
                130.97787475573057,
                -0.36388888964306465
              ],
              [
                131.25555419938865,
                -0.3877778351983753
              ],
              [
                131.29983520494247,
                -0.167638898032836
              ],
              [
                130.8247070314131,
                -0.008672405029045482
              ],
              [
                130.21932983401007,
                -0.2112499775897278
              ],
              [
                130.75942993188121,
                -0.45277777292640187
              ]
            ]
          ],
          [
            [
              [
                103.00859069829231,
                0.6922219993324161
              ],
              [
                102.47329711902489,
                1.1177773475099526
              ],
              [
                102.48026275621254,
                0.8066664934307236
              ],
              [
                103.00859069829231,
                0.6922219993324161
              ]
            ]
          ],
          [
            [
              [
                100.91638183377931,
                -2.3358330713172784
              ],
              [
                101.62692260915487,
                -3.2461109137592
              ],
              [
                102.22122955162654,
                -3.649027584644552
              ],
              [
                102.30512237252428,
                -3.9859721632582454
              ],
              [
                103.71983337163114,
                -4.9602780347554765
              ],
              [
                104.56077575732719,
                -5.92974758240977
              ],
              [
                104.71430206039375,
                -5.918055534071429
              ],
              [
                104.60999297833357,
                -5.493332863482019
              ],
              [
                105.14158630472801,
                -5.795346736146549
              ],
              [
                105.27193451219803,
                -5.444166184035095
              ],
              [
                105.77915954685267,
                -5.835000038525436
              ],
              [
                105.9566497795019,
                -3.8386111231104167
              ],
              [
                105.81414794758881,
                -3.6936111466940575
              ],
              [
                106.05525207600554,
                -3.0313887610889942
              ],
              [
                105.60636902030507,
                -2.3933334329831695
              ],
              [
                104.86497497365019,
                -2.288750171570544
              ],
              [
                104.53179168673118,
                -2.7713887677591718
              ],
              [
                104.87664794869389,
                -2.1155557637051903
              ],
              [
                104.53810882365241,
                -1.860277773176251
              ],
              [
                104.37776183800088,
                -1.0393056849764024
              ],
              [
                103.74108886963019,
                -0.9955555184557205
              ],
              [
                103.36080932631555,
                -0.7022222268955334
              ],
              [
                103.59756469606471,
                -0.4349999432614551
              ],
              [
                103.35386657583217,
                -0.2629167136044295
              ],
              [
                103.8111801168066,
                -0.0035004711309527536
              ],
              [
                103.73969269021566,
                0.2811110592922432
              ],
              [
                103.35108947920058,
                0.536110875346643
              ],
              [
                102.59330749513917,
                0.18666662229373987
              ],
              [
                103.08191681020301,
                0.4455553602434845
              ],
              [
                102.93245697154534,
                0.6949998135859081
              ],
              [
                102.4256591775033,
                0.7974997761377045
              ],
              [
                102.13552856696285,
                1.3733329772282898
              ],
              [
                101.4105224636508,
                1.717221974422408
              ],
              [
                101.05795287941606,
                2.2836105822186763
              ],
              [
                100.82537841977991,
                2.2684719545153005
              ],
              [
                100.82427978494897,
                2.0272216806143852
              ],
              [
                100.48330688257937,
                2.219999316226952
              ],
              [
                99.76441955511159,
                3.14472198266521
              ],
              [
                98.27052306933923,
                4.142498970890816
              ],
              [
                98.27677917527939,
                4.426804545009748
              ],
              [
                97.51483154330246,
                5.2494440060235075
              ],
              [
                96.34774780467743,
                5.222776411696783
              ],
              [
                95.60913086059041,
                5.62666511419031
              ],
              [
                95.2335815418361,
                5.570138452229633
              ],
              [
                95.53108215534513,
                4.682776452035206
              ],
              [
                96.48886108530658,
                3.763610365248047
              ],
              [
                96.88024902108384,
                3.677499295845225
              ],
              [
                97.59692382856485,
                2.8669438384841577
              ],
              [
                97.75025177055444,
                2.2708327748589454
              ],
              [
                98.77071380407074,
                1.7486107345333508
              ],
              [
                99.13959503253349,
                0.2579166567114619
              ],
              [
                99.63581848042645,
                0.07694443473685997
              ],
              [
                100.31887817625777,
                -0.8426389078258216
              ],
              [
                100.91638183377931,
                -2.3358330713172784
              ]
            ]
          ],
          [
            [
              [
                128.40179443428775,
                -0.8881944417236229
              ],
              [
                128.03692627012273,
                -0.40333336629528205
              ],
              [
                127.87914276130188,
                0.29951378779567595
              ],
              [
                127.95748901344217,
                0.47638881172389813
              ],
              [
                128.8535614013031,
                0.24152776586752855
              ],
              [
                128.2120361321389,
                0.7796525961931384
              ],
              [
                128.69747924876046,
                1.1019442084844289
              ],
              [
                128.72454833958048,
                1.5569442504390048
              ],
              [
                128.1882934569494,
                1.3780553338744221
              ],
              [
                127.8697052003351,
                0.8170831806989658
              ],
              [
                127.65692901617868,
                0.8811109073618597
              ],
              [
                128.0373382571119,
                1.5202776198524512
              ],
              [
                127.94734191836307,
                2.191596508015609
              ],
              [
                127.56818389904491,
                1.739166259068789
              ],
              [
                127.3949890139694,
                1.0616664883075666
              ],
              [
                127.61435699468645,
                0.8527776002589071
              ],
              [
                127.66394042926328,
                -0.21513886788107717
              ],
              [
                128.40179443428775,
                -0.8881944417236229
              ]
            ]
          ],
          [
            [
              [
                97.81079101582024,
                0.549722075484499
              ],
              [
                97.90934753396752,
                1.0392359492977103
              ],
              [
                97.48246765116622,
                1.4699997899960824
              ],
              [
                97.1146850583784,
                1.3933331964861702
              ],
              [
                97.81079101582024,
                0.549722075484499
              ]
            ]
          ],
          [
            [
              [
                103.84191894525576,
                1.2590276002308014
              ],
              [
                103.99053955085674,
                1.3832907677050532
              ],
              [
                103.68440246582726,
                1.4111106396243875
              ],
              [
                103.84191894525576,
                1.2590276002308014
              ]
            ]
          ],
          [
            [
              [
                109.0991516119517,
                0.23944443616055988
              ],
              [
                109.12024688653239,
                -0.5022222993537202
              ],
              [
                109.51442718522286,
                -0.7269444485118353
              ],
              [
                109.25818634244317,
                -0.6693055617606438
              ],
              [
                109.27998351773526,
                -0.868055461313757
              ],
              [
                109.72971343793628,
                -0.9536111344262692
              ],
              [
                110.05774688869961,
                -1.3338890074726355
              ],
              [
                110.26193237078999,
                -3.0025000559101502
              ],
              [
                110.55108642518516,
                -2.8691663748911393
              ],
              [
                110.96110534439467,
                -2.8885417005046894
              ],
              [
                110.75193786454352,
                -3.025138854120894
              ],
              [
                110.92386627307567,
                -3.097777844431059
              ],
              [
                111.54720306527369,
                -3.024166821129615
              ],
              [
                111.72914886196112,
                -2.807222130059566
              ],
              [
                111.89637756475413,
                -3.5738892544218706
              ],
              [
                112.24581909055586,
                -3.3138890248181005
              ],
              [
                112.65165710245074,
                -3.4152774797067984
              ],
              [
                113.06469726393455,
                -2.99388885749334
              ],
              [
                113.36581420775342,
                -3.260833499534786
              ],
              [
                113.6058196997808,
                -3.1726388926289912
              ],
              [
                113.67109679892772,
                -3.47611093385194
              ],
              [
                114.10220336847945,
                -3.3563890445740228
              ],
              [
                114.48108672927304,
                -3.4986109743675318
              ],
              [
                114.63706970331296,
                -4.185068607069361
              ],
              [
                115.96623993034127,
                -3.6087501030111184
              ],
              [
                116.13192749207874,
                -2.8233337419478985
              ],
              [
                116.27442931983707,
                -3.0000000003760317
              ],
              [
                116.30657959090439,
                -2.5179860576895887
              ],
              [
                116.60415649402442,
                -2.229722024052034
              ],
              [
                116.4454574596706,
                -1.7831944217885578
              ],
              [
                116.22393799014209,
                -1.7790278214033282
              ],
              [
                117.25776672583771,
                -0.868055461313757
              ],
              [
                117.62345123237135,
                -0.7772222134129945
              ],
              [
                117.63135528841282,
                -0.4240277710558136
              ],
              [
                117.44478607429991,
                -0.5239691133357942
              ],
              [
                117.46748351829062,
                0.10361111871089967
              ],
              [
                117.74220275933072,
                0.7397220124146049
              ],
              [
                118.03498840269759,
                0.8102777025321553
              ],
              [
                117.89305114750023,
                1.1177774658811686
              ],
              [
                118.34387206866634,
                0.8430553657516562
              ],
              [
                118.79456329166163,
                0.800277710041418
              ],
              [
                119.00901794549281,
                0.9838887425992624
              ],
              [
                117.87191772302155,
                1.876666546558778
              ],
              [
                118.09192657715407,
                2.3144440664051373
              ],
              [
                117.61831665224209,
                3.0889577837044886
              ],
              [
                117.31192016442277,
                3.245277406911863
              ],
              [
                117.44247436271661,
                3.4323606485591167
              ],
              [
                117.03137970250121,
                3.600693941603671
              ],
              [
                117.76026916739865,
                3.639166354056396
              ],
              [
                117.47109985304428,
                4.07611083973465
              ],
              [
                117.6291503908027,
                4.353610040014825
              ],
              [
                118.54956817763502,
                4.3509712210444125
              ],
              [
                118.59484863314594,
                4.521249291973309
              ],
              [
                118.1405487053766,
                4.888332369748108
              ],
              [
                119.12803649877347,
                5.093888279994637
              ],
              [
                119.26776123212228,
                5.364165305577664
              ],
              [
                118.36248779507719,
                5.810276984965432
              ],
              [
                117.95547485244167,
                5.685068129916701
              ],
              [
                118.12468719491878,
                5.864027022108578
              ],
              [
                118.0068664565764,
                6.061248302039939
              ],
              [
                117.50305175612438,
                5.896110535160284
              ],
              [
                117.72442626752286,
                6.423332216035165
              ],
              [
                117.30165099842311,
                6.626248360022615
              ],
              [
                117.14513397174062,
                7.001527310417432
              ],
              [
                116.78379822059043,
                6.584235189228128
              ],
              [
                116.75417327757053,
                7.01805496000434
              ],
              [
                115.84887695058666,
                5.563887594072948
              ],
              [
                115.38025665341505,
                5.4009714143073015
              ],
              [
                115.57415771528771,
                5.179165840637928
              ],
              [
                115.37886047623068,
                4.911665915205564
              ],
              [
                115.04998016088479,
                4.7983322134268835
              ],
              [
                115.05137634381029,
                5.050276757650499
              ],
              [
                113.9748458847672,
                4.591943739786011
              ],
              [
                113.92608642839423,
                4.24416542323107
              ],
              [
                113.01053619536988,
                3.1605548885314665
              ],
              [
                111.44845581192992,
                2.6947216983234794
              ],
              [
                111.000000000722,
                1.5720831175704832
              ],
              [
                111.37831115897504,
                1.3459720595155735
              ],
              [
                110.33054351841008,
                1.801527621278507
              ],
              [
                109.92803191926762,
                1.6904857150566333
              ],
              [
                109.64856719835196,
                2.073408601767156
              ],
              [
                109.33720397847222,
                1.8880553273822986
              ],
              [
                108.8847198480593,
                0.7677776827762326
              ],
              [
                109.0991516119517,
                0.23944443616055988
              ]
            ]
          ],
          [
            [
              [
                34.903800976598184,
                29.48670580286259
              ],
              [
                34.67874528953584,
                28.12944221672442
              ],
              [
                35.16055301502698,
                28.056663523336972
              ],
              [
                36.700138072920424,
                26.015832890126266
              ],
              [
                37.48860931353324,
                24.317497227604314
              ],
              [
                38.44686890515569,
                23.78909495196044
              ],
              [
                39.10527041705036,
                22.377220141332998
              ],
              [
                38.993049620022475,
                21.83694078103152
              ],
              [
                39.17485805682846,
                21.104024922763603
              ],
              [
                39.66069027494174,
                20.437913894646435
              ],
              [
                40.80277249121107,
                19.659164416567187
              ],
              [
                41.678886404150184,
                17.94944384719726
              ],
              [
                42.307079280188,
                17.447635676277237
              ],
              [
                42.7893333335153,
                16.460830667786556
              ],
              [
                42.6938857859826,
                15.700277356538647
              ],
              [
                43.27944184573367,
                13.72027686882552
              ],
              [
                43.24971769624139,
                13.20569417842522
              ],
              [
                43.46194079508793,
                12.687359780342634
              ],
              [
                43.94985582665386,
                12.594652179432781
              ],
              [
                44.902217872096415,
                12.731526372779923
              ],
              [
                45.65902328404746,
                13.339165691412521
              ],
              [
                46.691524511777516,
                13.428054825883935
              ],
              [
                47.99013517712093,
                14.047082934424148
              ],
              [
                48.698051449367654,
                14.039999038849372
              ],
              [
                49.094303124370555,
                14.516804711453462
              ],
              [
                52.1891631906867,
                15.605276136842116
              ],
              [
                52.227077459706415,
                16.16617775483479
              ],
              [
                52.596382119603376,
                16.477218598286484
              ],
              [
                54.09263611495061,
                17.014305112797246
              ],
              [
                55.031940476255905,
                17.01471903202025
              ],
              [
                55.436035184993614,
                17.82610891205722
              ],
              [
                56.35083004720909,
                17.96166607611767
              ],
              [
                56.81043622984805,
                18.74439621304964
              ],
              [
                57.805690776119945,
                18.970972071098306
              ],
              [
                57.82818982108008,
                20.216247568121418
              ],
              [
                58.21374508557924,
                20.612775836449593
              ],
              [
                58.21152113784345,
                20.397220624384783
              ],
              [
                58.52068713555602,
                20.419509909450017
              ],
              [
                59.80916211914287,
                22.223331426073297
              ],
              [
                59.80173113777546,
                22.53687288526028
              ],
              [
                59.397773754935486,
                22.680553410092013
              ],
              [
                58.60929870593725,
                23.632774321251425
              ],
              [
                57.17131420227631,
                23.93444063731062
              ],
              [
                56.61978531949476,
                24.477567699140014
              ],
              [
                56.2643012902805,
                25.659442913227817
              ],
              [
                56.40421293235846,
                26.36871340252472
              ],
              [
                54.123744948576416,
                24.14166452089063
              ],
              [
                52.6262474033788,
                24.196804042482707
              ],
              [
                52.08596804307732,
                23.955970784215825
              ],
              [
                51.81597517245074,
                23.997983921384673
              ],
              [
                51.72583009220779,
                24.26110840624661
              ],
              [
                51.28235623020038,
                24.29999926476631
              ],
              [
                51.48721697329127,
                24.583330146566617
              ],
              [
                51.21437072589576,
                24.634441367151133
              ],
              [
                51.36624906169999,
                24.589582469984194
              ],
              [
                51.61194226780586,
                25.01374819129236
              ],
              [
                51.567214946621405,
                25.907705286006504
              ],
              [
                51.24485782193349,
                26.152498219669198
              ],
              [
                51.03694155894961,
                26.04242706952434
              ],
              [
                50.75638198694618,
                25.499580409405638
              ],
              [
                50.77540972593472,
                24.72083093132639
              ],
              [
                49.99388886338437,
                26.01999665017596
              ],
              [
                50.21944429816362,
                26.30027768732429
              ],
              [
                49.99637984614478,
                26.74249649965083
              ],
              [
                50.15499880011657,
                26.66305350515262
              ],
              [
                49.400550853413634,
                27.15777591364227
              ],
              [
                49.236515031241105,
                27.544300076196357
              ],
              [
                48.838874789045036,
                27.619716636542602
              ],
              [
                48.028602632791205,
                29.344993564255255
              ],
              [
                47.707221948254826,
                29.37583162914525
              ],
              [
                47.95596313215708,
                29.62374497460149
              ],
              [
                48.1668662894222,
                29.565135939219193
              ],
              [
                47.95943451280289,
                30.033050525356227
              ],
              [
                48.91735456072933,
                30.040689474437155
              ],
              [
                48.978881864781115,
                30.511524196099277
              ],
              [
                49.263462046347044,
                30.429092440464228
              ],
              [
                49.00471115610392,
                30.297357551227638
              ],
              [
                49.55505749787599,
                30.007219292503603
              ],
              [
                50.08055494621068,
                30.17958256010129
              ],
              [
                51.43027496528302,
                27.93777469148714
              ],
              [
                52.49971768091822,
                27.608608248345682
              ],
              [
                52.60832977140256,
                27.34819033072851
              ],
              [
                53.7477722538575,
                26.70915983522959
              ],
              [
                54.78846360111499,
                26.49041177737406
              ],
              [
                56.132766751986594,
                27.160274513173515
              ],
              [
                56.6905441498003,
                27.14833066975975
              ],
              [
                57.023464167479645,
                26.847496000531983
              ],
              [
                57.3190918030758,
                25.771455742542173
              ],
              [
                59.051933304342384,
                25.393608127409916
              ],
              [
                60.46679687610667,
                25.265970239466856
              ],
              [
                60.55096435940173,
                25.441106833065472
              ],
              [
                61.44137569794307,
                25.075969666929396
              ],
              [
                63.4291610481706,
                25.21499634478007
              ],
              [
                63.715965252146546,
                25.384857204461095
              ],
              [
                64.60123444895682,
                25.25207904164258
              ],
              [
                66.50005337689122,
                25.40381430163384
              ],
              [
                66.17291262142113,
                25.5264740324415
              ],
              [
                66.43803404437824,
                25.593330387806724
              ],
              [
                66.7327575991458,
                25.197494498882428
              ],
              [
                66.6513747923337,
                24.82853886630791
              ],
              [
                67.23539734222302,
                24.772914858351253
              ],
              [
                67.51921846030315,
                23.87654877317453
              ],
              [
                68.19779971043826,
                23.76668551606897
              ],
              [
                68.2556838831293,
                23.579580287214263
              ],
              [
                68.74136354180317,
                23.844161964881128
              ],
              [
                68.40415192180284,
                23.51263618963597
              ],
              [
                68.75248716354176,
                23.089164714587277
              ],
              [
                69.71026607718505,
                22.742771152017852
              ],
              [
                70.50971987992754,
                23.09819028933155
              ],
              [
                70.16998292702381,
                22.550830841840714
              ],
              [
                69.22039032452254,
                22.273956293437642
              ],
              [
                69.07138059902891,
                22.480756774168213
              ],
              [
                68.9459533668098,
                22.289302817211244
              ],
              [
                70.06080629940689,
                21.144439732844383
              ],
              [
                70.82512662655299,
                20.695966730244667
              ],
              [
                72.10810088278568,
                21.204092041808597
              ],
              [
                72.32540892290777,
                22.151523572270598
              ],
              [
                72.15518947760364,
                22.28124621519612
              ],
              [
                72.91477202394103,
                22.271108591909726
              ],
              [
                72.58068081573424,
                22.198329898522278
              ],
              [
                72.50165554884445,
                21.97492411062605
              ],
              [
                72.52616885631971,
                21.682001100744838
              ],
              [
                72.81768799079185,
                21.634160984537672
              ],
              [
                72.56484988027029,
                21.37506487535752
              ],
              [
                72.93441769213223,
                20.774719212194594
              ],
              [
                72.66415405276983,
                19.87083052037776
              ],
              [
                72.75374602103646,
                19.372772190284426
              ],
              [
                73.04262542169423,
                19.211046191205156
              ],
              [
                72.77901458361211,
                19.31055258150299
              ],
              [
                72.77321627947576,
                18.945932385018878
              ],
              [
                73.05418394611273,
                19.004716904827312
              ],
              [
                72.85386660682576,
                18.660552965234693
              ],
              [
                73.44747926859196,
                16.058609012606595
              ],
              [
                74.37525938094751,
                14.448331808489536
              ],
              [
                74.85525513639604,
                12.754997228089715
              ],
              [
                76.38415528361622,
                9.860275282923197
              ],
              [
                76.44247435898717,
                9.143331494402384
              ],
              [
                76.96443172639006,
                8.400554680847574
              ],
              [
                77.45108797456393,
                8.085414894572523
              ],
              [
                78.06206515633004,
                8.366247176841583
              ],
              [
                78.22956847608874,
                8.961664191879546
              ],
              [
                78.87747191221831,
                9.2511100711997
              ],
              [
                79.32435607135639,
                10.279929187624138
              ],
              [
                79.85810853111907,
                10.285831438280134
              ],
              [
                79.76429746920284,
                11.656249061335565
              ],
              [
                80.34873961355619,
                13.342636101293428
              ],
              [
                80.04942322064849,
                13.62055302718773
              ],
              [
                80.239700311837,
                13.591941822328257
              ],
              [
                80.04907986856706,
                15.055553399513714
              ],
              [
                80.27943416767016,
                15.699165307996529
              ],
              [
                81.00003811327477,
                15.839859013221245
              ],
              [
                81.3210144368888,
                16.36708068938547
              ],
              [
                81.72726439307633,
                16.310829193925496
              ],
              [
                82.30169675641457,
                16.583053554384477
              ],
              [
                82.31330874757738,
                17.04555127232078
              ],
              [
                84.11588290596487,
                18.3020801748836
              ],
              [
                85.38249208201013,
                19.612495416213235
              ],
              [
                85.1799392951569,
                19.560262663460165
              ],
              [
                85.23883059910548,
                19.740596807063955
              ],
              [
                86.42122651655646,
                19.984926237818986
              ],
              [
                86.98692319048756,
                20.67777250494315
              ],
              [
                86.82804870132162,
                21.152496334859507
              ],
              [
                86.96331784690054,
                21.381938936363174
              ],
              [
                87.79637146602924,
                21.698883075909997
              ],
              [
                88.16651919791389,
                22.08971974956776
              ],
              [
                87.90609739723708,
                22.42041208580012
              ],
              [
                88.19925690038534,
                22.151905082880436
              ],
              [
                88.25749204192863,
                21.548746143006806
              ],
              [
                88.50026705403924,
                21.94804952951728
              ],
              [
                88.5722198505105,
                21.55999753234247
              ],
              [
                88.62580868716935,
                22.03971863599554
              ],
              [
                88.71200559184699,
                21.56228831350864
              ],
              [
                89.08436584631116,
                21.625204110079373
              ],
              [
                89.05445859562191,
                22.12940596324608
              ],
              [
                89.20745084682385,
                21.652183533798475
              ],
              [
                89.35498045452582,
                21.9660358617795
              ],
              [
                89.4182434115634,
                21.713813813605
              ],
              [
                89.61511991196211,
                22.319580078679852
              ],
              [
                89.58110050111188,
                21.701660135622117
              ],
              [
                89.88373564055178,
                21.894647602440816
              ],
              [
                89.98165893730321,
                22.468933081580683
              ],
              [
                89.93386840478071,
                21.994716663015634
              ],
              [
                90.26998903437006,
                21.84694100374596
              ],
              [
                90.61734006983815,
                22.344997392309473
              ],
              [
                90.4492263629734,
                23.043613438016457
              ],
              [
                90.6131820597037,
                23.218328495621233
              ],
              [
                90.31080626384336,
                23.43582919524096
              ],
              [
                90.70964047220515,
                23.549650186212506
              ],
              [
                90.77902223514799,
                22.761247645885664
              ],
              [
                90.96526333388388,
                22.570690152986455
              ],
              [
                91.45582579070926,
                22.789997072733552
              ],
              [
                91.56748959270116,
                22.674163835450933
              ],
              [
                92.38060758362732,
                20.695201842169396
              ],
              [
                92.73719791146846,
                20.263191220270823
              ],
              [
                92.64432528052382,
                20.685829181632496
              ],
              [
                92.8676834262652,
                20.119510620764867
              ],
              [
                93.66192623764222,
                19.876939767982368
              ],
              [
                93.60040281665007,
                19.71749305023879
              ],
              [
                93.90971375703121,
                19.476940119008376
              ],
              [
                94.61234287020409,
                17.547426201996956
              ],
              [
                94.25096129480994,
                15.958886141733716
              ],
              [
                94.64276888272667,
                16.33791353492916
              ],
              [
                94.72734834371492,
                15.861108758415755
              ],
              [
                95.21755983168804,
                15.786316847952323
              ],
              [
                95.36060331071579,
                16.141452820609047
              ],
              [
                95.27804565433927,
                15.789998063167259
              ],
              [
                95.42858888969462,
                15.729719162790412
              ],
              [
                96.00680544400255,
                16.383068067348468
              ],
              [
                96.26832577718696,
                16.389717134917554
              ],
              [
                96.24192806567193,
                16.803733807783072
              ],
              [
                96.37747955449137,
                16.5024986606926
              ],
              [
                96.7777710303323,
                16.703884140078035
              ],
              [
                96.87803648411595,
                17.449996949910755
              ],
              [
                97.37803649337879,
                16.49499509597958
              ],
              [
                97.73728940534681,
                16.560764343993466
              ],
              [
                97.5697097685313,
                16.06520461343138
              ],
              [
                97.79725646616471,
                14.881961815607317
              ],
              [
                98.14068605943963,
                13.538192734784948
              ],
              [
                98.18623352762503,
                14.054997431391216
              ],
              [
                98.58033749727473,
                13.178331377240683
              ],
              [
                98.53372958043592,
                12.254640574733601
              ],
              [
                98.74720003751825,
                11.674859072715684
              ],
              [
                98.7094269027817,
                10.916247365963052
              ],
              [
                98.46074680239458,
                10.728747334486656
              ],
              [
                98.55139921931463,
                9.986907010373606
              ],
              [
                98.7453994926319,
                10.32763668240968
              ],
              [
                98.26081851581408,
                8.85388561508223
              ],
              [
                98.2741546601322,
                8.274442685995414
              ],
              [
                98.43629457843447,
                8.147984501441318
              ],
              [
                98.65588376674786,
                8.379928614770964
              ],
              [
                98.77193453004466,
                8.018471693084916
              ],
              [
                100.09017943842304,
                6.533436305089067
              ],
              [
                100.35552981255059,
                5.963888158712567
              ],
              [
                100.6019134565305,
                4.221665409373333
              ],
              [
                100.86850738050843,
                4.022360353865379
              ],
              [
                100.69704438535392,
                3.910416150162773
              ],
              [
                101.2901077435292,
                3.274860619672413
              ],
              [
                101.28573609044021,
                2.8435411823901338
              ],
              [
                103.37454984099682,
                1.533471906739766
              ],
              [
                103.51213836796967,
                1.2695281709675679
              ],
              [
                103.99851227290301,
                1.4356940753764618
              ],
              [
                103.95851138204524,
                1.6443052566878342
              ],
              [
                104.27754214343013,
                1.3690969889165685
              ],
              [
                103.8202438423546,
                2.5759024913458037
              ],
              [
                103.4380188242181,
                2.9258329985296148
              ],
              [
                103.44107053572569,
                4.76527688289308
              ],
              [
                103.12191006521391,
                5.377360363286066
              ],
              [
                101.54553988724014,
                6.848471174079558
              ],
              [
                101.02552793271794,
                6.847221351594367
              ],
              [
                100.42482756699155,
                7.157776812590797
              ],
              [
                100.20761869423877,
                7.777360422682504
              ],
              [
                100.57809446998895,
                7.220138078374948
              ],
              [
                99.84539792991659,
                9.300414100891938
              ],
              [
                99.23720549930766,
                9.257289885945882
              ],
              [
                99.15081787666223,
                10.364718408507281
              ],
              [
                100.02082060046692,
                12.194649692838283
              ],
              [
                99.95678708011305,
                13.291076686017142
              ],
              [
                100.2222137712974,
                13.468330368537165
              ],
              [
                100.9763489076765,
                13.462808583051872
              ],
              [
                100.93221285699677,
                12.611387270399556
              ],
              [
                102.06067658570745,
                12.566247971521921
              ],
              [
                102.33776858545048,
                12.195276284250914
              ],
              [
                102.6415176402881,
                12.174998274731841
              ],
              [
                102.93565365826213,
                11.591386806445005
              ],
              [
                102.89588164390055,
                11.826768846368166
              ],
              [
                103.05993650800018,
                11.716233222550734
              ],
              [
                103.12969970687864,
                10.883052806589866
              ],
              [
                103.5556564147725,
                11.155345942009049
              ],
              [
                103.63498687521532,
                10.490205753476628
              ],
              [
                104.25128937458366,
                10.56617833809393
              ],
              [
                104.61023709299867,
                10.168888093985217
              ],
              [
                105.0555267334341,
                10.03388785028651
              ],
              [
                104.7669372927877,
                8.58555409658868
              ],
              [
                105.12129971515918,
                8.625065796605774
              ],
              [
                105.53387450343568,
                9.129441267343017
              ],
              [
                106.19454192997996,
                9.368469201573216
              ],
              [
                105.82371518537752,
                10.004223813544458
              ],
              [
                106.5041351389274,
                9.550692528367115
              ],
              [
                106.57067106719792,
                9.74138637639914
              ],
              [
                106.11480710861481,
                10.234067938349966
              ],
              [
                106.60711671825645,
                9.810866335946399
              ],
              [
                106.29663085363669,
                10.25499822721469
              ],
              [
                106.60385898056518,
                9.974094407039146
              ],
              [
                106.77803040982006,
                10.082359337056635
              ],
              [
                106.42431638373459,
                10.311384210951884
              ],
              [
                106.78424069164959,
                10.279789920196588
              ],
              [
                106.5915527431429,
                10.429691330597642
              ],
              [
                106.76303097183909,
                10.680551544951118
              ],
              [
                107.26618955142386,
                10.376129152636718
              ],
              [
                108.96214295685539,
                11.311456663474718
              ],
              [
                109.22109987328221,
                11.756109258106171
              ],
              [
                109.19733427881074,
                12.631526012491081
              ],
              [
                109.46484378344775,
                12.900553718773926
              ],
              [
                108.82916257623859,
                15.421942703035922
              ],
              [
                108.30581664164254,
                15.948331836278035
              ],
              [
                108.3308257859644,
                16.150413503452764
              ],
              [
                108.19472506822827,
                16.05199623671032
              ],
              [
                108.04802703268349,
                16.311664574468114
              ],
              [
                107.81150815237588,
                16.312009793405142
              ],
              [
                106.69886781703255,
                17.39971924301326
              ],
              [
                106.42498777968154,
                17.741661101725683
              ],
              [
                106.50991820952207,
                17.95611188201921
              ],
              [
                105.63856507705262,
                18.89065359599925
              ],
              [
                105.95679473336364,
                19.923049906444753
              ],
              [
                106.52762600692918,
                20.240133313419122
              ],
              [
                106.77693172796401,
                20.699161517565205
              ],
              [
                106.64665223935097,
                21.02166365959591
              ],
              [
                107.34998321555416,
                21.00881767688337
              ],
              [
                107.41651152705384,
                21.325967767939673
              ],
              [
                108.4662399488861,
                21.55874636572125
              ],
              [
                108.45248413542973,
                21.907632852580903
              ],
              [
                108.60471344008621,
                21.910827639901445
              ],
              [
                109.16470336047946,
                21.411663085855455
              ],
              [
                109.92414858091911,
                21.474163021673363
              ],
              [
                109.66595461103773,
                20.865690264027965
              ],
              [
                109.97984315601734,
                20.291940721792937
              ],
              [
                110.27886966358793,
                20.24610516045178
              ],
              [
                110.52735135456216,
                20.486175546847438
              ],
              [
                110.15358737403737,
                20.985271475281674
              ],
              [
                110.62774659214692,
                21.369441980973082
              ],
              [
                111.64395143997554,
                21.526803943734198
              ],
              [
                111.95207214790214,
                21.852773658025296
              ],
              [
                112.59275817094463,
                21.769996608779
              ],
              [
                112.9785995123955,
                21.896385196956434
              ],
              [
                113.0848465208609,
                22.20485493220549
              ],
              [
                113.22261807435649,
                22.04069134243589
              ],
              [
                113.55268098155571,
                22.187009808900637
              ],
              [
                113.47927853437614,
                23.050830851103544
              ],
              [
                113.82189940580636,
                23.117240878632604
              ],
              [
                113.52526852201228,
                23.0502739307418
              ],
              [
                113.6059570078907,
                22.83457945124944
              ],
              [
                114.0336914103584,
                22.508739446085233
              ],
              [
                113.90560913610899,
                22.367355377660683
              ],
              [
                114.19802854302432,
                22.318054185588956
              ],
              [
                114.38247678831891,
                22.371383678668245
              ],
              [
                114.22226712402988,
                22.55004116192311
              ],
              [
                114.77818296811633,
                22.814023952314404
              ],
              [
                114.87220767298709,
                22.533054344147615
              ],
              [
                115.16137695898196,
                22.80833056546262
              ],
              [
                115.53665159905599,
                22.65888593728908
              ],
              [
                115.64026641580361,
                22.88416291188746
              ],
              [
                116.48171998902887,
                22.939022031768847
              ],
              [
                116.87955475757816,
                23.551662432523578
              ],
              [
                118.12372589750422,
                24.25874713261309
              ],
              [
                117.79473113040348,
                24.460186004068607
              ],
              [
                118.16880037915553,
                24.68193820595109
              ],
              [
                118.6227569340379,
                24.54388811760041
              ],
              [
                118.76311490395203,
                24.75673295403503
              ],
              [
                118.57290651304949,
                24.882913574498943
              ],
              [
                119.0114441101611,
                24.947633724341447
              ],
              [
                118.87487033121664,
                25.242599522291297
              ],
              [
                119.27262878270912,
                25.1720790521084
              ],
              [
                119.10526278884815,
                25.420967120209035
              ],
              [
                119.30220029808778,
                25.564720153712162
              ],
              [
                119.64540101486648,
                25.353330643226865
              ],
              [
                119.4522094633939,
                25.682218551513227
              ],
              [
                119.70582582867681,
                25.990690228292102
              ],
              [
                119.35401151484702,
                25.937875763334954
              ],
              [
                119.0974883807251,
                26.140413316646512
              ],
              [
                119.42526244828797,
                25.996940610179855
              ],
              [
                119.93386074638599,
                26.348747232564595
              ],
              [
                119.56553648437443,
                26.443328857797106
              ],
              [
                119.82040401627856,
                26.44221688392921
              ],
              [
                119.55026246927223,
                26.756248504721782
              ],
              [
                119.976768480757,
                26.76591874204087
              ],
              [
                119.860260039142,
                26.517776520088418
              ],
              [
                120.12796018707259,
                26.644647578426383
              ],
              [
                121.16512295322877,
                28.382774371911218
              ],
              [
                121.57395170906399,
                28.302913649804587
              ],
              [
                121.48442844108334,
                28.669925661679784
              ],
              [
                121.71331785593645,
                28.94860456335463
              ],
              [
                121.41352078504958,
                29.16339682887399
              ],
              [
                121.986923241492,
                29.254997235066277
              ],
              [
                121.93858340537858,
                29.623886108884637
              ],
              [
                121.46748351554744,
                29.459438309018925
              ],
              [
                121.95664978840881,
                29.812774632879982
              ],
              [
                121.35054017125252,
                30.27860834709419
              ],
              [
                120.79158023242935,
                30.06464959526185
              ],
              [
                120.50818632558408,
                30.31027410108175
              ],
              [
                120.14998624549862,
                30.19693946333037
              ],
              [
                120.81442262947091,
                30.335552221958043
              ],
              [
                121.8827667379243,
                30.979856509844733
              ],
              [
                120.70262142690706,
                31.988327049608518
              ],
              [
                120.13637544938504,
                31.903884914518006
              ],
              [
                119.63165281818095,
                32.262771624092096
              ],
              [
                119.82666014808156,
                32.30638122149342
              ],
              [
                120.09900667557082,
                31.945550891219998
              ],
              [
                120.60192868721434,
                32.093605010670544
              ],
              [
                121.8965148599356,
                31.741523736490354
              ],
              [
                121.33484648701207,
                32.429576889205904
              ],
              [
                120.83748628623785,
                32.63888552776838
              ],
              [
                120.88581850558043,
                32.974990849141825
              ],
              [
                120.24873349763642,
                34.31145096627863
              ],
              [
                119.1974792573875,
                34.769714357023666
              ],
              [
                119.20039364299734,
                35.02957535427909
              ],
              [
                120.18025208181098,
                35.97971345198586
              ],
              [
                120.08885195188715,
                36.19998165301704
              ],
              [
                120.30780790278199,
                36.26344682785291
              ],
              [
                120.3435897746644,
                36.041900652154126
              ],
              [
                120.69562527354535,
                36.140747071661245
              ],
              [
                120.95999144140207,
                36.52638246160264
              ],
              [
                120.82054136070195,
                36.645271293452474
              ],
              [
                121.95664978840881,
                37.00027464468757
              ],
              [
                122.35443116488803,
                36.82777405119216
              ],
              [
                122.59721371909524,
                37.20999145255781
              ],
              [
                122.5585784704439,
                37.39624405112418
              ],
              [
                121.57998658114161,
                37.42457582503787
              ],
              [
                120.7370681983406,
                37.8349914828049
              ],
              [
                119.76721192377123,
                37.15138241717551
              ],
              [
                119.15886685904867,
                37.17110440242352
              ],
              [
                118.83776090098198,
                38.15290452040666
              ],
              [
                118.11052700440959,
                38.14638516196446
              ],
              [
                117.67221066702336,
                38.38665769148418
              ],
              [
                117.7438735781575,
                39.10499572243918
              ],
              [
                118.94275666815194,
                39.16151806130919
              ],
              [
                119.52644348273067,
                39.872421227837144
              ],
              [
                120.446784996948,
                40.19610217716612
              ],
              [
                121.17746734917947,
                40.92193600671485
              ],
              [
                122.29866027273297,
                40.505619069056735
              ],
              [
                121.22834775173794,
                39.528465255958054
              ],
              [
                121.75109860744385,
                39.351661709659616
              ],
              [
                121.60192870574,
                39.06471248834089
              ],
              [
                121.08866879454162,
                38.91221234027436
              ],
              [
                121.18733980429684,
                38.719085680702335
              ],
              [
                123.24220276961496,
                39.81429675349365
              ],
              [
                124.12802888678699,
                39.82777403209492
              ],
              [
                124.3735961921514,
                40.0936203177433
              ],
              [
                124.63587954655547,
                39.59801100349655
              ],
              [
                124.74529266743944,
                39.773220031092336
              ],
              [
                125.45043942207066,
                39.57235719659989
              ],
              [
                125.14054109424443,
                38.79811856436295
              ],
              [
                125.65258792267576,
                38.624511746914884
              ],
              [
                124.99330898865043,
                38.5863762181698
              ],
              [
                124.67005159151934,
                38.1195068471445
              ],
              [
                125.11747743747749,
                38.04249569342138
              ],
              [
                124.98290253815803,
                37.933292407106535
              ],
              [
                125.35276031003133,
                37.86166003772997
              ],
              [
                125.34275814578706,
                37.671379063481815
              ],
              [
                125.72442624356181,
                37.91082002084433
              ],
              [
                125.60526275991651,
                38.02610014615062
              ],
              [
                126.0663833358159,
                37.79471586547745
              ],
              [
                126.68849183076566,
                37.83390810916476
              ],
              [
                126.54928586010344,
                37.645061477409016
              ],
              [
                126.86184692140502,
                37.26554870175831
              ],
              [
                126.66095735354041,
                37.15901569101542
              ],
              [
                126.99220272707487,
                36.910820002318665
              ],
              [
                126.8330383525718,
                36.76089857922561
              ],
              [
                126.50081631486313,
                37.051246672518765
              ],
              [
                126.12581632658457,
                36.70721438358286
              ],
              [
                126.49720760831958,
                36.72387696587824
              ],
              [
                126.54441837016783,
                36.136405960329824
              ],
              [
                126.87201687863035,
                36.05624773611523
              ],
              [
                126.24873353411618,
                35.11346818577869
              ],
              [
                126.37556456707014,
                34.7913818298266
              ],
              [
                126.66026303260671,
                34.810131108634266
              ],
              [
                126.61428073641562,
                34.6195068569789
              ],
              [
                126.29213718000803,
                34.745758044584385
              ],
              [
                126.478317269903,
                34.3452682340048
              ],
              [
                127.27388002286143,
                34.727485635370456
              ],
              [
                127.13602446086398,
                34.51971819811478
              ],
              [
                127.38942718319234,
                34.47109982714627
              ],
              [
                127.41831968585319,
                34.81860349672799
              ],
              [
                127.63790133206997,
                34.61596677604711
              ],
              [
                127.76740264059589,
                34.96028140822353
              ],
              [
                128.4059600748865,
                34.83277128787754
              ],
              [
                128.57275391484407,
                35.1699905246487
              ],
              [
                129.2374878009243,
                35.18990322786453
              ],
              [
                129.58686825777497,
                36.00385667400752
              ],
              [
                129.39202879552965,
                36.02282332948092
              ],
              [
                129.42944334464312,
                37.05985638651021
              ],
              [
                128.3627319134208,
                38.67686465049419
              ],
              [
                127.3997116160029,
                39.19527051180903
              ],
              [
                127.5176315497978,
                39.73957443940688
              ],
              [
                129.7020415989411,
                40.83068851090466
              ],
              [
                129.76052854196735,
                41.73054501865429
              ],
              [
                130.42080691580517,
                42.31193545150006
              ],
              [
                130.72384641616742,
                42.3079108842037
              ],
              [
                130.7142029122205,
                42.68561557287144
              ],
              [
                131.2192688208318,
                42.65124131010929
              ],
              [
                131.8105163259048,
                43.32555388291015
              ],
              [
                132.05079647219537,
                43.313045502363806
              ],
              [
                131.94885256588142,
                43.06374358971439
              ],
              [
                132.28700254217912,
                43.287631997119604
              ],
              [
                132.3112182728722,
                42.84637834913679
              ],
              [
                133.18885800422797,
                42.69915774337327
              ],
              [
                135.13110350304095,
                43.50342937769248
              ],
              [
                138.06246950867887,
                46.1811027756649
              ],
              [
                139.28401181984367,
                47.81430056073593
              ],
              [
                140.17608645204785,
                48.450126635939434
              ],
              [
                140.62995907310258,
                50.09040831658523
              ],
              [
                140.4616241811867,
                50.701797476044526
              ],
              [
                141.4344176916784,
                52.21374508095798
              ],
              [
                141.13064578652828,
                52.40929409767866
              ],
              [
                141.20080565488402,
                52.84304806400809
              ],
              [
                140.71333314276885,
                53.115756985505875
              ],
              [
                141.17831422669474,
                52.98137661253965
              ],
              [
                141.4148254155573,
                53.29360962997569
              ],
              [
                139.63580320868672,
                54.25833130491061
              ],
              [
                138.74127194386512,
                54.24895476131407
              ],
              [
                138.4306030527226,
                53.50687025248891
              ],
              [
                138.55386353766144,
                53.98943330775466
              ],
              [
                137.89892578964174,
                53.57325742970546
              ],
              [
                137.3107910049172,
                53.53276824409769
              ],
              [
                137.85578917877453,
                53.961936914383585
              ],
              [
                137.3185577215952,
                54.12151714963947
              ],
              [
                137.74113467411595,
                54.307422662413224
              ],
              [
                137.19244385988745,
                54.21749115045058
              ],
              [
                137.17553709287995,
                53.83804700041162
              ],
              [
                136.76080324876824,
                53.76860049491666
              ],
              [
                136.72163393006764,
                54.61305238757942
              ],
              [
                135.73094175485255,
                54.57165912114306
              ],
              [
                135.21746827537388,
                54.930274987307115
              ],
              [
                137.7257995754986,
                56.174995430824076
              ],
              [
                138.65277096600948,
                56.98554993031843
              ],
              [
                140.5012207111221,
                57.82652282556453
              ],
              [
                140.90219112500662,
                58.375267031863125
              ],
              [
                143.2110901247459,
                59.376655542907734
              ],
              [
                145.90844727476372,
                59.41332245369165
              ],
              [
                145.9905090196194,
                59.14887996877811
              ],
              [
                146.5116577398518,
                59.46110536944332
              ],
              [
                148.8980408051741,
                59.2391586412076
              ],
              [
                148.74301144114452,
                59.491661091092794
              ],
              [
                149.64025875683734,
                59.76936721165307
              ],
              [
                150.71316531102175,
                59.44304272012428
              ],
              [
                151.38610843323076,
                59.5711059524466
              ],
              [
                152.28427125490842,
                59.22006227660731
              ],
              [
                151.07676695109205,
                59.10603331792224
              ],
              [
                151.31387329351898,
                58.86027529459004
              ],
              [
                152.87716674542838,
                58.91749576277916
              ],
              [
                153.36161801311934,
                59.24166104912427
              ],
              [
                154.02206417993824,
                59.04610441563275
              ],
              [
                155.0997008981605,
                59.187202481779806
              ],
              [
                154.96691892695657,
                59.49304577522632
              ],
              [
                154.1087188376083,
                59.46290972271509
              ],
              [
                154.23149110247135,
                59.878742248682855
              ],
              [
                157.15191651289342,
                61.692764264289046
              ],
              [
                159.20553585368694,
                61.92360685814214
              ],
              [
                159.52526855277637,
                61.66485215951359
              ],
              [
                160.35494995862857,
                61.9474868535246
              ],
              [
                159.87400815543762,
                61.2636070191594
              ],
              [
                159.9341430839108,
                60.97637941233402
              ],
              [
                160.3913574511587,
                61.02582547240009
              ],
              [
                160.1389312436561,
                60.589225746072565
              ],
              [
                162.4096985230357,
                61.67346575656469
              ],
              [
                162.83816525561707,
                61.71957014511184
              ],
              [
                163.00555417446478,
                61.51832580000954
              ],
              [
                163.28330995338393,
                61.66179656494638
              ],
              [
                162.95239254904078,
                61.801242837261064
              ],
              [
                163.25735476131968,
                62.54263690821217
              ],
              [
                164.366485632163,
                62.71179583018867
              ],
              [
                165.5669250823317,
                62.469711330626346
              ],
              [
                164.12051389120205,
                62.27707289113008
              ],
              [
                163.64331057835574,
                60.87540432940079
              ],
              [
                161.91247557348498,
                60.41971585524381
              ],
              [
                158.2333068803278,
                58.01943972524166
              ],
              [
                156.78692630562995,
                57.76361083737922
              ],
              [
                156.96328733247762,
                57.39554599362145
              ],
              [
                155.94206236059978,
                56.65353391879346
              ],
              [
                155.5988464102794,
                54.9299926440666
              ],
              [
                156.7091369718197,
                50.94638064981232
              ],
              [
                158.27767942427457,
                51.94130707754446
              ],
              [
                158.55511477609903,
                52.311103840576834
              ],
              [
                158.43942259842532,
                53.027214040736396
              ],
              [
                158.72496032756416,
                52.89068603709119
              ],
              [
                159.61468503661686,
                53.25943758501183
              ],
              [
                160.05038449050122,
                53.095130919429266
              ],
              [
                159.79824831768417,
                53.52124026143675
              ],
              [
                160.00582884535746,
                54.13916012982026
              ],
              [
                160.72828672791852,
                54.52929688197754
              ],
              [
                161.78053286588332,
                54.54534146039603
              ],
              [
                162.11300655572649,
                54.76353453941964
              ],
              [
                161.71134951235334,
                55.490272524471195
              ],
              [
                162.08607484883646,
                56.10096362928559
              ],
              [
                162.56712343616755,
                56.27332308849786
              ],
              [
                162.39385989612668,
                56.389644620530476
              ],
              [
                162.98522949355578,
                56.547493011185985
              ],
              [
                162.64526366415583,
                56.191932664914916
              ],
              [
                163.0337218891086,
                56.01790998671402
              ],
              [
                163.3499603572397,
                56.195960965922474
              ],
              [
                163.2108001618767,
                56.741798403382056
              ],
              [
                162.78164672513248,
                56.85443879487396
              ],
              [
                162.74238585583342,
                57.359439886258926
              ],
              [
                163.20941159468353,
                57.83957670131637
              ],
              [
                162.5637206811335,
                57.9497146848916
              ],
              [
                162.33926392821027,
                57.69137958072708
              ],
              [
                161.9385833996629,
                58.06763073562687
              ],
              [
                163.25775143079696,
                59.296104457601274
              ],
              [
                163.63996890683683,
                60.04589459958929
              ],
              [
                164.140304576736,
                59.932434061096444
              ],
              [
                164.46856686437468,
                60.11138150436266
              ],
              [
                164.82357790705484,
                59.781658140859456
              ],
              [
                166.3485717709493,
                60.486381567315455
              ],
              [
                166.13775635589724,
                59.81526945707615
              ],
              [
                167.05026245315057,
                60.32388306339008
              ],
              [
                168.47871397071592,
                60.59457398866155
              ],
              [
                169.5877380574191,
                60.44638060178345
              ],
              [
                170.24246216248426,
                59.91012573410412
              ],
              [
                170.6866455042928,
                60.418884283086605
              ],
              [
                172.02046200455558,
                60.84672546969447
              ],
              [
                173.54177853629474,
                61.744300829252815
              ],
              [
                174.59356692126713,
                61.829994205638776
              ],
              [
                177.2427521028268,
                62.56944271436074
              ],
              [
                176.9744110260326,
                62.86402132645974
              ],
              [
                177.33828731789836,
                62.576103207086085
              ],
              [
                179.0294189340193,
                62.32249453324824
              ],
              [
                179.59384151634245,
                62.7486038005815
              ],
              [
                179.33204653136258,
                63.191375724884374
              ],
              [
                178.26109315617816,
                63.574508632234874
              ],
              [
                178.7574768421266,
                63.639991728622824
              ],
              [
                178.2861023005,
                64.35386655589035
              ],
              [
                177.80276487353257,
                64.2547149428302
              ],
              [
                177.48760985371584,
                64.7587432531006
              ],
              [
                176.27359007451693,
                64.6497192595973
              ],
              [
                176.06497194850272,
                64.90138244588023
              ],
              [
                174.45018009015794,
                64.68636324539449
              ],
              [
                176.05996705799518,
                64.94802859592168
              ],
              [
                177.15304565897497,
                64.7833251861876
              ],
              [
                176.95719906547208,
                65.03804015865234
              ],
              [
                176.30720519911904,
                65.04665375570342
              ],
              [
                176.91607664244577,
                65.08248901965591
              ],
              [
                177.60578920576452,
                64.72040558123145
              ],
              [
                178.74928283953955,
                64.68338015949867
              ],
              [
                178.52221681988527,
                64.58804320449154
              ],
              [
                179.9999999966057,
                65.06890869062568
              ],
              [
                179.9999999966057,
                68.98010251864542
              ],
              [
                179.29692074721126,
                69.26228334272366
              ],
              [
                176.08439635696857,
                69.89290619268097
              ],
              [
                173.45858764249965,
                69.9524841261182
              ],
              [
                173.20164491391373,
                69.77943422903186
              ],
              [
                170.59497072257355,
                70.12052920737119
              ],
              [
                170.12245179846587,
                69.61359405358756
              ],
              [
                170.60913082227802,
                69.58027650576764
              ],
              [
                171.0224914820867,
                69.023040794774
              ],
              [
                169.68066408043384,
                68.77429199410092
              ],
              [
                169.36552429415877,
                69.08040620563169
              ],
              [
                168.2833252048797,
                69.24165346826163
              ],
              [
                167.7772063897116,
                69.77609255751294
              ],
              [
                166.8605041237954,
                69.49053952015822
              ],
              [
                162.32330320894522,
                69.6622009247256
              ],
              [
                161.4349670670857,
                69.37678528794282
              ],
              [
                161.57717897395625,
                68.91207123904157
              ],
              [
                160.83787533322862,
                68.52373503177064
              ],
              [
                161.41081234523352,
                68.97650912031779
              ],
              [
                160.9196929680464,
                69.63804627754767
              ],
              [
                159.72967527658602,
                69.8347168264369
              ],
              [
                160.1037139835805,
                70.28276060159773
              ],
              [
                159.24829102861855,
                70.81944275518615
              ],
              [
                156.77024841511866,
                71.09318539196518
              ],
              [
                152.22412109289354,
                70.87664791515937
              ],
              [
                151.46191404628343,
                71.34110262048107
              ],
              [
                150.0235900736007,
                71.20748900244571
              ],
              [
                150.63566586254862,
                71.50513455959396
              ],
              [
                148.82940675523503,
                71.67212673429015
              ],
              [
                149.33798220302054,
                71.90026858548794
              ],
              [
                150.02413937719163,
                71.84887696319274
              ],
              [
                149.5269317358568,
                72.16095734651515
              ],
              [
                147.22439572673488,
                72.32832334037613
              ],
              [
                145.31884768046342,
                71.65803526019741
              ],
              [
                144.96739195225672,
                71.96582030748765
              ],
              [
                145.80184937212027,
                71.92713928353707
              ],
              [
                145.62190248904156,
                72.2428589151606
              ],
              [
                146.34107970892458,
                72.1249771398941
              ],
              [
                145.96466061169528,
                71.84693909240865
              ],
              [
                146.91732785069087,
                72.29984281540845
              ],
              [
                144.43164061286905,
                72.16886900586171
              ],
              [
                144.90637205955625,
                72.43136600322033
              ],
              [
                146.63665768616187,
                72.37664794294787
              ],
              [
                140.66360473946227,
                72.89360049451743
              ],
              [
                140.99911498194555,
                72.56999205385985
              ],
              [
                139.5413512925811,
                72.49443055084504
              ],
              [
                139.0874633633105,
                72.23026279240118
              ],
              [
                140.19427492743412,
                72.20637510557366
              ],
              [
                139.64630128445182,
                71.95498657108618
              ],
              [
                139.93246463423839,
                71.48498536311108
              ],
              [
                138.06607052377734,
                71.57360843332279
              ],
              [
                137.8038635611043,
                71.11581422072643
              ],
              [
                135.96496584401433,
                71.63192750869374
              ],
              [
                133.92468264753896,
                71.3949890339221
              ],
              [
                132.7184448185597,
                71.94109343173209
              ],
              [
                131.02441405037058,
                70.73442077474714
              ],
              [
                128.84382627605115,
                71.60429378942493
              ],
              [
                129.52717592342674,
                71.71991726681266
              ],
              [
                129.07247927231143,
                72.00193784000642
              ],
              [
                128.71163938373735,
                71.77053832579158
              ],
              [
                127.65859983214375,
                72.3474884052624
              ],
              [
                126.72011569251362,
                72.38748167934934
              ],
              [
                127.2152633707083,
                71.39456936478386
              ],
              [
                126.40054324430866,
                72.34248351475485
              ],
              [
                121.86580657884673,
                72.96804808213452
              ],
              [
                119.81775666569334,
                72.93580629118391
              ],
              [
                118.38887024544806,
                73.23873139063515
              ],
              [
                118.63442993404163,
                73.57165529137414
              ],
              [
                115.45693970267756,
                73.7030486953849
              ],
              [
                113.51193237769415,
                73.51110838520776
              ],
              [
                113.15568540193445,
                72.81998440438332
              ],
              [
                114.09192655190171,
                72.59498596464003
              ],
              [
                113.61415101047777,
                72.62498476592776
              ],
              [
                113.08956906812794,
                72.83512878503286
              ],
              [
                113.14276885208034,
                73.85970304520046
              ],
              [
                112.02137759378817,
                73.71665956617271
              ],
              [
                111.29415893075746,
                73.85934445957736
              ],
              [
                111.51833341511438,
                74.04859926064087
              ],
              [
                109.91053771013131,
                73.97345735209008
              ],
              [
                109.71219632548261,
                73.66609189926386
              ],
              [
                110.89337161806992,
                73.7654113799793
              ],
              [
                110.10220336851299,
                73.50833132549565
              ],
              [
                107.79221345303695,
                73.1727599994972
              ],
              [
                106.34332277897738,
                73.18872833553311
              ],
              [
                105.21192935644095,
                72.76470949842333
              ],
              [
                107.13887784049075,
                73.61151123956336
              ],
              [
                108.18969725273398,
                73.67025760084337
              ],
              [
                109.84526063992705,
                74.17553707773499
              ],
              [
                109.61748506579742,
                74.31957245447863
              ],
              [
                111.78665164159608,
                74.66401672110771
              ],
              [
                113.71748348398488,
                75.40859982946412
              ],
              [
                112.34970096494196,
                75.84713742657573
              ],
              [
                113.55386352256518,
                75.53692628842563
              ],
              [
                113.26609803730514,
                76.25804137909276
              ],
              [
                112.5949936185109,
                76.03970335740058
              ],
              [
                112.74428561257082,
                76.32596587455646
              ],
              [
                111.10386660602728,
                76.75526425396924
              ],
              [
                106.39290616494117,
                76.51207733883967
              ],
              [
                107.27333072212836,
                77.01568605464605
              ],
              [
                104.12331388447441,
                77.08956910513056
              ],
              [
                106.12109378217538,
                77.40776060291319
              ],
              [
                104.27526853733545,
                77.73165892890789
              ],
              [
                100.91415401606315,
                76.97054287270878
              ],
              [
                100.87831113533983,
                76.55137636666714
              ],
              [
                102.24081418675398,
                76.37900540762439
              ],
              [
                98.83610537629626,
                76.5061035502772
              ],
              [
                99.87719727609068,
                76.09165951682839
              ],
              [
                99.1742095772947,
                75.56866455108458
              ],
              [
                100.18625641498888,
                75.1685333261281
              ],
              [
                99.09304810488219,
                75.56192781597666
              ],
              [
                99.76561740792641,
                76.03429410597069
              ],
              [
                98.79525760506539,
                76.26554867751697
              ],
              [
                96.44290164203841,
                75.86845400520062
              ],
              [
                96.51193236145477,
                76.00999451612421
              ],
              [
                95.57485202255948,
                75.88818360721946
              ],
              [
                95.71804806102664,
                76.14332579091905
              ],
              [
                93.18109129326565,
                76.09971619351772
              ],
              [
                92.9062347410889,
                75.89846042325918
              ],
              [
                94.13526919181047,
                75.93165587872305
              ],
              [
                89.17665101513649,
                75.46192932254341
              ],
              [
                87.98719786080868,
                75.09999082678752
              ],
              [
                86.98651121279437,
                75.14929963563009
              ],
              [
                87.7753982394858,
                75.02464296672726
              ],
              [
                86.91304014000305,
                74.61248777291478
              ],
              [
                86.06832882908651,
                74.81999205820549
              ],
              [
                85.78915401589083,
                74.63081357419878
              ],
              [
                87.13275149534671,
                74.36914060690076
              ],
              [
                85.94963833197532,
                74.28262327512843
              ],
              [
                87.66609951951281,
                73.89082337865675
              ],
              [
                85.86102295320867,
                73.48234559167379
              ],
              [
                86.78359984031803,
                72.99407959125561
              ],
              [
                85.7859573617147,
                73.47054288254319
              ],
              [
                86.78692627829528,
                73.90081785145595
              ],
              [
                85.22442624001467,
                73.69720461594932
              ],
              [
                80.51860047323721,
                73.57346345303132
              ],
              [
                80.72637179355254,
                72.52304078493961
              ],
              [
                82.1987304853014,
                72.28041079017179
              ],
              [
                83.62636566425122,
                71.62539672509529
              ],
              [
                83.15019987507162,
                71.23803710732436
              ],
              [
                83.74552914789652,
                70.45999143380524
              ],
              [
                82.95166015568428,
                70.32054135310513
              ],
              [
                83.15721133664923,
                70.07748414710245
              ],
              [
                82.64457704609858,
                70.17123412550355
              ],
              [
                83.10970307269301,
                70.89068607185625
              ],
              [
                82.66387936220835,
                70.94720460234085
              ],
              [
                82.15811159056675,
                70.57276153442403
              ],
              [
                82.3460998421189,
                70.19859311830265
              ],
              [
                82.0809631109459,
                70.56456753183696
              ],
              [
                82.25721742832765,
                71.25666048539055
              ],
              [
                83.26164249201238,
                71.72108457428045
              ],
              [
                81.65304568195545,
                71.70803831529945
              ],
              [
                79.47970578780644,
                72.36775207733048
              ],
              [
                77.44914248700901,
                72.2102660806835
              ],
              [
                78.02140810306697,
                71.86254122605062
              ],
              [
                76.89776608899264,
                72.05108639796453
              ],
              [
                76.06109622122378,
                71.87831115267366
              ],
              [
                76.26401521047096,
                71.57471465727545
              ],
              [
                77.98234556850656,
                71.3728942752101
              ],
              [
                79.03109740083882,
                70.93470764695076
              ],
              [
                75.30802915026895,
                71.34693908314581
              ],
              [
                75.67331693431461,
                72.3169326836129
              ],
              [
                75.0694427647246,
                72.8766479522107
              ],
              [
                74.97442623681216,
                72.1222076222786
              ],
              [
                73.52552794598175,
                71.81581875895236
              ],
              [
                73.01638034429281,
                71.41852567722314
              ],
              [
                74.32054139534928,
                70.65525818195962
              ],
              [
                73.51575473290792,
                69.74290464414568
              ],
              [
                73.79914856507897,
                69.13220211417503
              ],
              [
                75.57956695591352,
                69.25957490862329
              ],
              [
                77.64415743368046,
                68.90470888328592
              ],
              [
                78.17102052422159,
                68.26804354448015
              ],
              [
                77.5585937664214,
                68.14387509565309
              ],
              [
                77.46637722320781,
                67.75915528637077
              ],
              [
                79.04116819069483,
                67.57343294946823
              ],
              [
                77.78553769371959,
                67.56192020034895
              ],
              [
                77.12261966074159,
                67.76346585594463
              ],
              [
                77.32082364481833,
                68.5183868638559
              ],
              [
                76.22026059572684,
                68.98304752068707
              ],
              [
                74.4897079340966,
                68.71915433936444
              ],
              [
                74.73997501108975,
                67.69165038537109
              ],
              [
                72.32192992549112,
                66.28997801525638
              ],
              [
                70.37580868511,
                66.33166505008951
              ],
              [
                69.11456298519538,
                66.60720823175491
              ],
              [
                69.16249084361561,
                66.83055114395462
              ],
              [
                70.70540622254595,
                66.7601318573451
              ],
              [
                70.29268649160089,
                66.62081910254271
              ],
              [
                70.68664551858203,
                66.50888064875535
              ],
              [
                71.57249448606657,
                66.65248104814485
              ],
              [
                71.41026309184004,
                66.96693420493126
              ],
              [
                72.21276091464503,
                67.15137483345504
              ],
              [
                73.63887789194902,
                68.44150541925967
              ],
              [
                72.5538635097552,
                68.97665406298634
              ],
              [
                72.8394317806516,
                70.86831666134879
              ],
              [
                71.806228615217,
                71.46332550707899
              ],
              [
                72.82387542230887,
                72.71138000534404
              ],
              [
                71.58332822246804,
                72.90582272343784
              ],
              [
                69.32735442955992,
                72.94539640306077
              ],
              [
                68.46554563366809,
                71.81889339544666
              ],
              [
                66.61956021261793,
                71.04512020764723
              ],
              [
                66.6851196260627,
                70.76346591152162
              ],
              [
                67.33699797112976,
                70.75804904332088
              ],
              [
                66.79373171654704,
                69.5802688889968
              ],
              [
                68.09915162566978,
                69.54456325949698
              ],
              [
                68.45471189726662,
                68.98081968989163
              ],
              [
                69.21748355568353,
                68.95582577911145
              ],
              [
                68.43637086244094,
                68.22499086744058
              ],
              [
                67.05497739793599,
                68.8563690471725
              ],
              [
                65.10664370964955,
                69.25637817977292
              ],
              [
                64.79679102888934,
                69.14290617833737
              ],
              [
                64.65637401901476,
                68.99852349562303
              ],
              [
                64.64824015260047,
                68.98259878166071
              ],
              [
                64.64541509671568,
                68.89000803488815
              ],
              [
                64.87699889822738,
                68.88332367707942
              ],
              [
                64.89464709964695,
                68.87891179614309
              ],
              [
                65.47352284612722,
                68.71657193304598
              ],
              [
                65.54564372034675,
                68.46446300467967
              ],
              [
                65.3320541343286,
                68.32715603813583
              ],
              [
                65.38353475334493,
                68.0725075178542
              ],
              [
                65.50939131928341,
                68.00928753094398
              ],
              [
                65.94240101560314,
                67.97466532675729
              ],
              [
                65.96406554889013,
                67.97322082001662
              ],
              [
                65.98200648560137,
                67.96425103392613
              ],
              [
                66.0651931825193,
                67.92266082234414
              ],
              [
                66.05990528616098,
                67.89093820753024
              ],
              [
                66.07888920804092,
                67.6930211531447
              ],
              [
                66.09046935099039,
                67.66986085014254
              ],
              [
                65.94218031338825,
                67.63278764453304
              ],
              [
                65.78710184765838,
                67.59401703856932
              ],
              [
                66.01204963234007,
                67.53390751071238
              ],
              [
                65.62072943525665,
                67.35828839120421
              ],
              [
                65.6101379302076,
                67.31592559835029
              ],
              [
                65.33205413284149,
                67.16424559073997
              ],
              [
                65.33455802073132,
                67.15673241062072
              ],
              [
                65.35733030277818,
                67.08840177271969
              ],
              [
                65.27446956515739,
                67.03661225722718
              ],
              [
                64.95284270395514,
                66.96199799675344
              ],
              [
                64.28857331707198,
                66.66524860092639
              ],
              [
                63.208484665727426,
                66.22886655864262
              ],
              [
                62.551185581504214,
                65.74853515587252
              ],
              [
                61.28549495414854,
                65.43396546770097
              ],
              [
                61.261875150338376,
                65.3945999358251
              ],
              [
                61.32507255217361,
                65.32086987221085
              ],
              [
                61.413558927829335,
                65.21763610125457
              ],
              [
                61.057682678586396,
                65.12273767680736
              ],
              [
                61.03435136842138,
                65.11651611923037
              ],
              [
                60.81994538324721,
                64.98555136107136
              ],
              [
                59.9606160769248,
                64.95061986619386
              ],
              [
                59.84616473202389,
                64.88899229695528
              ],
              [
                59.90304862029217,
                64.83210838690842
              ],
              [
                59.694480884182504,
                64.40866086315101
              ],
              [
                59.74248974600609,
                64.18878667636126
              ],
              [
                59.770320901683114,
                64.10529329154016
              ],
              [
                59.87338037810503,
                64.12247201473971
              ],
              [
                59.653070654047866,
                63.894986239255125
              ],
              [
                59.6186371089516,
                63.877769462940435
              ],
              [
                59.59530515303421,
                63.71444067144936
              ],
              [
                59.374932178514776,
                63.12676217693586
              ],
              [
                59.31526949441355,
                62.96766662038241
              ],
              [
                59.453437139962055,
                62.93312601158111
              ],
              [
                59.51751708165406,
                62.91710663027656
              ],
              [
                59.41639329052167,
                62.71485900500553
              ],
              [
                59.59594057958391,
                62.37744584877067
              ],
              [
                59.41639324994203,
                61.88059997416809
              ],
              [
                59.27773822432317,
                61.83159498686103
              ],
              [
                59.26470949549132,
                61.77947999172258
              ],
              [
                59.29607943930804,
                61.77163660233625
              ],
              [
                59.38561132251083,
                61.50578001552392
              ],
              [
                59.36583327447825,
                61.147464769467625
              ],
              [
                59.36583328660625,
                60.995780962907254
              ],
              [
                59.45459394461909,
                60.94030491257595
              ],
              [
                59.49050041410184,
                60.74948603596382
              ],
              [
                58.96347406499327,
                59.89524921060752
              ],
              [
                58.542610117427735,
                59.52252625800144
              ],
              [
                58.824027376768996,
                59.29065602263273
              ],
              [
                59.181223248759835,
                59.03240297889303
              ],
              [
                59.465091713734836,
                58.59505369302249
              ],
              [
                59.50121248776109,
                58.507088522097426
              ],
              [
                58.65797427890311,
                57.987388578889274
              ],
              [
                58.9445720422727,
                57.79365499695751
              ],
              [
                58.65797423888153,
                57.50705719356633
              ],
              [
                58.50629046704575,
                57.633460983045936
              ],
              [
                58.3042327692129,
                57.59304824979288
              ],
              [
                58.006025702117306,
                57.33971731893339
              ],
              [
                58.000678998803345,
                57.330093381207995
              ],
              [
                58.152362833535605,
                57.102565751441034
              ],
              [
                57.39394377133034,
                56.79920195158274
              ],
              [
                57.42093882859588,
                56.44983396006626
              ],
              [
                57.469027297929266,
                56.29586845429472
              ],
              [
                57.545627607000284,
                56.06606292857615
              ],
              [
                59.3405532692722,
                56.09134290097693
              ],
              [
                59.324071045097966,
                56.06387307703047
              ],
              [
                59.29227806284159,
                55.8546626693853
              ],
              [
                59.354403302761376,
                55.66388455471387
              ],
              [
                59.49501912196284,
                55.59061407442395
              ],
              [
                59.64391707879481,
                55.56045149948389
              ],
              [
                59.51891156542393,
                55.49314095205139
              ],
              [
                59.20345022856398,
                55.29403198550888
              ],
              [
                59.01641672063003,
                55.218081943608084
              ],
              [
                58.9360618348769,
                55.28236387744236
              ],
              [
                58.92827154055085,
                55.273015568630754
              ],
              [
                58.85530783520287,
                55.07361827940878
              ],
              [
                58.91078183285768,
                55.00427626367238
              ],
              [
                58.8188107379003,
                54.97083314172111
              ],
              [
                58.632694224696564,
                54.9031562997027
              ],
              [
                58.45819870768002,
                55.0340287641907
              ],
              [
                58.43045042728021,
                55.05484010595647
              ],
              [
                58.42899244840205,
                55.055022349817115
              ],
              [
                58.228206630897056,
                55.08012006773195
              ],
              [
                58.10180282340646,
                54.852592437637036
              ],
              [
                58.01977668023135,
                55.049200325854095
              ],
              [
                57.89232833480858,
                55.25192608829692
              ],
              [
                57.22432707911615,
                55.12739559980191
              ],
              [
                57.226560943838024,
                55.083726023754025
              ],
              [
                57.24226382522388,
                54.77675247444135
              ],
              [
                58.202092925122166,
                54.447827221607206
              ],
              [
                58.58213424422211,
                54.39754489403322
              ],
              [
                58.82148149337094,
                54.48302548272018
              ],
              [
                59.82200884340318,
                54.8919320924468
              ],
              [
                60.04506890499815,
                54.82365699997385
              ],
              [
                59.709049231356694,
                54.51764679517048
              ],
              [
                59.75025779595539,
                54.44356217238112
              ],
              [
                59.758718650849325,
                54.22566930089423
              ],
              [
                59.34275662644772,
                54.181452974927424
              ],
              [
                59.32795716315172,
                54.182285313771445
              ],
              [
                59.29352962729445,
                54.109746789201864
              ],
              [
                59.09885229758121,
                53.92666759631996
              ],
              [
                58.96210860122898,
                53.907897944894756
              ],
              [
                58.921635813584636,
                53.66505786119248
              ],
              [
                58.88871122069804,
                53.04956825795868
              ],
              [
                58.7334518561435,
                52.596939077926166
              ],
              [
                59.16027828721574,
                52.23109056686037
              ],
              [
                59.199209107291125,
                52.37708338301003
              ],
              [
                60.07489777235152,
                52.3835258620432
              ],
              [
                60.006534579614986,
                52.01041030898207
              ],
              [
                60.02555084477133,
                52.00083161875043
              ],
              [
                60.02135705224619,
                51.99535253645341
              ],
              [
                60.022472459846,
                51.92697153709601
              ],
              [
                60.087493905049385,
                51.86693572439335
              ],
              [
                60.08847385022611,
                51.866762165249035
              ],
              [
                60.12759151053725,
                51.863732761220625
              ],
              [
                60.46777978337292,
                51.74822724467442
              ],
              [
                60.39317708466202,
                51.70559567466734
              ],
              [
                60.37707140873524,
                51.69044113059618
              ],
              [
                60.707937335093476,
                51.62465317447864
              ],
              [
                60.88315825991546,
                51.62152339980954
              ],
              [
                60.934359272457094,
                51.61819926374475
              ],
              [
                60.94230267520326,
                51.6166648878734
              ],
              [
                60.934208705881304,
                51.57910538392371
              ],
              [
                61.01564220588734,
                51.48384027528435
              ],
              [
                61.08486929173733,
                51.46960303908648
              ],
              [
                61.144627813157626,
                51.460453673002974
              ],
              [
                61.1930454331257,
                51.46738915586018
              ],
              [
                61.490829478374685,
                51.42499541539285
              ],
              [
                61.499101024614255,
                51.41371356604144
              ],
              [
                61.66148629528634,
                51.2710458852493
              ],
              [
                61.67715642404196,
                51.267357658405324
              ],
              [
                61.68582147829886,
                51.26583099503402
              ],
              [
                61.6076234262943,
                51.24853644091393
              ],
              [
                61.55096818692459,
                51.217906956175156
              ],
              [
                61.465467225480175,
                50.88846167786947
              ],
              [
                61.46166228623672,
                50.87304688677622
              ],
              [
                61.415441251241774,
                50.79670146202496
              ],
              [
                61.38688796368922,
                50.785190630876755
              ],
              [
                61.26219810555537,
                50.75975377457219
              ],
              [
                60.740726831833804,
                50.66053561262188
              ],
              [
                60.54068291867818,
                50.672963818524146
              ],
              [
                60.17306511990072,
                50.78166060142901
              ],
              [
                60.14746516379412,
                50.84760038181883
              ],
              [
                60.074651022678445,
                50.863549744234916
              ],
              [
                59.987907410619016,
                50.84304808878347
              ],
              [
                59.9363784840078,
                50.74964905463232
              ],
              [
                59.93960697198231,
                50.71313090353768
              ],
              [
                59.93971252537236,
                50.71193696548474
              ],
              [
                59.814403511072264,
                50.546276093536555
              ],
              [
                59.62554932209769,
                50.522766104436414
              ],
              [
                59.58172072084174,
                50.55727429368875
              ],
              [
                59.57756427046682,
                50.56054685155972
              ],
              [
                59.584087356471834,
                50.58644865315894
              ],
              [
                59.51248165926501,
                50.61946109110465
              ],
              [
                59.248640536528306,
                50.6651890698336
              ],
              [
                59.2400264428376,
                50.666224351495636
              ],
              [
                59.143152992585236,
                50.66931095342533
              ],
              [
                58.944516329477054,
                50.68314717117695
              ],
              [
                58.58662132278568,
                50.887245848707806
              ],
              [
                58.62582395912022,
                51.00284197027148
              ],
              [
                58.62416855038659,
                51.007318224243036
              ],
              [
                58.60987512762049,
                51.037319573094436
              ],
              [
                58.36610056538801,
                51.14493622286593
              ],
              [
                58.21914966535496,
                51.11423859588146
              ],
              [
                58.17698972041398,
                51.05740060737871
              ],
              [
                57.899666239581904,
                51.093345020115365
              ],
              [
                57.792682653237605,
                51.116317731743855
              ],
              [
                57.760278485259505,
                50.970141321739916
              ],
              [
                57.75582587697788,
                50.940165160661614
              ],
              [
                57.44418436669333,
                50.86947915765742
              ],
              [
                57.40539524946435,
                50.8811073557612
              ],
              [
                57.36498192160879,
                50.898974395726825
              ],
              [
                57.35394882532036,
                50.90594423542052
              ],
              [
                57.30016652625965,
                50.97343723814865
              ],
              [
                57.23041465348336,
                51.04724648122989
              ],
              [
                57.179562882253656,
                51.072310429336476
              ],
              [
                56.97188706150227,
                51.07392134007816
              ],
              [
                56.24001250007741,
                50.87488543014629
              ],
              [
                55.557444534691385,
                50.58277274490235
              ],
              [
                55.18570134102798,
                50.75586690023369
              ],
              [
                55.08679122767491,
                50.81841642915266
              ],
              [
                54.71374128702822,
                51.02985000378827
              ],
              [
                54.54860685909437,
                50.92221833332927
              ],
              [
                54.56283116001044,
                50.92025461503123
              ],
              [
                54.62479857274034,
                50.90703099651548
              ],
              [
                54.64818102368898,
                50.89273890205616
              ],
              [
                54.693801735383516,
                50.59909600091838
              ],
              [
                54.51148754373207,
                50.53112546433922
              ],
              [
                54.47931117832215,
                50.543324047489556
              ],
              [
                54.41605417604109,
                50.59155057029705
              ],
              [
                54.39839555103,
                50.62589262693039
              ],
              [
                54.43634120232976,
                50.75296720498675
              ],
              [
                54.44123839563643,
                50.769367198100745
              ],
              [
                54.49513624354185,
                50.82164648468056
              ],
              [
                54.50408934666219,
                50.830272662554506
              ],
              [
                54.50257702077798,
                50.84829494156836
              ],
              [
                54.47034810736856,
                50.870211584236756
              ],
              [
                54.3931157738533,
                50.891838070673955
              ],
              [
                54.184706477831654,
                50.98437830229878
              ],
              [
                54.16846084591536,
                50.998741169003615
              ],
              [
                54.14005213028494,
                51.093007487637166
              ],
              [
                54.135131857359454,
                51.10401913833203
              ],
              [
                53.93144079644166,
                51.19803004934145
              ],
              [
                53.914989491935856,
                51.199714670750986
              ],
              [
                53.88784099164968,
                51.19337781842195
              ],
              [
                53.884918221254004,
                51.19269560157042
              ],
              [
                53.61193849675899,
                51.301242817089175
              ],
              [
                53.61240347855322,
                51.341714064347656
              ],
              [
                53.6190221799502,
                51.358199239423065
              ],
              [
                53.638114899409885,
                51.38301467658899
              ],
              [
                53.10521370107007,
                51.49707919810158
              ],
              [
                53.011885238193855,
                51.47945697247263
              ],
              [
                52.942332687212165,
                51.468301731721745
              ],
              [
                52.8849944926211,
                51.464996346121985
              ],
              [
                52.87879642815268,
                51.4677988628376
              ],
              [
                52.64247003210739,
                51.45655203402957
              ],
              [
                52.525181621021794,
                51.48881127506708
              ],
              [
                52.48379397176379,
                51.54632509382174
              ],
              [
                52.32440176219097,
                51.77960736862831
              ],
              [
                52.19803630399654,
                51.73172491984279
              ],
              [
                52.147692630972664,
                51.694032231029574
              ],
              [
                52.12893530190626,
                51.67612710239821
              ],
              [
                52.10134655397037,
                51.66385275397649
              ],
              [
                52.049449596239114,
                51.66280304970129
              ],
              [
                52.01234838124807,
                51.66515961003178
              ],
              [
                51.94207364261369,
                51.68475824387139
              ],
              [
                51.901878152071085,
                51.6835513232633
              ],
              [
                51.871379858121216,
                51.671798689985714
              ],
              [
                51.79132688723122,
                51.5561345558294
              ],
              [
                51.798459453420385,
                51.52933221141858
              ],
              [
                51.801971425192605,
                51.50308228372883
              ],
              [
                51.661142625909015,
                51.46756360398144
              ],
              [
                51.4288036280842,
                51.46984279014977
              ],
              [
                51.29593475020411,
                51.486236862768706
              ],
              [
                51.257564545810716,
                51.54096602075211
              ],
              [
                51.38922878469483,
                51.570754984927476
              ],
              [
                51.40228272526772,
                51.61540603002654
              ],
              [
                51.28485987301943,
                51.680078964218616
              ],
              [
                51.275268549476,
                51.68387604500977
              ],
              [
                51.185344550191715,
                51.67719360485771
              ],
              [
                50.89054102876686,
                51.73263371583393
              ],
              [
                50.89013292989552,
                51.73318478904492
              ],
              [
                50.8751799614276,
                51.743339299691286
              ],
              [
                50.8584275792242,
                51.75335953146528
              ],
              [
                50.77330018600577,
                51.76918030241149
              ],
              [
                50.77407288342986,
                51.747520216145396
              ],
              [
                50.58354074328598,
                51.615170674083856
              ],
              [
                50.555269890419474,
                51.56146065529043
              ],
              [
                50.55199465098123,
                51.51126447465285
              ],
              [
                50.550270081073656,
                51.47165299037773
              ],
              [
                50.41025828251342,
                51.36049671797924
              ],
              [
                50.326822140348966,
                51.307560912103995
              ],
              [
                50.047741789634294,
                51.24585548837754
              ],
              [
                49.99736695847245,
                51.23460294627411
              ],
              [
                49.95350870432617,
                51.21840472207763
              ],
              [
                49.882443868804785,
                51.17103632668393
              ],
              [
                49.84253645879166,
                51.14079931918605
              ],
              [
                49.65677318637498,
                51.10933917667711
              ],
              [
                49.57321213866011,
                51.10873495107919
              ],
              [
                49.44711659292579,
                51.1029739344936
              ],
              [
                49.383209477393365,
                51.00747574095004
              ],
              [
                49.38472701157461,
                50.95374452970493
              ],
              [
                49.42925594870012,
                50.85524151066914
              ],
              [
                49.02342121748501,
                50.676703770796586
              ],
              [
                48.8338761972716,
                50.59989504342539
              ],
              [
                48.697486911130405,
                50.59193420508394
              ],
              [
                48.69580367963665,
                50.47727303700297
              ],
              [
                48.71044267126132,
                50.40517879714923
              ],
              [
                48.72629210780955,
                50.34109025627701
              ],
              [
                48.87251829616581,
                50.10686901927299
              ],
              [
                48.88110351708005,
                50.09922792720127
              ],
              [
                48.888720507263756,
                50.08416684563706
              ],
              [
                48.83388137332458,
                49.95915984384144
              ],
              [
                48.83031303201266,
                49.95753527186285
              ],
              [
                48.455967366051205,
                49.82064570214822
              ],
              [
                48.24874497922821,
                49.87137984329085
              ],
              [
                48.21018627721152,
                49.915277459071426
              ],
              [
                48.13332144054788,
                50.051324542888196
              ],
              [
                48.11054992271118,
                50.09860228953617
              ],
              [
                48.0844094134085,
                50.12326429051049
              ],
              [
                47.94666277413575,
                50.245049411541785
              ],
              [
                47.87389728350162,
                50.29657702359517
              ],
              [
                47.72877126227634,
                50.394980547024765
              ],
              [
                47.579976230937774,
                50.45711104386424
              ],
              [
                47.57274744781188,
                50.45537589740784
              ],
              [
                47.47031122161894,
                50.4024898716548
              ],
              [
                47.4460015250784,
                50.37785028603387
              ],
              [
                47.44639585702799,
                50.376953112094974
              ],
              [
                47.294751820843125,
                50.16815248651404
              ],
              [
                47.31669605887953,
                50.14950492703259
              ],
              [
                47.35544348506295,
                50.099239697114655
              ],
              [
                47.32518235041865,
                50.05521965372128
              ],
              [
                47.087078412193684,
                49.92106896389899
              ],
              [
                47.02969008244551,
                49.90635088181808
              ],
              [
                46.931591433189155,
                49.865980972953956
              ],
              [
                46.931381255018266,
                49.86582947053689
              ],
              [
                46.90195883178452,
                49.75289933321992
              ],
              [
                46.83816868891463,
                49.50608556819512
              ],
              [
                46.82326726199122,
                49.33477262677523
              ],
              [
                46.884452434365365,
                49.31525510770839
              ],
              [
                46.940582678647424,
                49.28533701943472
              ],
              [
                46.95841482253754,
                49.27516788227566
              ],
              [
                47.03798151694447,
                49.2262500839453
              ],
              [
                47.044464571354986,
                49.218326451616285
              ],
              [
                47.05556440338079,
                49.12600212712754
              ],
              [
                46.979180979914915,
                49.03455655123189
              ],
              [
                46.936959428136305,
                49.00246304196493
              ],
              [
                46.87531800434647,
                48.976082135102565
              ],
              [
                46.77887725806246,
                48.936653117375265
              ],
              [
                46.69077529161967,
                48.77393858484141
              ],
              [
                46.60146519996737,
                48.60855158846912
              ],
              [
                46.509345389085745,
                48.43666901372729
              ],
              [
                46.4991607993096,
                48.417495718659865
              ],
              [
                46.52928421908904,
                48.41066770777202
              ],
              [
                46.70244762215144,
                48.37110557452428
              ],
              [
                46.94220297437268,
                48.31495650225177
              ],
              [
                47.121238683835266,
                48.27207564518754
              ],
              [
                47.12644007487163,
                48.26293178110501
              ],
              [
                47.3962020822386,
                47.69686511562055
              ],
              [
                47.41304777111663,
                47.7710990699385
              ],
              [
                47.41214498456571,
                47.78809672969077
              ],
              [
                47.41830171337484,
                47.83344168918484
              ],
              [
                47.43442329011096,
                47.84030066875147
              ],
              [
                47.476858356162275,
                47.834729492797614
              ],
              [
                47.489719632559364,
                47.83129159154488
              ],
              [
                47.65281904547976,
                47.7730198887214
              ],
              [
                47.71611026089891,
                47.76965216582415
              ],
              [
                47.7802786416712,
                47.77712630687428
              ],
              [
                47.8463251598817,
                47.780204776062064
              ],
              [
                47.967198076950744,
                47.78254805540842
              ],
              [
                48.060160393174534,
                47.78019433699119
              ],
              [
                48.06471253278088,
                47.779708848314456
              ],
              [
                48.07189859006814,
                47.77763768135798
              ],
              [
                48.11680728581459,
                47.762107089964694
              ],
              [
                48.17370393566877,
                47.727372636741144
              ],
              [
                48.22090497346977,
                47.69213911891243
              ],
              [
                48.25679046932037,
                47.65198052856462
              ],
              [
                48.271996772041,
                47.63105887467898
              ],
              [
                48.508487469246944,
                47.40247701499596
              ],
              [
                48.64677527410567,
                47.23132363399639
              ],
              [
                48.901858348442026,
                46.9081268224305
              ],
              [
                48.956080018202066,
                46.716485449389985
              ],
              [
                48.94137576141643,
                46.704162633292604
              ],
              [
                48.80947985242412,
                46.703561569851516
              ],
              [
                48.757209779667924,
                46.70332338171042
              ],
              [
                48.752209655814696,
                46.710243600358794
              ],
              [
                48.72064474421024,
                46.751057879697576
              ],
              [
                48.69445944207317,
                46.76637573156401
              ],
              [
                48.60146790033133,
                46.77194818838791
              ],
              [
                48.547186825929224,
                46.755029382817405
              ],
              [
                48.54457472239037,
                46.75415419212876
              ],
              [
                48.50044967337334,
                46.69739443409088
              ],
              [
                48.4974552380767,
                46.68251175247663
              ],
              [
                48.57617185746674,
                46.56103133676339
              ],
              [
                48.65077089870566,
                46.56193195578264
              ],
              [
                48.72345352253322,
                46.561794284206826
              ],
              [
                48.727753836394406,
                46.56065911384939
              ],
              [
                49.03146956202708,
                46.43483764839738
              ],
              [
                49.204962858410326,
                46.35495379146782
              ],
              [
                49.2225265289656,
                46.34630585192629
              ],
              [
                49.227162380435416,
                46.33881837681068
              ],
              [
                49.257217400546566,
                46.29027559069827
              ],
              [
                48.83718247018135,
                46.10892608736766
              ],
              [
                48.7103670436248,
                46.06520464563094
              ],
              [
                48.712252381040706,
                46.03948857631919
              ],
              [
                48.73208770137419,
                45.99486549956525
              ],
              [
                48.756796239317026,
                45.87889916944706
              ],
              [
                48.741527389024384,
                45.844527841707624
              ],
              [
                48.7133254973932,
                45.83026886669753
              ],
              [
                48.6012609496248,
                45.94464631092165
              ],
              [
                48.585084619288565,
                45.95560221118079
              ],
              [
                48.48347904639972,
                45.941561355197855
              ],
              [
                48.4526252804582,
                45.93360519716197
              ],
              [
                48.43744591352329,
                45.92238477906308
              ],
              [
                48.3503199458639,
                45.84799577133055
              ],
              [
                48.22606867114486,
                45.74573924173856
              ],
              [
                48.22387695011066,
                45.744155884593546
              ],
              [
                48.2076777949645,
                45.74068491976424
              ],
              [
                47.90789766121938,
                45.72166343039406
              ],
              [
                47.8543014451182,
                45.71678923000404
              ],
              [
                47.60792505545083,
                45.760080467715525
              ],
              [
                47.499504253164844,
                45.760072373656556
              ],
              [
                47.39390049454249,
                45.73395718527829
              ],
              [
                47.55857569030133,
                45.54991542647055
              ],
              [
                47.54367063855416,
                45.52846147248259
              ],
              [
                47.48619081504474,
                45.5714568892572
              ],
              [
                47.50821800855584,
                45.542824890001164
              ],
              [
                47.51039886525954,
                45.47580323267667
              ],
              [
                47.13526154050693,
                44.94026185046205
              ],
              [
                47.08985274359565,
                44.81448441184624
              ],
              [
                46.96570689528393,
                44.77081712743259
              ],
              [
                46.948867788260046,
                44.76888274716193
              ],
              [
                46.9439276360115,
                44.767272381298284
              ],
              [
                46.81671333636086,
                44.71354132414923
              ],
              [
                46.69823136136706,
                44.56043368104213
              ],
              [
                46.6933807099154,
                44.46627802611919
              ],
              [
                46.73480438524221,
                44.4100492611286
              ],
              [
                46.779987608468076,
                44.39029961057127
              ],
              [
                46.915675147131395,
                44.380148052709735
              ],
              [
                47.02528424721352,
                44.353998421024556
              ],
              [
                47.53899206735996,
                43.76504086411629
              ],
              [
                47.5819379394294,
                43.716074518629796
              ],
              [
                47.55533865510061,
                43.65724070353916
              ],
              [
                47.554467011460616,
                43.65500023425292
              ],
              [
                47.53037071858297,
                43.59068960222775
              ],
              [
                47.464955023862366,
                43.210741349082824
              ],
              [
                47.613457548382556,
                42.90522440686606
              ],
              [
                47.72792466420679,
                42.657294983843634
              ],
              [
                48.110352732326305,
                42.33313605171842
              ],
              [
                48.278803675881946,
                42.126463035002544
              ],
              [
                48.30608101595774,
                42.092591945051566
              ],
              [
                48.32147458035138,
                42.0463591844393
              ],
              [
                48.540454062484564,
                41.85402206478127
              ],
              [
                48.720962470246704,
                41.74154387633516
              ],
              [
                48.856516034908445,
                41.60253441298917
              ],
              [
                49.037860726748455,
                41.41529153343264
              ],
              [
                49.14059933480626,
                41.236704823706134
              ],
              [
                49.15956759318723,
                41.14066103739021
              ],
              [
                49.20700131776367,
                41.03837094538938
              ],
              [
                49.51593605398522,
                40.679878180654235
              ],
              [
                49.82407802789583,
                40.562911900842224
              ],
              [
                49.84803450258938,
                40.56489605978158
              ],
              [
                49.88942752200414,
                40.57372107092256
              ],
              [
                49.96917643764954,
                40.58897926166366
              ],
              [
                49.973037722090126,
                40.58943176482546
              ],
              [
                50.10445438602612,
                40.54572911856502
              ],
              [
                50.294503820255926,
                40.438165701334015
              ],
              [
                50.34697919110298,
                40.38720204224937
              ],
              [
                50.35512615122494,
                40.374871553874385
              ],
              [
                50.36350157507706,
                40.351937559713114
              ],
              [
                50.37499236283355,
                40.262214664164155
              ],
              [
                50.35892864712035,
                40.269509632492564
              ],
              [
                50.29165327829186,
                40.315144771325805
              ],
              [
                50.24119801195237,
                40.33391589026677
              ],
              [
                50.04247999273841,
                40.35320665299164
              ],
              [
                49.92131856854002,
                40.339587016379845
              ],
              [
                49.465312754036,
                40.11131178576723
              ],
              [
                49.42644883257534,
                40.05144499705243
              ],
              [
                49.453757796741186,
                40.016903038719576
              ],
              [
                49.410978624215474,
                39.793012993955124
              ],
              [
                49.31916047332093,
                39.62450028642305
              ],
              [
                49.28128699508966,
                39.44135569289647
              ],
              [
                49.22969781182451,
                39.2242817007731
              ],
              [
                49.19371032851189,
                39.09610366773704
              ],
              [
                49.10554128000047,
                39.01609809595663
              ],
              [
                49.11262080921207,
                39.02646641445187
              ],
              [
                49.133180407304636,
                39.047169246785096
              ],
              [
                49.12960958839698,
                39.07192710119401
              ],
              [
                49.125593156228994,
                39.08855746575726
              ],
              [
                49.12421035334049,
                39.10144806291102
              ],
              [
                49.00283432176228,
                39.188663480926266
              ],
              [
                48.89665471618232,
                38.92877389257861
              ],
              [
                48.88272440954029,
                38.851375943818624
              ],
              [
                48.875761501225675,
                38.51635890972258
              ],
              [
                48.88815018957459,
                38.44268718998313
              ],
              [
                48.88828276824517,
                38.44240571432789
              ],
              [
                48.888282756615375,
                38.442405716320486
              ],
              [
                48.87054484804993,
                38.44544485308783
              ],
              [
                48.80490316722924,
                38.447358090140355
              ],
              [
                48.78373716924564,
                38.44553754982386
              ],
              [
                48.697769889302585,
                38.40454501831644
              ],
              [
                48.64618934249747,
                38.392271233278464
              ],
              [
                48.59385130552849,
                38.425454025490914
              ],
              [
                48.432765952071996,
                38.624568945586475
              ],
              [
                48.42309994498407,
                38.62342463462654
              ],
              [
                48.38714346720199,
                38.61590319302944
              ],
              [
                48.12823385854837,
                38.75559476379738
              ],
              [
                48.01260606138251,
                38.88074282109188
              ],
              [
                48.01206969768037,
                38.89707185385929
              ],
              [
                48.01231237324327,
                38.897284851222025
              ],
              [
                48.1903223240526,
                38.969432386758
              ],
              [
                48.2613339594594,
                38.97721608267672
              ],
              [
                48.26771623538106,
                38.97923897982716
              ],
              [
                48.29944289192487,
                38.99707884303026
              ],
              [
                48.30922487205607,
                39.00457267183677
              ],
              [
                48.313142173691254,
                39.07865250004404
              ],
              [
                48.27235028321703,
                39.1265144399207
              ],
              [
                48.166214368413065,
                39.18659839820635
              ],
              [
                48.13035120686338,
                39.22142353944579
              ],
              [
                48.123874693965725,
                39.278182996444656
              ],
              [
                48.1310757929587,
                39.28640094096841
              ],
              [
                48.18968165536673,
                39.330867382545826
              ],
              [
                48.21817479511933,
                39.33874201718539
              ],
              [
                48.26972276394927,
                39.34810207987059
              ],
              [
                48.32734981859598,
                39.37458868464364
              ],
              [
                48.34896132097485,
                39.407169167986844
              ],
              [
                48.32243903476877,
                39.44035080680443
              ],
              [
                48.02393989221727,
                39.69274710087797
              ],
              [
                47.77700381023761,
                39.643574951440826
              ],
              [
                47.651553639680294,
                39.572093655179714
              ],
              [
                47.40903830486843,
                39.477503958464496
              ],
              [
                47.16457366098416,
                39.33527374976202
              ],
              [
                47.14368612019228,
                39.31848042361764
              ],
              [
                46.9222662972683,
                39.174936579307726
              ],
              [
                46.908737190554945,
                39.16790771059591
              ],
              [
                46.8763673023976,
                39.16751588506547
              ],
              [
                46.54037477014236,
                38.87558747150543
              ],
              [
                46.34577772476815,
                38.90864567241251
              ],
              [
                46.18419823151206,
                38.84394262808474
              ],
              [
                45.81728839556663,
                38.9084727830898
              ],
              [
                45.52473922459503,
                38.96900806523956
              ],
              [
                45.51083833091693,
                38.97324846066633
              ],
              [
                45.42225782851316,
                39.0475844177298
              ],
              [
                45.421096790572335,
                39.06082151879598
              ],
              [
                45.37528383253883,
                39.12381377009749
              ],
              [
                45.245763771177195,
                39.19156692774746
              ],
              [
                45.2009351680839,
                39.20159825370069
              ],
              [
                45.143250994138924,
                39.22174644956063
              ],
              [
                45.039483175291615,
                39.389950776378456
              ],
              [
                44.9780776476118,
                39.42006845108893
              ],
              [
                44.96438895948921,
                39.42659320807047
              ],
              [
                44.93490506199286,
                39.464858338868716
              ],
              [
                44.91703825558753,
                39.508845046491196
              ],
              [
                44.90648498180118,
                39.541970181506194
              ],
              [
                44.82211842661274,
                39.62942731123613
              ],
              [
                44.48789388276923,
                39.708691616758244
              ],
              [
                44.47108460610207,
                39.69886780739627
              ],
              [
                44.47318506110191,
                39.680900871196805
              ],
              [
                44.44934289648746,
                39.52869029525979
              ],
              [
                44.42582320840891,
                39.436443321570316
              ],
              [
                44.42126893286572,
                39.43277235846452
              ],
              [
                44.350835036105686,
                39.39918767255291
              ],
              [
                44.22552888713599,
                39.40998116006724
              ],
              [
                44.187992403796,
                39.41638676105473
              ],
              [
                44.03577056995942,
                39.38204079237444
              ],
              [
                44.07342094352515,
                39.33759415597648
              ],
              [
                44.074714654444115,
                39.33609771234921
              ],
              [
                44.21644974577045,
                39.13651654060356
              ],
              [
                44.16933769353567,
                38.98161958021669
              ],
              [
                44.31818672823046,
                38.519702346084536
              ],
              [
                44.321525556233325,
                38.509368911012466
              ],
              [
                44.38965435544757,
                38.44161912829543
              ],
              [
                44.44906669160554,
                38.38038885442617
              ],
              [
                44.474255278780404,
                38.319481550040635
              ],
              [
                44.420343150608005,
                38.24160577694761
              ],
              [
                44.36011634314919,
                38.15267200883493
              ],
              [
                44.308975751149326,
                38.073951996001355
              ],
              [
                44.300274900702455,
                37.87061007915588
              ],
              [
                44.60443128353727,
                37.73386564818471
              ],
              [
                44.611699047761064,
                37.70925184264788
              ],
              [
                44.58660842831501,
                37.52983334050592
              ],
              [
                44.595739068379324,
                37.44054175733379
              ],
              [
                44.730077089777836,
                37.371286871107074
              ],
              [
                44.818180081150885,
                37.29741669816592
              ],
              [
                44.818989236869506,
                37.28760770329797
              ],
              [
                44.7873382453441,
                37.14971165558611
              ],
              [
                44.75043708678692,
                37.17304941393261
              ],
              [
                44.73363189880834,
                37.17608220373995
              ],
              [
                44.50638907762955,
                37.107265625373905
              ],
              [
                44.19596482430065,
                37.09637834473166
              ],
              [
                44.21878075457488,
                37.134717850671905
              ],
              [
                44.230266572512214,
                37.154018416578204
              ],
              [
                44.23134759371398,
                37.154334368057306
              ],
              [
                44.26259610930267,
                37.163467412537635
              ],
              [
                44.10926914491211,
                37.31633069695754
              ],
              [
                44.08296481102404,
                37.31673889485309
              ],
              [
                44.052947404927586,
                37.32107015298103
              ],
              [
                44.02920237335164,
                37.32007042565164
              ],
              [
                43.94628387147831,
                37.26564991731167
              ],
              [
                43.92698258486152,
                37.241406548620546
              ],
              [
                43.905092903112134,
                37.226208982298495
              ],
              [
                43.70135766012455,
                37.22672917151847
              ],
              [
                43.00101380073367,
                37.33850767581713
              ],
              [
                42.80817407966945,
                37.368216221748064
              ],
              [
                42.65440931537439,
                37.26127862879755
              ],
              [
                42.58804321478919,
                37.175685892242434
              ],
              [
                42.35162527313102,
                37.229257166475534
              ],
              [
                42.35152052389005,
                37.23117063096913
              ],
              [
                42.3271455183645,
                37.2476313163077
              ],
              [
                42.18083190053414,
                37.29054261211615
              ],
              [
                42.177617176346246,
                37.28741272906316
              ],
              [
                42.078851155950744,
                37.205687274761246
              ],
              [
                41.64491475869695,
                37.100082028320244
              ],
              [
                41.46080353886183,
                37.07920542812619
              ],
              [
                41.42393055652529,
                37.07760478825025
              ],
              [
                41.32203662143747,
                37.07430306636717
              ],
              [
                40.90361242019234,
                37.12870464286366
              ],
              [
                40.87374949974911,
                37.12683639090149
              ],
              [
                40.770820591032674,
                37.11804963648736
              ],
              [
                40.76843565514951,
                37.11739797371203
              ],
              [
                40.431926076436056,
                37.00849973243609
              ],
              [
                40.270251451139536,
                36.92315449501481
              ],
              [
                40.21807173680521,
                36.8975628397568
              ],
              [
                39.97104996021243,
                36.80231269907424
              ],
              [
                39.9306934465355,
                36.788801357184546
              ],
              [
                39.66935915042964,
                36.731156728522784
              ],
              [
                39.51563574456394,
                36.7084800384454
              ],
              [
                39.38469402912509,
                36.689497429026225
              ],
              [
                39.272266916686334,
                36.670981865110285
              ],
              [
                39.147608922432575,
                36.677835300255076
              ],
              [
                39.08726056379595,
                36.69858150167593
              ],
              [
                39.07118704333765,
                36.703378324953405
              ],
              [
                38.978797065539034,
                36.69987111675329
              ],
              [
                38.90807560232491,
                36.69532777829137
              ],
              [
                38.75052848346135,
                36.70076400250567
              ],
              [
                38.66266144519368,
                36.741911184367424
              ],
              [
                38.534301268211564,
                36.84770370493917
              ],
              [
                38.455540305709086,
                36.8777989186189
              ],
              [
                38.30264900958427,
                36.9074357976537
              ],
              [
                38.22301999041382,
                36.91124385649627
              ],
              [
                38.07515194237995,
                36.86144095612169
              ],
              [
                38.03674590969814,
                36.83875201180144
              ],
              [
                37.93926815393189,
                36.79896911432511
              ],
              [
                37.67619448027471,
                36.718944878465805
              ],
              [
                37.19327064476013,
                36.65813713084065
              ],
              [
                36.949754307493336,
                36.771956766293414
              ],
              [
                36.93360138406093,
                36.77804563831096
              ],
              [
                36.76232057784796,
                36.816172853297644
              ],
              [
                36.70276642010315,
                36.82942964483435
              ],
              [
                36.66670991573863,
                36.83428571675616
              ],
              [
                36.58697075260758,
                36.62120880008924
              ],
              [
                36.58638764862256,
                36.61971284386271
              ],
              [
                36.58562980488871,
                36.61699654458958
              ],
              [
                36.57367527644758,
                36.41159382825362
              ],
              [
                36.68495486610876,
                36.246754661156146
              ],
              [
                36.68311690638856,
                36.23273467428159
              ],
              [
                36.547316513599625,
                36.233263642644175
              ],
              [
                36.523120880305406,
                36.23459487927962
              ],
              [
                36.39221951930309,
                36.21332549073554
              ],
              [
                36.38186012232249,
                36.082768350889616
              ],
              [
                36.377209489284695,
                36.0063757359519
              ],
              [
                36.37496946637695,
                35.997913362629376
              ],
              [
                36.22360612086146,
                35.962219226738476
              ],
              [
                36.201285520182715,
                35.930717333149055
              ],
              [
                36.15587615204219,
                35.818443309527844
              ],
              [
                36.13254427731564,
                35.84703054190916
              ],
              [
                36.113775731947875,
                35.859462198474844
              ],
              [
                36.103483832684205,
                35.864031715740516
              ],
              [
                35.952030567197596,
                35.91835224302783
              ],
              [
                35.92243959276159,
                35.92699433640603
              ],
              [
                35.73388669650918,
                35.58166504048202
              ],
              [
                35.983608278296835,
                34.527496339949025
              ],
              [
                35.6488838326715,
                34.28110500452404
              ],
              [
                34.70832823007075,
                31.947637587732284
              ],
              [
                34.21665954929272,
                31.32332993688907
              ],
              [
                34.347145679461825,
                31.003904895400655
              ],
              [
                34.51156996536842,
                30.625782764003173
              ],
              [
                34.58850836336545,
                30.421529912904234
              ],
              [
                34.69562972980972,
                30.159491865294328
              ],
              [
                34.87103586598456,
                29.621647661719823
              ],
              [
                34.903800976598184,
                29.48670580286259
              ]
            ],
            [
              [
                48.7211166831677,
                45.698617000455826
              ],
              [
                48.5628283665311,
                45.77275295107509
              ],
              [
                48.49616384275631,
                45.87921220399459
              ],
              [
                48.49846267671623,
                45.883735656050504
              ],
              [
                48.7135847575702,
                45.7338342337452
              ],
              [
                48.72845428345921,
                45.711976625872325
              ],
              [
                48.7211166831677,
                45.698617000455826
              ]
            ]
          ]
        ]
      },
      "properties": {
        "SIGLA": "ASI",
        "NOME": "Ásia + Oceania",
        "PORCENTAGE": 4.4,
        "TONELADAS": 10500
      }
    },
    {
      "type": "Feature",
      "geometry": {
        "type": "MultiPolygon",
        "coordinates": [
          [
            [
              [
                -15.579168319762328,
                27.73110961918061
              ],
              [
                -15.36527919770352,
                28.007221221824956
              ],
              [
                -15.702501297080934,
                28.156108856103764
              ],
              [
                -15.8226404189957,
                27.915691375656383
              ],
              [
                -15.579168319762328,
                27.73110961918061
              ]
            ]
          ],
          [
            [
              [
                -16.671390533412133,
                27.984165191486902
              ],
              [
                -16.156948089740784,
                28.57221984867083
              ],
              [
                -16.90937614439165,
                28.34603881846829
              ],
              [
                -16.671390533412133,
                27.984165191486902
              ]
            ]
          ],
          [
            [
              [
                -16.943611145062217,
                32.63749694817781
              ],
              [
                -16.71555709840122,
                32.75888824462138
              ],
              [
                -17.254516601549952,
                32.81284332277271
              ],
              [
                -16.943611145062217,
                32.63749694817781
              ]
            ]
          ],
          [
            [
              [
                32.713882446519385,
                34.64027404797646
              ],
              [
                34.08527374300721,
                34.9616622928047
              ],
              [
                33.921386719026536,
                35.272773743028765
              ],
              [
                34.586036682074976,
                35.688606262457
              ],
              [
                32.27861022933553,
                35.095413207977465
              ],
              [
                32.40582656917684,
                34.74985885651944
              ],
              [
                32.713882446519385,
                34.64027404797646
              ]
            ]
          ],
          [
            [
              [
                24.9280548093819,
                34.93054962164566
              ],
              [
                26.135831832715095,
                34.99728775085923
              ],
              [
                26.301109313900106,
                35.283050537171405
              ],
              [
                25.78402709945361,
                35.11388778676283
              ],
              [
                25.734304428646716,
                35.299926758270665
              ],
              [
                24.32708167996303,
                35.35138320986462
              ],
              [
                23.59388732929341,
                35.59221649134255
              ],
              [
                23.59423446687217,
                35.23221969634676
              ],
              [
                24.39249801614302,
                35.188884734992165
              ],
              [
                24.9280548093819,
                34.93054962164566
              ]
            ]
          ],
          [
            [
              [
                -25.4561119080356,
                37.7055511475529
              ],
              [
                -25.14055633534139,
                37.84069061262452
              ],
              [
                -25.842502593816857,
                37.90222167962232
              ],
              [
                -25.4561119080356,
                37.7055511475529
              ]
            ]
          ],
          [
            [
              [
                13.395416259743053,
                54.221660614135324
              ],
              [
                13.668609619127825,
                54.521522521912495
              ],
              [
                13.42708206162758,
                54.68249893190492
              ],
              [
                13.118818283093855,
                54.33673095710622
              ],
              [
                13.395416259743053,
                54.221660614135324
              ]
            ]
          ],
          [
            [
              [
                11.454929351941267,
                54.61985778805469
              ],
              [
                11.847221374675044,
                54.7679138184316
              ],
              [
                11.071388244486208,
                54.94082641622818
              ],
              [
                11.454929351941267,
                54.61985778805469
              ]
            ]
          ],
          [
            [
              [
                9.182567596363508,
                41.3649253845598
              ],
              [
                9.552568435721046,
                42.11833190946762
              ],
              [
                9.42124938970041,
                43.010414123496844
              ],
              [
                8.575832366571436,
                42.38360595723455
              ],
              [
                8.790414810250182,
                41.557842254725635
              ],
              [
                9.182567596363508,
                41.3649253845598
              ]
            ]
          ],
          [
            [
              [
                48.5628283665311,
                45.77275295107509
              ],
              [
                48.7211166831677,
                45.698617000455826
              ],
              [
                48.72845428345921,
                45.711976625872325
              ],
              [
                48.7135847575702,
                45.7338342337452
              ],
              [
                48.49846267671623,
                45.883735656050504
              ],
              [
                48.49616384275631,
                45.87921220399459
              ],
              [
                48.5628283665311,
                45.77275295107509
              ]
            ]
          ],
          [
            [
              [
                5.134019374752814,
                52.38313674921386
              ],
              [
                5.483541011799831,
                52.57277297976476
              ],
              [
                5.299304962133805,
                52.690830230736665
              ],
              [
                5.0337896347150615,
                52.61595535271638
              ],
              [
                5.134019374752814,
                52.38313674921386
              ]
            ]
          ],
          [
            [
              [
                15.023610114731056,
                36.69860839872731
              ],
              [
                15.230692863500675,
                37.12485504139766
              ],
              [
                15.092498779100541,
                37.490272522136614
              ],
              [
                15.647936820908981,
                38.26457595763342
              ],
              [
                14.311943054548168,
                38.01221466069596
              ],
              [
                13.711387634812809,
                37.97666168182485
              ],
              [
                13.318610191059841,
                38.217494965125695
              ],
              [
                12.510138511232535,
                38.015136719366744
              ],
              [
                12.656109809966713,
                37.559783935476524
              ],
              [
                15.023610114731056,
                36.69860839872731
              ]
            ]
          ],
          [
            [
              [
                20.73499679561781,
                38.060829162671865
              ],
              [
                20.541872024607315,
                38.470550536991894
              ],
              [
                20.342567443782258,
                38.17790985115274
              ],
              [
                20.73499679561781,
                38.060829162671865
              ]
            ]
          ],
          [
            [
              [
                26.450553894143674,
                38.96832275376178
              ],
              [
                26.61861038206183,
                39.02402114869904
              ],
              [
                26.39611053447548,
                39.3411026001127
              ],
              [
                25.856939315698558,
                39.252773284968114
              ],
              [
                26.450553894143674,
                38.96832275376178
              ]
            ]
          ],
          [
            [
              [
                24.51291465763679,
                37.954925536991816
              ],
              [
                24.153888702121904,
                38.64665985121649
              ],
              [
                23.304443359552383,
                39.03728485130673
              ],
              [
                22.846942901568852,
                38.862079620654875
              ],
              [
                24.51291465763679,
                37.954925536991816
              ]
            ]
          ],
          [
            [
              [
                27.78402519220749,
                35.890411376966256
              ],
              [
                28.214614868118048,
                36.454154968248595
              ],
              [
                27.71971893302159,
                36.16609954826335
              ],
              [
                27.78402519220749,
                35.890411376966256
              ]
            ]
          ],
          [
            [
              [
                3.060277700701519,
                39.26333236670128
              ],
              [
                3.479999780628927,
                39.71638488758245
              ],
              [
                3.0713887212211053,
                39.92194366461113
              ],
              [
                2.364166259791605,
                39.55583190916718
              ],
              [
                3.060277700701519,
                39.26333236670128
              ]
            ]
          ],
          [
            [
              [
                8.851179122690617,
                38.87791061406901
              ],
              [
                9.013540267455422,
                39.26319122288898
              ],
              [
                9.565068245173501,
                39.145618439203474
              ],
              [
                9.824165344265694,
                40.527217865574336
              ],
              [
                9.562498092701274,
                41.11777496368189
              ],
              [
                9.23305511436106,
                41.254714965764975
              ],
              [
                8.579721451344765,
                40.83999633794291
              ],
              [
                8.228054047172067,
                40.938396454034475
              ],
              [
                8.148887633814851,
                40.74416351328233
              ],
              [
                8.55395698493289,
                39.86770248469313
              ],
              [
                8.425832748151132,
                39.1070785519945
              ],
              [
                8.851179122690617,
                38.87791061406901
              ]
            ]
          ],
          [
            [
              [
                23.759162902684995,
                79.17414855833232
              ],
              [
                25.722772597462967,
                79.40790558018207
              ],
              [
                27.229299543156166,
                80.09651946913621
              ],
              [
                24.307498932119287,
                80.36886596815896
              ],
              [
                23.15277481094035,
                80.11526489239769
              ],
              [
                22.886940000485673,
                80.49026489445853
              ],
              [
                22.192634582521077,
                80.01901245096721
              ],
              [
                19.642494202357184,
                80.49942016438884
              ],
              [
                19.34055328607637,
                80.08638000289895
              ],
              [
                17.79083061240252,
                80.12706756558636
              ],
              [
                18.471660614838115,
                79.78276062110929
              ],
              [
                22.320690153684513,
                79.79499053874443
              ],
              [
                19.679718019286913,
                79.55081939662327
              ],
              [
                23.759162902684995,
                79.17414855833232
              ]
            ]
          ],
          [
            [
              [
                47.65415954681596,
                80.06748962425694
              ],
              [
                51.70582580675408,
                80.67526245226013
              ],
              [
                50.31638336116602,
                80.71527099624961
              ],
              [
                50.84609985320098,
                80.91693115203502
              ],
              [
                49.11693573055126,
                80.78887939415398
              ],
              [
                49.192214964602215,
                80.5213775627267
              ],
              [
                47.41805267237242,
                80.46276855380813
              ],
              [
                48.003883360530665,
                80.3047027592258
              ],
              [
                46.68360138002846,
                80.31469726651399
              ],
              [
                47.924163817780695,
                80.24247741825693
              ],
              [
                47.65415954681596,
                80.06748962425694
              ]
            ]
          ],
          [
            [
              [
                60.99999999971859,
                80.40165710486916
              ],
              [
                62.046104431850296,
                80.87858581564633
              ],
              [
                59.28027343754581,
                80.69609069782169
              ],
              [
                59.625823975026265,
                80.42498779292164
              ],
              [
                60.99999999971859,
                80.40165710486916
              ]
            ]
          ],
          [
            [
              [
                63.21249389614359,
                80.68165588420365
              ],
              [
                65.44470214814986,
                80.91581726088572
              ],
              [
                64.82083129928301,
                81.19053649861513
              ],
              [
                62.55746459940971,
                80.84411621134005
              ],
              [
                63.21249389614359,
                80.68165588420365
              ]
            ]
          ],
          [
            [
              [
                22.64110565088077,
                77.25305175864163
              ],
              [
                24.754444123174288,
                77.72943115207912
              ],
              [
                22.865550995799293,
                78.2499999997941
              ],
              [
                20.8687458030504,
                78.09012603719654
              ],
              [
                21.644996642664253,
                77.91249084403012
              ],
              [
                20.867218017254338,
                77.45457458521753
              ],
              [
                22.773191452166262,
                77.54615783698004
              ],
              [
                22.64110565088077,
                77.25305175864163
              ]
            ]
          ],
          [
            [
              [
                54.06082153364822,
                73.60581970013871
              ],
              [
                55.17388153055205,
                73.71109771797191
              ],
              [
                54.21429443624498,
                73.32415771698896
              ],
              [
                54.97165680104707,
                73.44219970537364
              ],
              [
                56.74958038216676,
                73.24526214658648
              ],
              [
                56.84290695431191,
                73.64832306106379
              ],
              [
                57.604717257992654,
                73.6192855802008
              ],
              [
                56.56784057327847,
                73.88011932522284
              ],
              [
                57.72415923898333,
                73.71526336715607
              ],
              [
                57.41471099717471,
                74.1795654266429
              ],
              [
                58.114997866151455,
                73.98332214012206
              ],
              [
                58.72415924017221,
                74.23580932787337
              ],
              [
                58.1919479342904,
                74.57523345745669
              ],
              [
                59.14721679818236,
                74.43858337786494
              ],
              [
                60.68249511346406,
                74.92720794854401
              ],
              [
                59.93019867308803,
                74.99726867679881
              ],
              [
                67.10137939217904,
                76.09471130398762
              ],
              [
                68.86109924300538,
                76.54193115471477
              ],
              [
                68.50818633721325,
                76.95373535013223
              ],
              [
                66.99386596852281,
                76.94999695021542
              ],
              [
                65.97442626594577,
                76.52804565483653
              ],
              [
                64.10971069477381,
                76.31137084606432
              ],
              [
                61.066383365138414,
                76.27388000340687
              ],
              [
                60.72915649412211,
                76.0022125234014
              ],
              [
                60.2961044329677,
                76.10942077680264
              ],
              [
                58.1105499272728,
                75.683319091142
              ],
              [
                57.7372131364736,
                75.32304381949116
              ],
              [
                56.86943817214453,
                75.35971069700494
              ],
              [
                56.48054504723995,
                75.06137085042305
              ],
              [
                55.92568588301518,
                75.19386291807496
              ],
              [
                55.861663814732005,
                74.99553680696204
              ],
              [
                56.47262955006561,
                75.01277160474577
              ],
              [
                55.81769943338439,
                74.80449676719581
              ],
              [
                56.984580992451555,
                74.68714905107747
              ],
              [
                55.52819061032803,
                74.6474838226204
              ],
              [
                56.281383515116914,
                74.48754882940683
              ],
              [
                55.23429870262479,
                74.36608887026274
              ],
              [
                55.86200332920707,
                74.10817718167196
              ],
              [
                55.02124404896542,
                74.17248535047868
              ],
              [
                53.71721267735619,
                73.78568267961738
              ],
              [
                54.06082153364822,
                73.60581970013871
              ]
            ]
          ],
          [
            [
              [
                13.951664924327979,
                77.71804809389886
              ],
              [
                17.006107332021962,
                77.93136596500801
              ],
              [
                14.74562358603768,
                77.6592941273023
              ],
              [
                16.22304916247192,
                77.43498230246487
              ],
              [
                13.914164543360956,
                77.52499389667767
              ],
              [
                14.46722030549219,
                77.17164611801795
              ],
              [
                16.498603822950898,
                77.000823971851
              ],
              [
                15.50215149019835,
                76.88137054300157
              ],
              [
                16.82249832065713,
                76.5691528346723
              ],
              [
                18.969924926408268,
                78.45199585216277
              ],
              [
                21.540552139029415,
                78.75991821051707
              ],
              [
                18.93721771008529,
                79.16026305886409
              ],
              [
                18.356941221599968,
                79.6283111582763
              ],
              [
                17.63770294268033,
                79.37609100491835
              ],
              [
                18.087011335723332,
                79.72817230256962
              ],
              [
                16.307773592810552,
                80.06275940106966
              ],
              [
                16.449996949492252,
                78.90386962733002
              ],
              [
                14.584997177074298,
                79.80415344320971
              ],
              [
                14.058886528670923,
                79.26026916758995
              ],
              [
                13.474858284585187,
                79.58248901574832
              ],
              [
                12.44930362451992,
                79.56887817147002
              ],
              [
                13.824720381673355,
                79.87525939839215
              ],
              [
                12.201942443785061,
                79.83332824717684
              ],
              [
                12.311388015208847,
                79.66192627108907
              ],
              [
                11.696386338089804,
                79.83499145596973
              ],
              [
                10.682358742013065,
                79.54608917200488
              ],
              [
                11.236385344252993,
                79.09304809499433
              ],
              [
                12.115273474430762,
                79.29331970111394
              ],
              [
                12.500692370110958,
                78.91199493271824
              ],
              [
                11.337012290525568,
                78.96054077027746
              ],
              [
                11.918192865623599,
                78.62928008936318
              ],
              [
                13.187359809621588,
                78.54157256976353
              ],
              [
                12.371594429310424,
                78.48088836926644
              ],
              [
                13.236942289706679,
                78.21693420607106
              ],
              [
                14.728192330505362,
                78.38623809675393
              ],
              [
                15.370830533395779,
                78.84304046796225
              ],
              [
                15.427457809919051,
                78.45817566189466
              ],
              [
                16.550552370189227,
                78.7163848864083
              ],
              [
                16.33027458225381,
                78.45095825299623
              ],
              [
                17.295204164440065,
                78.42179107434514
              ],
              [
                13.611942289499822,
                78.05831908961933
              ],
              [
                13.951664924327979,
                77.71804809389886
              ]
            ]
          ],
          [
            [
              [
                -9.817501067919771,
                51.445549011876416
              ],
              [
                -8.737222670711517,
                51.576110839990015
              ],
              [
                -8.310695649141845,
                51.74180221490414
              ],
              [
                -8.421938895394556,
                51.881546021491985
              ],
              [
                -8.086668013765628,
                51.81082916250274
              ],
              [
                -6.995382309028068,
                52.26982116570342
              ],
              [
                -6.35944509498207,
                52.17902374183097
              ],
              [
                -6.013055800253113,
                52.94499969551222
              ],
              [
                -6.38138914012636,
                53.95152282652663
              ],
              [
                -5.562222482060167,
                54.283050536987545
              ],
              [
                -5.698125362764695,
                54.57263183602648
              ],
              [
                -5.431319713709955,
                54.485965729476014
              ],
              [
                -5.5743060111375815,
                54.677219391519614
              ],
              [
                -5.902431010160316,
                54.60228729185529
              ],
              [
                -5.6904172897940315,
                54.80916213932223
              ],
              [
                -6.101250649499077,
                55.20944213866552
              ],
              [
                -7.253056050483092,
                55.04679870617414
              ],
              [
                -6.935139655948232,
                55.23846816934601
              ],
              [
                -7.396389485651611,
                55.37833022968896
              ],
              [
                -7.456250190081757,
                55.0449943540823
              ],
              [
                -7.682291983349218,
                54.95089721772778
              ],
              [
                -7.657500266363455,
                55.27443694967762
              ],
              [
                -8.317501066851479,
                55.10888671975889
              ],
              [
                -8.353889466532006,
                54.839439391608174
              ],
              [
                -8.798334121407063,
                54.69575881869876
              ],
              [
                -8.18833351186568,
                54.633605957363905
              ],
              [
                -8.661666870646474,
                54.3552703850582
              ],
              [
                -8.474862099581122,
                54.273468017350766
              ],
              [
                -10.112222671044943,
                54.22999572819046
              ],
              [
                -9.56138992422219,
                53.859718322416875
              ],
              [
                -10.176528931322856,
                53.40971755974394
              ],
              [
                -8.94111251956224,
                53.26416015571804
              ],
              [
                -9.811668394878701,
                52.5938873290122
              ],
              [
                -8.818334578574436,
                52.665550230959184
              ],
              [
                -9.626445769930484,
                52.526660920451526
              ],
              [
                -9.744862556347053,
                52.247219084589666
              ],
              [
                -10.463335037544969,
                52.18020630004904
              ],
              [
                -9.760416984909977,
                52.149578094384935
              ],
              [
                -10.371946334563482,
                51.878883362849415
              ],
              [
                -9.580973624414447,
                51.87235260127265
              ],
              [
                -10.130001068465253,
                51.612220765317026
              ],
              [
                -9.628528593792474,
                51.68741226114849
              ],
              [
                -9.817501067919771,
                51.445549011876416
              ]
            ]
          ],
          [
            [
              [
                -3.105625151155623,
                53.55992889221743
              ],
              [
                -2.7763891205710145,
                53.292495728287584
              ],
              [
                -4.15333366418497,
                53.22555542030822
              ],
              [
                -4.721944807605368,
                52.83610534724082
              ],
              [
                -4.133611678277835,
                52.9144439677273
              ],
              [
                -4.096666811948793,
                52.38582992731865
              ],
              [
                -5.23916721521067,
                51.916381835713246
              ],
              [
                -5.246945382442211,
                51.730270386438136
              ],
              [
                -4.941389084543727,
                51.594161986713324
              ],
              [
                -4.436111449857414,
                51.73722076536025
              ],
              [
                -3.3461112976033487,
                51.378608704107066
              ],
              [
                -2.388333558290282,
                51.74666213869873
              ],
              [
                -3.0283336656462163,
                51.20610809212899
              ],
              [
                -4.228055951910379,
                51.187774659675924
              ],
              [
                -5.677778244786169,
                50.038604737185956
              ],
              [
                -5.193056105317712,
                49.955276489460495
              ],
              [
                -4.3800001144272045,
                50.36388397077589
              ],
              [
                -3.716666700410429,
                50.20666504060803
              ],
              [
                -3.437222479318247,
                50.604995726328355
              ],
              [
                -2.9275002464397364,
                50.731246947843644
              ],
              [
                -2.0544447885171033,
                50.58568954529226
              ],
              [
                -1.1588890561226508,
                50.840827943012805
              ],
              [
                0.2963888640981933,
                50.77333068686238
              ],
              [
                1.3902776250758722,
                51.15415954541265
              ],
              [
                1.3855555070415386,
                51.3877716078191
              ],
              [
                0.3889353259799817,
                51.448219297243234
              ],
              [
                1.2661108992085515,
                51.839164732138805
              ],
              [
                1.7494442444325484,
                52.45582580737353
              ],
              [
                1.2822220325655156,
                52.927497865771436
              ],
              [
                0.002109801272605516,
                52.879856109340075
              ],
              [
                0.339166641283116,
                53.0923576368444
              ],
              [
                0.23555551319251933,
                53.399436951793206
              ],
              [
                -0.7165278812156988,
                53.69638443142053
              ],
              [
                0.14208330144448222,
                53.58055114880033
              ],
              [
                -0.20052866649397671,
                54.151710510027264
              ],
              [
                -1.297500133056805,
                54.76361083820645
              ],
              [
                -2.079722406228373,
                55.86721801970213
              ],
              [
                -2.6572222689114704,
                56.05971527024021
              ],
              [
                -3.723750116022778,
                56.027355195619066
              ],
              [
                -2.5834724889786975,
                56.268535612105204
              ],
              [
                -3.278055666375848,
                56.35749816766505
              ],
              [
                -2.5312502393937995,
                56.57610702680589
              ],
              [
                -1.7741668217828934,
                57.490829469091906
              ],
              [
                -2.0755558005409265,
                57.699440002264126
              ],
              [
                -4.431528089514607,
                57.57277298033688
              ],
              [
                -3.7740280634754098,
                57.85485458302503
              ],
              [
                -4.391666890382361,
                57.901386260087854
              ],
              [
                -4.0150003434242585,
                57.86777496279815
              ],
              [
                -3.0147223467684046,
                58.63819122520134
              ],
              [
                -5.0015282635107745,
                58.62416076605968
              ],
              [
                -5.452847478558132,
                58.07416152917788
              ],
              [
                -5.127500533818835,
                57.86943817336417
              ],
              [
                -5.801389217516213,
                57.85388565141559
              ],
              [
                -5.5101394672364306,
                57.533191682196176
              ],
              [
                -5.850417137334074,
                57.549720765242284
              ],
              [
                -5.818056108469536,
                57.36249542408413
              ],
              [
                -5.512667177728123,
                57.277442934347064
              ],
              [
                -6.066514013162933,
                56.72048187208148
              ],
              [
                -5.552395821750915,
                56.68885040242466
              ],
              [
                -5.9168891927282825,
                56.631801603121666
              ],
              [
                -5.676944731016368,
                56.493888853989894
              ],
              [
                -5.363333700287601,
                56.66194152792389
              ],
              [
                -5.362228392136039,
                56.494003296311156
              ],
              [
                -5.0701389299634645,
                56.56069183564283
              ],
              [
                -5.571389198234636,
                56.328327178931346
              ],
              [
                -5.788889409372036,
                55.308742524117704
              ],
              [
                -5.515278339926124,
                55.363468168824035
              ],
              [
                -5.4291672687503105,
                56.006938935214436
              ],
              [
                -4.922292230619631,
                56.271106718376
              ],
              [
                -5.305278299056433,
                55.85221862895103
              ],
              [
                -4.4854173666391075,
                55.92360687051539
              ],
              [
                -4.864732741654851,
                55.888381956561766
              ],
              [
                -4.613611699711958,
                55.49068832194877
              ],
              [
                -5.170000077708616,
                54.89110565290221
              ],
              [
                -4.387222292190161,
                54.67555237029596
              ],
              [
                -4.3505558954875685,
                54.859024047907525
              ],
              [
                -3.0270836335523637,
                54.97291183336167
              ],
              [
                -3.632639170639188,
                54.51221466202991
              ],
              [
                -3.230000258809705,
                54.10097122156547
              ],
              [
                -2.813611506742192,
                54.222770692522175
              ],
              [
                -3.105625151155623,
                53.55992889221743
              ]
            ]
          ],
          [
            [
              [
                64.79679102888934,
                69.14290617833737
              ],
              [
                64.15054322118273,
                69.5419311444827
              ],
              [
                60.86568830529798,
                69.86276244983628
              ],
              [
                60.1452713192282,
                69.57311248306843
              ],
              [
                60.91443633673731,
                68.90470885215511
              ],
              [
                59.81166075643992,
                68.68193056102169
              ],
              [
                59.7127685598704,
                68.34304808560837
              ],
              [
                59.07235337924624,
                68.42456816998899
              ],
              [
                59.42721558849476,
                68.74525452707184
              ],
              [
                58.934989921687375,
                68.99999999012405
              ],
              [
                57.27610016908706,
                68.55581666109185
              ],
              [
                55.33264161444599,
                68.55111695344578
              ],
              [
                54.8233261051724,
                68.16775514219384
              ],
              [
                53.336105356929835,
                68.23664854422918
              ],
              [
                53.94429397636871,
                68.40137482065228
              ],
              [
                53.972763071097205,
                68.92803956165861
              ],
              [
                54.559158307657015,
                68.99567415145509
              ],
              [
                53.775550844222295,
                68.96693420787457
              ],
              [
                52.294857026791675,
                68.61664580569084
              ],
              [
                52.73040389340858,
                68.48303985330361
              ],
              [
                52.422908796831194,
                68.34095764040924
              ],
              [
                52.074714672613354,
                68.5444335760628
              ],
              [
                48.86179734345268,
                67.69692231478027
              ],
              [
                48.001522078372886,
                67.65235137968722
              ],
              [
                47.69971465282843,
                66.98637389014169
              ],
              [
                46.554718010618444,
                66.8103943007524
              ],
              [
                44.91290664089884,
                67.3656768788099
              ],
              [
                45.38249207694423,
                67.73553465255873
              ],
              [
                46.71110534798643,
                67.8167877208541
              ],
              [
                46.5273551917542,
                68.13817597754915
              ],
              [
                45.90332032716532,
                68.48220825905815
              ],
              [
                43.31166077141965,
                68.68498229509952
              ],
              [
                44.24492263987503,
                68.26457214720169
              ],
              [
                43.75054930737063,
                67.2522125416815
              ],
              [
                44.49638365409106,
                66.90748594866423
              ],
              [
                44.17443848476934,
                65.87469483134376
              ],
              [
                43.858047497795326,
                66.17692564211485
              ],
              [
                43.35471342757769,
                66.03858947480661
              ],
              [
                43.693878172713696,
                66.23192596146215
              ],
              [
                43.29291532856645,
                66.42429353242026
              ],
              [
                42.17513276289806,
                66.524429326306
              ],
              [
                39.75138853910532,
                65.55081175319754
              ],
              [
                40.49721525900702,
                64.53512573198074
              ],
              [
                38.16443633451425,
                64.69734193331524
              ],
              [
                37.69026946458534,
                65.05581666074984
              ],
              [
                36.85686491434495,
                65.17831420972682
              ],
              [
                36.56193540813334,
                64.74387358025933
              ],
              [
                37.334018709749884,
                64.35247801884597
              ],
              [
                37.80124281302932,
                64.41970060557168
              ],
              [
                38.08450700320401,
                64.0569991881116
              ],
              [
                37.4226341358694,
                63.804714206468866
              ],
              [
                34.787773142928216,
                64.54776000242992
              ],
              [
                34.38124465684774,
                65.38262177834065
              ],
              [
                34.86776732155508,
                65.88026426732895
              ],
              [
                33.50207900064403,
                66.31206512707456
              ],
              [
                33.08094786672977,
                66.52768706191921
              ],
              [
                33.427627544779384,
                66.58901214330983
              ],
              [
                32.862548840711256,
                66.585281390076
              ],
              [
                33.19499207437063,
                66.63943482282556
              ],
              [
                32.19276429102975,
                67.12997438197104
              ],
              [
                34.47901915668233,
                66.53234863547164
              ],
              [
                38.60777281566354,
                66.05220032648677
              ],
              [
                40.44332121552395,
                66.40081787464607
              ],
              [
                41.15582276390968,
                66.7944335758918
              ],
              [
                41.049716951838676,
                67.65859220800968
              ],
              [
                35.83665467974254,
                69.19886777867113
              ],
              [
                33.641380328312565,
                69.32554625676117
              ],
              [
                33.010597239024094,
                68.96716308986616
              ],
              [
                33.516174329530315,
                69.42247774147964
              ],
              [
                32.02639387380515,
                69.6365356364769
              ],
              [
                32.894996657069385,
                69.58276366080835
              ],
              [
                33.09360505634996,
                69.74748231041274
              ],
              [
                31.93652153247275,
                69.96443177629448
              ],
              [
                31.77388763698956,
                69.68109131793247
              ],
              [
                30.301387771628537,
                69.8797149708505
              ],
              [
                29.716663350378365,
                69.73860167365359
              ],
              [
                29.64027406311884,
                69.97360230959505
              ],
              [
                28.616470319304955,
                70.11016080870179
              ],
              [
                30.094444266059607,
                70.06860351230775
              ],
              [
                31.07353781758768,
                70.28554535137074
              ],
              [
                30.008052812539244,
                70.53644562019333
              ],
              [
                30.10861017205527,
                70.70735167167425
              ],
              [
                28.748332982247202,
                70.85735319373423
              ],
              [
                28.183609022037135,
                70.1644363479807
              ],
              [
                28.28430366429033,
                70.65012358567583
              ],
              [
                27.657150282566203,
                70.60638428354306
              ],
              [
                28.544372569387523,
                70.97395323737612
              ],
              [
                27.65166474158706,
                71.11305235756123
              ],
              [
                26.9263877685334,
                70.47610474685243
              ],
              [
                26.537220012485964,
                70.34930420094786
              ],
              [
                26.68666458320447,
                70.9530487079552
              ],
              [
                25.23472213022504,
                70.08972167008277
              ],
              [
                25.18833159878488,
                70.51361084748147
              ],
              [
                25.92201042246951,
                70.8601989649915
              ],
              [
                24.667636875963826,
                70.97277069332456
              ],
              [
                24.256385801781075,
                70.77089689289724
              ],
              [
                24.713747034707264,
                70.61569213829563
              ],
              [
                23.585552196733236,
                70.38360595369481
              ],
              [
                23.317636495320574,
                69.94235229092592
              ],
              [
                22.296665204867278,
                70.04123686067672
              ],
              [
                22.957498540680252,
                70.20416258844213
              ],
              [
                21.51638795118114,
                70.30387879115318
              ],
              [
                22.068607335575283,
                69.73138426410014
              ],
              [
                21.31333160670226,
                70.02096558949941
              ],
              [
                20.565830238724157,
                69.76138305863432
              ],
              [
                20.849025710100623,
                69.49228667148128
              ],
              [
                20.466386781891092,
                69.57318878997054
              ],
              [
                19.94694138617901,
                69.25610353020309
              ],
              [
                20.288471219418117,
                69.97290803680158
              ],
              [
                19.683053961360347,
                69.43193817132165
              ],
              [
                19.7727069832607,
                69.80484771786313
              ],
              [
                18.944927231192235,
                69.61256408062587
              ],
              [
                19.40577508172321,
                69.2770767397074
              ],
              [
                18.850206362461446,
                69.55033876362123
              ],
              [
                18.69347001102816,
                69.2616577125508
              ],
              [
                18.256942730413503,
                69.48637391250872
              ],
              [
                17.4877777129044,
                68.98999023575928
              ],
              [
                17.844373687753198,
                68.87249754460728
              ],
              [
                16.46701048824569,
                68.51172637043817
              ],
              [
                17.570831291142646,
                68.42443847535573
              ],
              [
                16.22277640742781,
                68.34748840398795
              ],
              [
                16.800065996718473,
                68.13033293657084
              ],
              [
                16.13763807506837,
                68.30609893632081
              ],
              [
                16.49583053278028,
                67.79415894967761
              ],
              [
                16.013748186452503,
                68.24346161624538
              ],
              [
                15.288331994920881,
                68.0305480924912
              ],
              [
                15.871110919242646,
                67.92332458368529
              ],
              [
                14.75680447946393,
                67.80262754465119
              ],
              [
                14.761665356888585,
                67.64305115175338
              ],
              [
                15.826873783292264,
                67.67658995162348
              ],
              [
                15.306874262420259,
                67.71672819515567
              ],
              [
                15.61916542782049,
                67.51110838785705
              ],
              [
                14.917360318489077,
                67.55485535552337
              ],
              [
                14.539860743374948,
                67.24637605089627
              ],
              [
                15.735554708004639,
                67.17575074157182
              ],
              [
                14.580832478178568,
                67.19527435222453
              ],
              [
                13.551387792114532,
                66.92846678498728
              ],
              [
                13.86416626090245,
                66.71943662827118
              ],
              [
                13.229026786955266,
                66.71027376050414
              ],
              [
                13.028401384481324,
                66.18894957349143
              ],
              [
                14.138262743958109,
                66.32023619868797
              ],
              [
                12.673748970820142,
                66.06443784750263
              ],
              [
                12.390415210121297,
                65.14068604128326
              ],
              [
                12.939234736813074,
                65.32088469387926
              ],
              [
                11.301805497104748,
                64.88513182572697
              ],
              [
                11.292499539378163,
                64.75054933082357
              ],
              [
                11.876415246839084,
                64.85674287066739
              ],
              [
                11.258888226657898,
                64.33360292007433
              ],
              [
                10.936527260213449,
                64.57332610540325
              ],
              [
                9.545276630381018,
                63.76610945679432
              ],
              [
                10.094581602149319,
                63.75964737329902
              ],
              [
                9.789165491185553,
                63.66249846617448
              ],
              [
                10.092777259439664,
                63.50222013494968
              ],
              [
                11.357637410697496,
                64.10846709022692
              ],
              [
                11.104513169275751,
                63.849300395199364
              ],
              [
                11.459929464969381,
                63.798259749792294
              ],
              [
                10.72055433684788,
                63.604995737272105
              ],
              [
                10.911804211071068,
                63.45804978205672
              ],
              [
                10.045901282922987,
                63.383537311642215
              ],
              [
                9.534582127067502,
                63.60457994014938
              ],
              [
                9.152811068885917,
                63.4857597179603
              ],
              [
                9.418054596275788,
                63.37471772814773
              ],
              [
                8.672222146581337,
                63.41388701726767
              ],
              [
                8.479722016093596,
                63.29180147136147
              ],
              [
                8.940137847993991,
                63.20791242739618
              ],
              [
                8.160970702938855,
                63.11804960990848
              ],
              [
                8.531769750006578,
                62.84721756012919
              ],
              [
                8.098054868477877,
                63.10374831820163
              ],
              [
                7.880902304671952,
                63.00256346894956
              ],
              [
                8.548332219250657,
                62.65388490624042
              ],
              [
                8.010971077904841,
                62.96694185069907
              ],
              [
                7.265138628210391,
                63.011383052444046
              ],
              [
                6.954582699573439,
                62.72402573835875
              ],
              [
                8.137984284293129,
                62.69364165397677
              ],
              [
                6.297638421876496,
                62.59972001390534
              ],
              [
                6.784124849516164,
                62.25878906015333
              ],
              [
                6.69483280455923,
                62.40866088758007
              ],
              [
                6.0163884087136275,
                62.29568861576173
              ],
              [
                6.268263323026403,
                62.07312012021565
              ],
              [
                5.45555497778259,
                62.18416594279499
              ],
              [
                5.468888282947589,
                62.00680160187075
              ],
              [
                5.080138221048859,
                62.17666243075209
              ],
              [
                5.15458297925036,
                61.89249800496337
              ],
              [
                6.763610836443199,
                61.86804963743978
              ],
              [
                5.359582884916854,
                61.90457915683784
              ],
              [
                4.9974994720629375,
                61.62777708887329
              ],
              [
                5.55213833887651,
                61.459232331443516
              ],
              [
                4.949444280968876,
                61.41041182586882
              ],
              [
                5.461971764943296,
                61.35656358201297
              ],
              [
                4.95249938323569,
                61.25610734559606
              ],
              [
                5.115833281305097,
                61.14166259446993
              ],
              [
                6.428472045012228,
                61.11319349974144
              ],
              [
                6.712637903249128,
                61.39478683589167
              ],
              [
                6.5790276535173255,
                61.211666105136274
              ],
              [
                6.961249352155939,
                61.10985566317413
              ],
              [
                7.562464697670418,
                61.47034073485378
              ],
              [
                7.313055026689462,
                61.12360383630627
              ],
              [
                5.012290970768664,
                61.04027174368247
              ],
              [
                5.436943526907207,
                60.65985868509807
              ],
              [
                4.931110376608654,
                60.80054855835354
              ],
              [
                5.198610319613401,
                60.57749937965329
              ],
              [
                5.71999931522792,
                60.674438491190486
              ],
              [
                5.607221585359458,
                60.41499328177738
              ],
              [
                5.285554891708475,
                60.52165983924182
              ],
              [
                5.144929904484449,
                60.36103822374446
              ],
              [
                5.4111108724264305,
                60.1297149533057
              ],
              [
                5.633333218803585,
                60.311943036550986
              ],
              [
                5.747221947743817,
                59.986663824713915
              ],
              [
                6.22131870514114,
                60.40735628104926
              ],
              [
                6.664027231976593,
                60.4316634943541
              ],
              [
                6.521943586634048,
                60.08346557608431
              ],
              [
                6.564722064465908,
                60.428886403180236
              ],
              [
                5.698332800800539,
                59.83277130879709
              ],
              [
                6.303645141707229,
                59.8444747976425
              ],
              [
                5.178888334244036,
                59.50680161821852
              ],
              [
                5.485554701472349,
                59.27638245487539
              ],
              [
                6.145555010591689,
                59.479301439187466
              ],
              [
                6.036388405175941,
                58.90450667134796
              ],
              [
                6.617082614091331,
                59.05346680357516
              ],
              [
                5.551943796926633,
                58.967498773996255
              ],
              [
                5.623332484990925,
                58.55763245134847
              ],
              [
                7.007916462240857,
                57.987915054184114
              ],
              [
                8.127498608696555,
                58.098884569861326
              ],
              [
                9.693054218556671,
                58.983055122604824
              ],
              [
                9.551595701346404,
                59.114021305270185
              ],
              [
                10.23110963269595,
                59.03860472776005
              ],
              [
                10.515693649659347,
                59.306243889242765
              ],
              [
                10.230901734134587,
                59.72909163809386
              ],
              [
                10.513053879937466,
                59.524993903782196
              ],
              [
                10.741179461442467,
                59.89034271778287
              ],
              [
                10.764720934403698,
                59.22027585966386
              ],
              [
                11.432776441692464,
                58.99513627447929
              ],
              [
                11.113332752770237,
                59.00360870221964
              ],
              [
                11.201387394781499,
                58.39943693850406
              ],
              [
                11.798053749428185,
                58.318328857194224
              ],
              [
                11.701873796715901,
                57.699924481855206
              ],
              [
                12.917221066631555,
                56.57860566618804
              ],
              [
                12.624304769561359,
                56.418331129015186
              ],
              [
                12.799234374428718,
                56.22589874945527
              ],
              [
                12.460068700137125,
                56.296661380231704
              ],
              [
                12.982221616498904,
                55.4005508298325
              ],
              [
                14.1935463008985,
                55.38614655671536
              ],
              [
                14.330275532343347,
                55.93694305548088
              ],
              [
                14.71722221940282,
                56.161659255438806
              ],
              [
                15.865554801154126,
                56.092216490165896
              ],
              [
                16.3749961722942,
                56.72083282735311
              ],
              [
                16.711387620308308,
                57.70263672571244
              ],
              [
                16.419233308244582,
                57.88909149898318
              ],
              [
                16.763608951455765,
                57.88124083118613
              ],
              [
                16.933608998815068,
                58.488327007527545
              ],
              [
                16.193607348827914,
                58.627494807796054
              ],
              [
                17.349998458222817,
                58.75222016213896
              ],
              [
                17.66624832969288,
                59.167354564644995
              ],
              [
                17.894721996107602,
                58.858886719603404
              ],
              [
                18.643156042715457,
                59.32186887921992
              ],
              [
                17.370553973578428,
                59.248050681598876
              ],
              [
                16.836734773309317,
                59.489646928435675
              ],
              [
                16.03246308331596,
                59.49016570696868
              ],
              [
                16.558609007074455,
                59.60985565749687
              ],
              [
                17.731386201012214,
                59.444854738169795
              ],
              [
                17.591039650744115,
                59.80305098993366
              ],
              [
                18.091388692511714,
                59.33444213511925
              ],
              [
                18.953609454519917,
                59.71999357892864
              ],
              [
                18.816387189894638,
                60.096382154970996
              ],
              [
                17.960969937343126,
                60.59207914703089
              ],
              [
                17.377098093768616,
                60.618988034678765
              ],
              [
                17.15249823183246,
                60.942775719518615
              ],
              [
                17.330831527168957,
                62.48777387828233
              ],
              [
                17.839441304063584,
                62.48555373844995
              ],
              [
                18.382221203331117,
                63.05166624424695
              ],
              [
                20.774024968428034,
                63.86708067769227
              ],
              [
                21.58499908349378,
                64.4397125261973
              ],
              [
                21.042221081252226,
                64.84484863392407
              ],
              [
                22.0797195330375,
                65.6072082449505
              ],
              [
                22.422428116276198,
                65.54679869152619
              ],
              [
                22.368192685546564,
                65.85915373637266
              ],
              [
                23.07735825567615,
                65.7008285676098
              ],
              [
                24.53860856340815,
                65.79527281898102
              ],
              [
                25.303749098375217,
                65.51513670850112
              ],
              [
                25.36194420304508,
                64.82943727230102
              ],
              [
                24.539581311872357,
                64.79915620804415
              ],
              [
                23.318885822429547,
                63.89665984233696
              ],
              [
                22.288192738412125,
                63.525691998671924
              ],
              [
                22.33999823372204,
                63.27652359842364
              ],
              [
                21.53846933357566,
                63.23027418248742
              ],
              [
                21.105623251230487,
                62.767353076135564
              ],
              [
                21.60333252327621,
                61.54471588381631
              ],
              [
                21.42416380092749,
                60.57929992831099
              ],
              [
                22.626594530671266,
                60.3804435606346
              ],
              [
                22.565473553790053,
                60.2119369372985
              ],
              [
                23.084650036390922,
                60.34520339946515
              ],
              [
                22.874443065416028,
                60.14555357163697
              ],
              [
                23.109231931314543,
                59.925651559035735
              ],
              [
                23.335693356458247,
                60.023952502936886
              ],
              [
                22.900276184474595,
                59.80680082957173
              ],
              [
                25.921663266715367,
                60.24374390730911
              ],
              [
                26.652358997690744,
                60.64638519358472
              ],
              [
                26.56361008288602,
                60.42805480893479
              ],
              [
                28.676731091691774,
                60.735824587130956
              ],
              [
                28.598329563161233,
                60.387214665790395
              ],
              [
                30.21805192366759,
                59.8969383286782
              ],
              [
                29.1945781849444,
                60.006801607206
              ],
              [
                28.36680222692789,
                59.66123962589131
              ],
              [
                28.07458113180674,
                59.794578562193315
              ],
              [
                27.8879127688967,
                59.4085998616757
              ],
              [
                25.7724971716676,
                59.636520370800895
              ],
              [
                23.505273812642866,
                59.22679520237187
              ],
              [
                23.72860719680661,
                58.37082672827163
              ],
              [
                24.554510132030064,
                58.32471467250221
              ],
              [
                24.404163351241916,
                57.25124357523072
              ],
              [
                23.65527343767688,
                56.96589277262369
              ],
              [
                22.606904988317627,
                57.74905776442752
              ],
              [
                21.70582961121308,
                57.55971525303909
              ],
              [
                20.96860505239979,
                56.36360932405344
              ],
              [
                21.22249604075036,
                54.93193818096613
              ],
              [
                20.53169821173009,
                54.96436311686807
              ],
              [
                21.092008605498375,
                55.71401594459515
              ],
              [
                20.696939472634252,
                55.07818986338805
              ],
              [
                19.94117547250315,
                54.92776871143856
              ],
              [
                20.39728927534635,
                54.67506409990631
              ],
              [
                19.371109022558674,
                54.268600461142455
              ],
              [
                19.836383834857745,
                54.59999847220229
              ],
              [
                18.84374811173291,
                54.3518028204182
              ],
              [
                18.406108864176087,
                54.73818969123981
              ],
              [
                18.774719246556753,
                54.66638183786381
              ],
              [
                18.043331139813887,
                54.834026320964725
              ],
              [
                14.376387588112763,
                53.91222001167375
              ],
              [
                13.768470746681476,
                54.16582869158681
              ],
              [
                13.829189283051448,
                53.85950471819028
              ],
              [
                14.553471556340291,
                53.85777281090117
              ],
              [
                14.524999635430241,
                53.660552995922345
              ],
              [
                13.023887624095991,
                54.399719257612084
              ],
              [
                12.451596272396781,
                54.24971769683728
              ],
              [
                12.680776600346057,
                54.44494245992334
              ],
              [
                11.412776948522758,
                53.919715896897934
              ],
              [
                10.818534838217857,
                53.890052798532395
              ],
              [
                11.07388878203151,
                54.376388548108594
              ],
              [
                10.690553684002538,
                54.309299450068096
              ],
              [
                10.004304884564881,
                54.52373504680924
              ],
              [
                9.9358329707302,
                54.78194428572486
              ],
              [
                9.439442635032428,
                54.807979573552046
              ],
              [
                9.766110431171246,
                54.896385204084226
              ],
              [
                9.461525914452928,
                55.12214658792689
              ],
              [
                9.646110529826991,
                55.68971635810904
              ],
              [
                9.992776889979933,
                55.70499419233205
              ],
              [
                10.239366535056199,
                56.17260741822607
              ],
              [
                10.744998949034333,
                56.16388702208991
              ],
              [
                10.961943614278894,
                56.44221878986016
              ],
              [
                9.866388308431315,
                56.65027619811205
              ],
              [
                10.305276883097111,
                56.74805449199861
              ],
              [
                9.974273685729795,
                57.07173156860945
              ],
              [
                9.178199780572815,
                56.9160308772162
              ],
              [
                9.352915757086055,
                56.568466178475205
              ],
              [
                9.062915808382503,
                56.56575776738474
              ],
              [
                9.072783479372927,
                56.80761336477323
              ],
              [
                8.643540391369129,
                56.474296570007965
              ],
              [
                8.220727911715311,
                56.70742418315638
              ],
              [
                8.10555458646883,
                56.118049609224464
              ],
              [
                8.395692824494766,
                55.89471816080152
              ],
              [
                8.0929155540973,
                55.556205760313354
              ],
              [
                8.618193607827848,
                55.43110657570816
              ],
              [
                8.689443580706786,
                55.16027069316209
              ],
              [
                8.290832506765963,
                54.742805465165034
              ],
              [
                8.651318546316006,
                54.8067283494171
              ],
              [
                9.011248602394968,
                54.503467569683906
              ],
              [
                8.6004848315999,
                54.32638166571558
              ],
              [
                8.906804081788888,
                53.93471525545021
              ],
              [
                9.829060566959104,
                53.541698472406374
              ],
              [
                9.28340148554819,
                53.85554887701683
              ],
              [
                8.659026162868322,
                53.892635347756375
              ],
              [
                8.246249182931837,
                53.401802059302696
              ],
              [
                8.014305120420186,
                53.70833207294943
              ],
              [
                7.295832624693617,
                53.685272212297946
              ],
              [
                7.014999879816479,
                53.40985868992031
              ],
              [
                7.200485698674971,
                53.24040986410975
              ],
              [
                6.741944322015819,
                53.46582792496505
              ],
              [
                5.9816665614993845,
                53.398887646676855
              ],
              [
                4.738818647974885,
                52.95666123544376
              ],
              [
                4.582013616458198,
                52.47708129867107
              ],
              [
                5.016400819479749,
                52.408538807727005
              ],
              [
                5.3698606619520675,
                53.07041167506161
              ],
              [
                5.878054603009151,
                52.50943755448961
              ],
              [
                5.422499648533414,
                52.24901963532711
              ],
              [
                4.5743713505151185,
                52.454471575184
              ],
              [
                4.0180549707287625,
                51.97905731388692
              ],
              [
                4.167754168791422,
                51.685569779708175
              ],
              [
                3.6889579360369105,
                51.71013642099434
              ],
              [
                4.28361081053847,
                51.44805144185935
              ],
              [
                3.457430135225774,
                51.54888534130532
              ],
              [
                4.320626742883455,
                51.272758498444816
              ],
              [
                3.5288884712438673,
                51.411663037965226
              ],
              [
                1.7395831380898574,
                50.94527436169801
              ],
              [
                1.438749893457798,
                50.100830088130756
              ],
              [
                0.21111109535809547,
                49.7188834969739
              ],
              [
                0.11319443471952795,
                49.48777389360407
              ],
              [
                0.48819438774532564,
                49.486248026565164
              ],
              [
                -0.07333331597917692,
                49.30554960441075
              ],
              [
                -1.1095834859555183,
                49.36943818733593
              ],
              [
                -1.264166829047186,
                49.68416594710422
              ],
              [
                -1.9420834645224918,
                49.72159194677918
              ],
              [
                -1.3688890897425026,
                48.64360809570756
              ],
              [
                -2.3072223667913807,
                48.67610929979682
              ],
              [
                -2.685277925376596,
                48.50166320426519
              ],
              [
                -3.2261113985601337,
                48.86957931385239
              ],
              [
                -4.776667107860556,
                48.51110458641779
              ],
              [
                -4.76062535289028,
                48.33499526368044
              ],
              [
                -4.192153450068119,
                48.29936981266318
              ],
              [
                -4.72223806433662,
                48.03917694272549
              ],
              [
                -4.344306006014115,
                47.84576035511586
              ],
              [
                -2.7002780582251873,
                47.63707731543908
              ],
              [
                -2.831875331104472,
                47.497283922460504
              ],
              [
                -2.3670835635633356,
                47.50152586612343
              ],
              [
                -2.539652842249952,
                47.29805372452183
              ],
              [
                -1.735000004894097,
                47.20867538424026
              ],
              [
                -2.123389012419782,
                47.24960708792425
              ],
              [
                -2.12541701062087,
                46.83097077546114
              ],
              [
                -1.7863891223590525,
                46.48832703953907
              ],
              [
                -1.1146345305558558,
                46.316581728279175
              ],
              [
                -1.2388582183143768,
                45.70621489715353
              ],
              [
                -0.7815278798112733,
                45.46652221909953
              ],
              [
                -0.539930587674446,
                44.895622239168816
              ],
              [
                -1.064097293899879,
                45.56916046125516
              ],
              [
                -1.2475001782335298,
                44.75777434311865
              ],
              [
                -1.0406250817442881,
                44.67492676641578
              ],
              [
                -1.5901389199443479,
                43.4376334998168
              ],
              [
                -2.1633336431576797,
                43.291107174490904
              ],
              [
                -3.585556048277388,
                43.51027678020502
              ],
              [
                -4.647083740989373,
                43.407634743997434
              ],
              [
                -5.854166985018653,
                43.648048408067865
              ],
              [
                -7.044818886885292,
                43.49040221974621
              ],
              [
                -7.898056030724057,
                43.76416014173686
              ],
              [
                -8.32972336306964,
                43.403884904359366
              ],
              [
                -9.208195675635459,
                43.1551323012338
              ],
              [
                -9.029375076911275,
                42.52416229681418
              ],
              [
                -8.720497125824895,
                42.69849015729807
              ],
              [
                -8.880834574573573,
                41.751663198074915
              ],
              [
                -8.645544042090677,
                41.01857756279945
              ],
              [
                -9.490834234385257,
                38.793884287347794
              ],
              [
                -9.118473044496126,
                38.717220318469494
              ],
              [
                -8.994306577235498,
                38.940620408261026
              ],
              [
                -8.919746410167809,
                38.7658920430067
              ],
              [
                -9.274236686180018,
                38.66874313588217
              ],
              [
                -9.1838893914862,
                38.41971588985263
              ],
              [
                -8.673334117663163,
                38.413887025886126
              ],
              [
                -8.989236833379083,
                37.026313800271225
              ],
              [
                -6.978721623713234,
                37.21260833291897
              ],
              [
                -6.355556487463463,
                36.860832197789975
              ],
              [
                -6.044167028840267,
                36.186107637600124
              ],
              [
                -5.6136112375738785,
                36.00610352695399
              ],
              [
                -4.399861805539892,
                36.72145460193413
              ],
              [
                -2.1229169239547456,
                36.73346711244001
              ],
              [
                -1.643611204223042,
                37.37277222314799
              ],
              [
                -0.723472303337898,
                37.60221863802691
              ],
              [
                -0.5116667588998371,
                38.32499695686264
              ],
              [
                0.20722219210132842,
                38.732208256151075
              ],
              [
                -0.326111137228283,
                39.49472044226696
              ],
              [
                0.8852777363360698,
                40.70277403444186
              ],
              [
                0.7036110179212827,
                40.79687116877374
              ],
              [
                3.2016663563710495,
                41.89277649527184
              ],
              [
                3.0036110756651873,
                42.881103530391144
              ],
              [
                3.258055221305277,
                43.22749327318451
              ],
              [
                4.056249614358521,
                43.562774651282425
              ],
              [
                4.652777679682824,
                43.35971830680355
              ],
              [
                5.024166121107751,
                43.55263520228441
              ],
              [
                5.229027272874074,
                43.49319077050558
              ],
              [
                5.09638880373608,
                43.33693696053763
              ],
              [
                5.816526888272133,
                43.11763762147544
              ],
              [
                6.599444376257946,
                43.192497247644084
              ],
              [
                8.747220991227945,
                44.428050980135225
              ],
              [
                10.111804004145164,
                44.00374983838057
              ],
              [
                10.5888881515963,
                42.95749665041744
              ],
              [
                12.576110824567131,
                41.50721742464371
              ],
              [
                13.029582960662474,
                41.260135636827776
              ],
              [
                13.712221138940023,
                41.251110090512725
              ],
              [
                14.401943199370987,
                40.599998470834244
              ],
              [
                14.830762863433328,
                40.631519299640566
              ],
              [
                14.94194411043868,
                40.23416138557548
              ],
              [
                15.663748751654616,
                40.03305053802502
              ],
              [
                16.221107489144156,
                38.86860655334964
              ],
              [
                15.829026210911643,
                38.627979260925095
              ],
              [
                15.635137573551788,
                38.00458144863178
              ],
              [
                16.057287216842646,
                37.92423248743204
              ],
              [
                16.569166188935988,
                38.42833326586369
              ],
              [
                16.594997410968578,
                38.80082701528245
              ],
              [
                17.1691665473832,
                38.96333311315837
              ],
              [
                17.145553606871825,
                39.396385197038924
              ],
              [
                16.490554826103295,
                39.749160755140274
              ],
              [
                16.919303913056257,
                40.45055006734896
              ],
              [
                17.857219689530513,
                40.28443907810569
              ],
              [
                18.349441523571116,
                39.791938768394346
              ],
              [
                18.512496945969787,
                40.134719864483216
              ],
              [
                18.01263811120106,
                40.6430511657071
              ],
              [
                15.984999648182875,
                41.43971632353245
              ],
              [
                16.145553590182047,
                41.9111747823709
              ],
              [
                14.736526471908665,
                42.087909697818304
              ],
              [
                14.01666639846556,
                42.66999818211338
              ],
              [
                13.599443447786381,
                43.569999687654594
              ],
              [
                12.422359462869071,
                44.18930433732247
              ],
              [
                12.247637756563076,
                44.72388459344246
              ],
              [
                12.538053502389356,
                44.96061705924341
              ],
              [
                12.154225332465131,
                45.301963810118146
              ],
              [
                12.489651697548577,
                45.56749343999749
              ],
              [
                12.418262467476861,
                45.44117353853227
              ],
              [
                13.579472526150806,
                45.78195954401356
              ],
              [
                13.839165703959726,
                44.87638473100557
              ],
              [
                14.32305432873795,
                45.35096739805721
              ],
              [
                14.831526745465776,
                45.11541368225585
              ],
              [
                14.926387800544926,
                44.65499877951103
              ],
              [
                15.522290234444345,
                44.26325606234353
              ],
              [
                15.151666642922265,
                44.196388258190694
              ],
              [
                15.988332761542637,
                43.50444028941978
              ],
              [
                16.881664285027185,
                43.403606428688626
              ],
              [
                17.65735816908902,
                42.88082884877236
              ],
              [
                17.012359618840538,
                43.006244643141954
              ],
              [
                18.678609832239033,
                42.46055222827456
              ],
              [
                19.597705833413567,
                41.806106566080736
              ],
              [
                19.3072090187628,
                40.64530943963314
              ],
              [
                19.479442601280784,
                40.354858385894765
              ],
              [
                19.289789209920702,
                40.42145158585845
              ],
              [
                19.857290261304637,
                40.043468462693774
              ],
              [
                20.295831680216292,
                39.321800213774246
              ],
              [
                21.14430426909235,
                39.00874326931559
              ],
              [
                20.732774719238858,
                38.80443953346853
              ],
              [
                21.164165511654492,
                38.3000640734181
              ],
              [
                21.947776807855977,
                38.40943908068782
              ],
              [
                23.22464943090488,
                38.15339659387345
              ],
              [
                22.862775813638304,
                37.93957900173845
              ],
              [
                21.85360909641471,
                38.33958051829219
              ],
              [
                21.17416380643375,
                37.8261108318433
              ],
              [
                21.65972138821044,
                37.42388154863846
              ],
              [
                21.703607574354724,
                36.816665638948976
              ],
              [
                21.87513542449373,
                36.72353745902934
              ],
              [
                22.152463897810033,
                37.01853560660953
              ],
              [
                22.488887788839858,
                36.386108415234396
              ],
              [
                22.63249780451393,
                36.80360794455834
              ],
              [
                23.137775435919185,
                36.42624665876659
              ],
              [
                22.725551613272227,
                37.563400259998254
              ],
              [
                23.51708221863935,
                37.432704926184904
              ],
              [
                23.103611004624216,
                37.84165955363314
              ],
              [
                23.511663422002815,
                38.03930283126824
              ],
              [
                24.033956524712952,
                37.65284348631126
              ],
              [
                24.074026126876564,
                38.19499589584275
              ],
              [
                22.523851410079377,
                38.866069803752865
              ],
              [
                23.072776783077817,
                39.03694151519207
              ],
              [
                22.823608382829523,
                39.21221924368396
              ],
              [
                22.940830225129513,
                39.35936736766796
              ],
              [
                23.221525183976876,
                39.18228912923318
              ],
              [
                23.0841655591848,
                39.0857582267148
              ],
              [
                23.343677512940513,
                39.1818008579751
              ],
              [
                22.568885800233506,
                40.05722046859269
              ],
              [
                22.704441082315935,
                40.5183258113642
              ],
              [
                22.944927220521723,
                40.62652206863432
              ],
              [
                22.843608843869628,
                40.47499847358738
              ],
              [
                23.379444118176526,
                39.992774973040845
              ],
              [
                23.746664057944283,
                39.92527391064439
              ],
              [
                23.401039126338947,
                40.279857644222176
              ],
              [
                23.988538741737006,
                39.952632896741875
              ],
              [
                23.72972106077476,
                40.35124970047545
              ],
              [
                24.394094479353274,
                40.14801790045093
              ],
              [
                23.882982254188757,
                40.400272374818755
              ],
              [
                23.722011547196463,
                40.744647979315125
              ],
              [
                25.14180374589274,
                41.010337811102644
              ],
              [
                26.022777538858055,
                40.82971952861714
              ],
              [
                26.118608477505038,
                40.59512710169448
              ],
              [
                26.792913446520206,
                40.65068816643522
              ],
              [
                26.21159364489475,
                40.32214738621816
              ],
              [
                26.217912677145325,
                40.05290605079441
              ],
              [
                27.505342482055756,
                40.981307970980716
              ],
              [
                29.036247247673987,
                41.054576882793825
              ],
              [
                29.088882440203374,
                41.24624251542492
              ],
              [
                28.090549483486082,
                41.63138578893032
              ],
              [
                28.00055313859836,
                42.037075053946616
              ],
              [
                27.44957924854641,
                42.47298049718835
              ],
              [
                27.894094479695287,
                42.70305250477735
              ],
              [
                28.1272201571029,
                43.39498518119598
              ],
              [
                28.592494969401972,
                43.50332259268486
              ],
              [
                28.869194017241437,
                44.94050978402625
              ],
              [
                29.60832597760429,
                44.84540939395523
              ],
              [
                29.636104593591273,
                45.82068252873586
              ],
              [
                29.74263189386294,
                45.62401199956497
              ],
              [
                30.246242504010528,
                45.873596196935985
              ],
              [
                30.83277130668517,
                46.548324589892616
              ],
              [
                31.908187862170262,
                46.65359114218462
              ],
              [
                31.75152204913154,
                47.25235367182318
              ],
              [
                32.013603195499755,
                46.63429261947152
              ],
              [
                32.641620653199865,
                46.64228057000574
              ],
              [
                32.34804535253349,
                46.459156045198384
              ],
              [
                31.51450921063387,
                46.57909392540758
              ],
              [
                32.007003790552474,
                46.44804001496939
              ],
              [
                31.790134425624824,
                46.284160625144004
              ],
              [
                32.500408168644626,
                46.076244371110874
              ],
              [
                33.6140174707335,
                46.14262769805758
              ],
              [
                33.62304688853014,
                45.87747956397408
              ],
              [
                32.48109818634602,
                45.39402009293006
              ],
              [
                33.54624176543308,
                45.10846328878765
              ],
              [
                33.36905288005447,
                44.58436204931589
              ],
              [
                33.93027496902229,
                44.37915037360645
              ],
              [
                35.52658462204508,
                45.11845778951495
              ],
              [
                36.453460675192474,
                45.077278156149966
              ],
              [
                36.63679503430198,
                45.37790679298001
              ],
              [
                35.45790480964904,
                45.29846573292785
              ],
              [
                34.73346330232242,
                46.10818482980669
              ],
              [
                35.33859252214992,
                45.28610993814941
              ],
              [
                35.13304139493469,
                45.32499695754666
              ],
              [
                34.35832215636306,
                46.016162887036465
              ],
              [
                33.68164063965928,
                46.221656793753795
              ],
              [
                34.18331910948994,
                46.27443314050194
              ],
              [
                34.5663833586669,
                45.98596192373368
              ],
              [
                35.198043841828024,
                46.443313594100346
              ],
              [
                35.334297190755876,
                46.32165909895432
              ],
              [
                34.9967231599754,
                46.074226361332286
              ],
              [
                35.90720368216486,
                46.651092526681495
              ],
              [
                39.25151824475108,
                47.2631835995627
              ],
              [
                39.27957154235685,
                47.01721192037777
              ],
              [
                38.41033170679705,
                46.8269348333336
              ],
              [
                38.584949502537185,
                46.65721128718943
              ],
              [
                37.737483963452206,
                46.66710663927322
              ],
              [
                38.5708541736509,
                46.091129288667354
              ],
              [
                37.92749024035919,
                46.01165772134026
              ],
              [
                37.59136964119709,
                45.62747956948034
              ],
              [
                37.73463439814299,
                45.29881284996718
              ],
              [
                37.11040878565619,
                45.23442840767999
              ],
              [
                36.82770158553781,
                45.4356803707344
              ],
              [
                36.669811261587114,
                45.33255769008746
              ],
              [
                36.96234513370588,
                45.27902222322923
              ],
              [
                36.580440509409456,
                45.192695617025485
              ],
              [
                41.440822616710605,
                42.7298507841962
              ],
              [
                41.77609253522303,
                41.84192655904787
              ],
              [
                41.38495253030939,
                41.373710620899985
              ],
              [
                40.12859345575566,
                40.916381830989515
              ],
              [
                39.35359953556524,
                41.076377853776805
              ],
              [
                38.355823530189426,
                40.91027069730031
              ],
              [
                36.809997571232216,
                41.35555267537801
              ],
              [
                36.43151854999073,
                41.24207687866413
              ],
              [
                36.05610276112739,
                41.688743608276795
              ],
              [
                35.286651602414,
                41.713050860296455
              ],
              [
                34.97888182421784,
                42.09194184589389
              ],
              [
                34.71554565966271,
                41.94248960964183
              ],
              [
                33.338600154303904,
                42.01985168408038
              ],
              [
                32.277496350111164,
                41.719436636889625
              ],
              [
                31.23346899305835,
                41.08929826543027
              ],
              [
                29.15999985355268,
                41.224575033127145
              ],
              [
                29.129440313625064,
                40.91444396087984
              ],
              [
                29.933954242221485,
                40.72220991732175
              ],
              [
                28.805830020071642,
                40.55811689914225
              ],
              [
                29.05576133448199,
                40.366798383550474
              ],
              [
                27.953193652745956,
                40.35693357745643
              ],
              [
                27.754857999343375,
                40.52972031726394
              ],
              [
                27.78013420577528,
                40.31513214543334
              ],
              [
                26.70430185316746,
                40.37887953542494
              ],
              [
                26.174720763794507,
                39.97943876426466
              ],
              [
                26.070543297988475,
                39.4826622095635
              ],
              [
                26.95180129641729,
                39.55082703747849
              ],
              [
                26.644721996962627,
                39.26305388755565
              ],
              [
                27.062980646396657,
                38.8731841931812
              ],
              [
                26.733745593386136,
                38.64193726835939
              ],
              [
                27.15645218801848,
                38.4528045525583
              ],
              [
                26.691801071403493,
                38.310855867063964
              ],
              [
                26.398330687888194,
                38.66693879317251
              ],
              [
                26.50985719362171,
                38.42547990650252
              ],
              [
                26.27582930614444,
                38.26443482834888
              ],
              [
                27.26832960484327,
                37.953598023722606
              ],
              [
                27.19492530731898,
                37.35234833816643
              ],
              [
                27.59527587665283,
                37.232490520196514
              ],
              [
                27.254999164574652,
                36.96499634569933
              ],
              [
                28.324787127835865,
                37.03818511784353
              ],
              [
                27.475276943178972,
                36.64999390431226
              ],
              [
                28.12013627494949,
                36.797077180979635
              ],
              [
                27.983886720073603,
                36.552772523052376
              ],
              [
                28.456386568744843,
                36.880828864778124
              ],
              [
                29.687492356037676,
                36.13805387895425
              ],
              [
                30.40485764674443,
                36.204921721821904
              ],
              [
                30.616525637441615,
                36.843605033871775
              ],
              [
                31.04666137295553,
                36.849151628115585
              ],
              [
                32.77165984831342,
                36.02888487321992
              ],
              [
                33.98860166535138,
                36.277771003745514
              ],
              [
                34.659431476347265,
                36.80527496581601
              ],
              [
                35.34707261542381,
                36.54499053533873
              ],
              [
                36.01120375668445,
                36.92319108090947
              ],
              [
                36.217281327966234,
                36.654781339731166
              ],
              [
                35.785545354252065,
                36.314846053614374
              ],
              [
                35.92243959276159,
                35.92699433640603
              ],
              [
                35.952030567197596,
                35.91835224302783
              ],
              [
                36.103483832684205,
                35.864031715740516
              ],
              [
                36.113775731947875,
                35.859462198474844
              ],
              [
                36.13254427731564,
                35.84703054190916
              ],
              [
                36.15587615204219,
                35.818443309527844
              ],
              [
                36.201285520182715,
                35.930717333149055
              ],
              [
                36.22360612086146,
                35.962219226738476
              ],
              [
                36.37496946637695,
                35.997913362629376
              ],
              [
                36.377209489284695,
                36.0063757359519
              ],
              [
                36.38186012232249,
                36.082768350889616
              ],
              [
                36.39221951930309,
                36.21332549073554
              ],
              [
                36.523120880305406,
                36.23459487927962
              ],
              [
                36.547316513599625,
                36.233263642644175
              ],
              [
                36.68311690638856,
                36.23273467428159
              ],
              [
                36.68495486610876,
                36.246754661156146
              ],
              [
                36.57367527644758,
                36.41159382825362
              ],
              [
                36.58562980488871,
                36.61699654458958
              ],
              [
                36.58638764862256,
                36.61971284386271
              ],
              [
                36.58697075260758,
                36.62120880008924
              ],
              [
                36.66670991573863,
                36.83428571675616
              ],
              [
                36.70276642010315,
                36.82942964483435
              ],
              [
                36.76232057784796,
                36.816172853297644
              ],
              [
                36.93360138406093,
                36.77804563831096
              ],
              [
                36.949754307493336,
                36.771956766293414
              ],
              [
                37.19327064476013,
                36.65813713084065
              ],
              [
                37.67619448027471,
                36.718944878465805
              ],
              [
                37.93926815393189,
                36.79896911432511
              ],
              [
                38.03674590969814,
                36.83875201180144
              ],
              [
                38.07515194237995,
                36.86144095612169
              ],
              [
                38.22301999041382,
                36.91124385649627
              ],
              [
                38.30264900958427,
                36.9074357976537
              ],
              [
                38.455540305709086,
                36.8777989186189
              ],
              [
                38.534301268211564,
                36.84770370493917
              ],
              [
                38.66266144519368,
                36.741911184367424
              ],
              [
                38.75052848346135,
                36.70076400250567
              ],
              [
                38.90807560232491,
                36.69532777829137
              ],
              [
                38.978797065539034,
                36.69987111675329
              ],
              [
                39.07118704333765,
                36.703378324953405
              ],
              [
                39.08726056379595,
                36.69858150167593
              ],
              [
                39.147608922432575,
                36.677835300255076
              ],
              [
                39.272266916686334,
                36.670981865110285
              ],
              [
                39.38469402912509,
                36.689497429026225
              ],
              [
                39.51563574456394,
                36.7084800384454
              ],
              [
                39.66935915042964,
                36.731156728522784
              ],
              [
                39.9306934465355,
                36.788801357184546
              ],
              [
                39.97104996021243,
                36.80231269907424
              ],
              [
                40.21807173680521,
                36.8975628397568
              ],
              [
                40.270251451139536,
                36.92315449501481
              ],
              [
                40.431926076436056,
                37.00849973243609
              ],
              [
                40.76843565514951,
                37.11739797371203
              ],
              [
                40.770820591032674,
                37.11804963648736
              ],
              [
                40.87374949974911,
                37.12683639090149
              ],
              [
                40.90361242019234,
                37.12870464286366
              ],
              [
                41.32203662143747,
                37.07430306636717
              ],
              [
                41.42393055652529,
                37.07760478825025
              ],
              [
                41.46080353886183,
                37.07920542812619
              ],
              [
                41.64491475869695,
                37.100082028320244
              ],
              [
                42.078851155950744,
                37.205687274761246
              ],
              [
                42.177617176346246,
                37.28741272906316
              ],
              [
                42.18083190053414,
                37.29054261211615
              ],
              [
                42.3271455183645,
                37.2476313163077
              ],
              [
                42.35152052389005,
                37.23117063096913
              ],
              [
                42.35162527313102,
                37.229257166475534
              ],
              [
                42.58804321478919,
                37.175685892242434
              ],
              [
                42.65440931537439,
                37.26127862879755
              ],
              [
                42.80817407966945,
                37.368216221748064
              ],
              [
                43.00101380073367,
                37.33850767581713
              ],
              [
                43.70135766012455,
                37.22672917151847
              ],
              [
                43.905092903112134,
                37.226208982298495
              ],
              [
                43.92698258486152,
                37.241406548620546
              ],
              [
                43.94628387147831,
                37.26564991731167
              ],
              [
                44.02920237335164,
                37.32007042565164
              ],
              [
                44.052947404927586,
                37.32107015298103
              ],
              [
                44.08296481102404,
                37.31673889485309
              ],
              [
                44.10926914491211,
                37.31633069695754
              ],
              [
                44.26259610930267,
                37.163467412537635
              ],
              [
                44.23134759371398,
                37.154334368057306
              ],
              [
                44.230266572512214,
                37.154018416578204
              ],
              [
                44.21878075457488,
                37.134717850671905
              ],
              [
                44.19596482430065,
                37.09637834473166
              ],
              [
                44.50638907762955,
                37.107265625373905
              ],
              [
                44.73363189880834,
                37.17608220373995
              ],
              [
                44.75043708678692,
                37.17304941393261
              ],
              [
                44.7873382453441,
                37.14971165558611
              ],
              [
                44.818989236869506,
                37.28760770329797
              ],
              [
                44.818180081150885,
                37.29741669816592
              ],
              [
                44.730077089777836,
                37.371286871107074
              ],
              [
                44.595739068379324,
                37.44054175733379
              ],
              [
                44.58660842831501,
                37.52983334050592
              ],
              [
                44.611699047761064,
                37.70925184264788
              ],
              [
                44.60443128353727,
                37.73386564818471
              ],
              [
                44.300274900702455,
                37.87061007915588
              ],
              [
                44.308975751149326,
                38.073951996001355
              ],
              [
                44.36011634314919,
                38.15267200883493
              ],
              [
                44.420343150608005,
                38.24160577694761
              ],
              [
                44.474255278780404,
                38.319481550040635
              ],
              [
                44.44906669160554,
                38.38038885442617
              ],
              [
                44.38965435544757,
                38.44161912829543
              ],
              [
                44.321525556233325,
                38.509368911012466
              ],
              [
                44.31818672823046,
                38.519702346084536
              ],
              [
                44.16933769353567,
                38.98161958021669
              ],
              [
                44.21644974577045,
                39.13651654060356
              ],
              [
                44.074714654444115,
                39.33609771234921
              ],
              [
                44.07342094352515,
                39.33759415597648
              ],
              [
                44.03577056995942,
                39.38204079237444
              ],
              [
                44.187992403796,
                39.41638676105473
              ],
              [
                44.22552888713599,
                39.40998116006724
              ],
              [
                44.350835036105686,
                39.39918767255291
              ],
              [
                44.42126893286572,
                39.43277235846452
              ],
              [
                44.42582320840891,
                39.436443321570316
              ],
              [
                44.44934289648746,
                39.52869029525979
              ],
              [
                44.47318506110191,
                39.680900871196805
              ],
              [
                44.47108460610207,
                39.69886780739627
              ],
              [
                44.48789388276923,
                39.708691616758244
              ],
              [
                44.82211842661274,
                39.62942731123613
              ],
              [
                44.90648498180118,
                39.541970181506194
              ],
              [
                44.91703825558753,
                39.508845046491196
              ],
              [
                44.93490506199286,
                39.464858338868716
              ],
              [
                44.96438895948921,
                39.42659320807047
              ],
              [
                44.9780776476118,
                39.42006845108893
              ],
              [
                45.039483175291615,
                39.389950776378456
              ],
              [
                45.143250994138924,
                39.22174644956063
              ],
              [
                45.2009351680839,
                39.20159825370069
              ],
              [
                45.245763771177195,
                39.19156692774746
              ],
              [
                45.37528383253883,
                39.12381377009749
              ],
              [
                45.421096790572335,
                39.06082151879598
              ],
              [
                45.42225782851316,
                39.0475844177298
              ],
              [
                45.51083833091693,
                38.97324846066633
              ],
              [
                45.52473922459503,
                38.96900806523956
              ],
              [
                45.81728839556663,
                38.9084727830898
              ],
              [
                46.18419823151206,
                38.84394262808474
              ],
              [
                46.34577772476815,
                38.90864567241251
              ],
              [
                46.54037477014236,
                38.87558747150543
              ],
              [
                46.8763673023976,
                39.16751588506547
              ],
              [
                46.908737190554945,
                39.16790771059591
              ],
              [
                46.9222662972683,
                39.174936579307726
              ],
              [
                47.14368612019228,
                39.31848042361764
              ],
              [
                47.16457366098416,
                39.33527374976202
              ],
              [
                47.40903830486843,
                39.477503958464496
              ],
              [
                47.651553639680294,
                39.572093655179714
              ],
              [
                47.77700381023761,
                39.643574951440826
              ],
              [
                48.02393989221727,
                39.69274710087797
              ],
              [
                48.32243903476877,
                39.44035080680443
              ],
              [
                48.34896132097485,
                39.407169167986844
              ],
              [
                48.32734981859598,
                39.37458868464364
              ],
              [
                48.26972276394927,
                39.34810207987059
              ],
              [
                48.21817479511933,
                39.33874201718539
              ],
              [
                48.18968165536673,
                39.330867382545826
              ],
              [
                48.1310757929587,
                39.28640094096841
              ],
              [
                48.123874693965725,
                39.278182996444656
              ],
              [
                48.13035120686338,
                39.22142353944579
              ],
              [
                48.166214368413065,
                39.18659839820635
              ],
              [
                48.27235028321703,
                39.1265144399207
              ],
              [
                48.313142173691254,
                39.07865250004404
              ],
              [
                48.30922487205607,
                39.00457267183677
              ],
              [
                48.29944289192487,
                38.99707884303026
              ],
              [
                48.26771623538106,
                38.97923897982716
              ],
              [
                48.2613339594594,
                38.97721608267672
              ],
              [
                48.1903223240526,
                38.969432386758
              ],
              [
                48.01231237324327,
                38.897284851222025
              ],
              [
                48.01206969768037,
                38.89707185385929
              ],
              [
                48.01260606138251,
                38.88074282109188
              ],
              [
                48.12823385854837,
                38.75559476379738
              ],
              [
                48.38714346720199,
                38.61590319302944
              ],
              [
                48.42309994498407,
                38.62342463462654
              ],
              [
                48.432765952071996,
                38.624568945586475
              ],
              [
                48.59385130552849,
                38.425454025490914
              ],
              [
                48.64618934249747,
                38.392271233278464
              ],
              [
                48.697769889302585,
                38.40454501831644
              ],
              [
                48.78373716924564,
                38.44553754982386
              ],
              [
                48.80490316722924,
                38.447358090140355
              ],
              [
                48.87054484804993,
                38.44544485308783
              ],
              [
                48.88815018957459,
                38.44268718998313
              ],
              [
                48.875761501225675,
                38.51635890972258
              ],
              [
                48.88272440954029,
                38.851375943818624
              ],
              [
                48.89665471618232,
                38.92877389257861
              ],
              [
                49.00283432176228,
                39.188663480926266
              ],
              [
                49.12421035334049,
                39.10144806291102
              ],
              [
                49.125593156228994,
                39.08855746575726
              ],
              [
                49.12960958839698,
                39.07192710119401
              ],
              [
                49.133180407304636,
                39.047169246785096
              ],
              [
                49.11262080921207,
                39.02646641445187
              ],
              [
                49.10554128000047,
                39.01609809595663
              ],
              [
                49.19371032851189,
                39.09610366773704
              ],
              [
                49.22969781182451,
                39.2242817007731
              ],
              [
                49.28128699508966,
                39.44135569289647
              ],
              [
                49.31916047332093,
                39.62450028642305
              ],
              [
                49.410978624215474,
                39.793012993955124
              ],
              [
                49.453757796741186,
                40.016903038719576
              ],
              [
                49.42644883257534,
                40.05144499705243
              ],
              [
                49.465312754036,
                40.11131178576723
              ],
              [
                49.92131856854002,
                40.339587016379845
              ],
              [
                50.04247999273841,
                40.35320665299164
              ],
              [
                50.24119801195237,
                40.33391589026677
              ],
              [
                50.29165327829186,
                40.315144771325805
              ],
              [
                50.35892864712035,
                40.269509632492564
              ],
              [
                50.37499236283355,
                40.262214664164155
              ],
              [
                50.36350157507706,
                40.351937559713114
              ],
              [
                50.35512615122494,
                40.374871553874385
              ],
              [
                50.34697919110298,
                40.38720204224937
              ],
              [
                50.294503820255926,
                40.438165701334015
              ],
              [
                50.10445438602612,
                40.54572911856502
              ],
              [
                49.973037722090126,
                40.58943176482546
              ],
              [
                49.96917643764954,
                40.58897926166366
              ],
              [
                49.88942752200414,
                40.57372107092256
              ],
              [
                49.84803450258938,
                40.56489605978158
              ],
              [
                49.82407802789583,
                40.562911900842224
              ],
              [
                49.51593605398522,
                40.679878180654235
              ],
              [
                49.20700131776367,
                41.03837094538938
              ],
              [
                49.15956759318723,
                41.14066103739021
              ],
              [
                49.14059933480626,
                41.236704823706134
              ],
              [
                49.037860726748455,
                41.41529153343264
              ],
              [
                48.856516034908445,
                41.60253441298917
              ],
              [
                48.720962470246704,
                41.74154387633516
              ],
              [
                48.540454062484564,
                41.85402206478127
              ],
              [
                48.32147458035138,
                42.0463591844393
              ],
              [
                48.30608101595774,
                42.092591945051566
              ],
              [
                48.278803675881946,
                42.126463035002544
              ],
              [
                48.110352732326305,
                42.33313605171842
              ],
              [
                47.72792466420679,
                42.657294983843634
              ],
              [
                47.613457548382556,
                42.90522440686606
              ],
              [
                47.464955023862366,
                43.210741349082824
              ],
              [
                47.53037071858297,
                43.59068960222775
              ],
              [
                47.554467011460616,
                43.65500023425292
              ],
              [
                47.55533865510061,
                43.65724070353916
              ],
              [
                47.5819379394294,
                43.716074518629796
              ],
              [
                47.53899206735996,
                43.76504086411629
              ],
              [
                47.02528424721352,
                44.353998421024556
              ],
              [
                46.915675147131395,
                44.380148052709735
              ],
              [
                46.779987608468076,
                44.39029961057127
              ],
              [
                46.73480438524221,
                44.4100492611286
              ],
              [
                46.6933807099154,
                44.46627802611919
              ],
              [
                46.69823136136706,
                44.56043368104213
              ],
              [
                46.81671333636086,
                44.71354132414923
              ],
              [
                46.9439276360115,
                44.767272381298284
              ],
              [
                46.948867788260046,
                44.76888274716193
              ],
              [
                46.96570689528393,
                44.77081712743259
              ],
              [
                47.08985274359565,
                44.81448441184624
              ],
              [
                47.13526154050693,
                44.94026185046205
              ],
              [
                47.51039886525954,
                45.47580323267667
              ],
              [
                47.50821800855584,
                45.542824890001164
              ],
              [
                47.48619081504474,
                45.5714568892572
              ],
              [
                47.54367063855416,
                45.52846147248259
              ],
              [
                47.55857569030133,
                45.54991542647055
              ],
              [
                47.39390049454249,
                45.73395718527829
              ],
              [
                47.499504253164844,
                45.760072373656556
              ],
              [
                47.60792505545083,
                45.760080467715525
              ],
              [
                47.8543014451182,
                45.71678923000404
              ],
              [
                47.90789766121938,
                45.72166343039406
              ],
              [
                48.2076777949645,
                45.74068491976424
              ],
              [
                48.22387695011066,
                45.744155884593546
              ],
              [
                48.22606867114486,
                45.74573924173856
              ],
              [
                48.3503199458639,
                45.84799577133055
              ],
              [
                48.43744591352329,
                45.92238477906308
              ],
              [
                48.4526252804582,
                45.93360519716197
              ],
              [
                48.48347904639972,
                45.941561355197855
              ],
              [
                48.585084619288565,
                45.95560221118079
              ],
              [
                48.6012609496248,
                45.94464631092165
              ],
              [
                48.7133254973932,
                45.83026886669753
              ],
              [
                48.741527389024384,
                45.844527841707624
              ],
              [
                48.756796239317026,
                45.87889916944706
              ],
              [
                48.73208770137419,
                45.99486549956525
              ],
              [
                48.712252381040706,
                46.03948857631919
              ],
              [
                48.7103670436248,
                46.06520464563094
              ],
              [
                48.83718247018135,
                46.10892608736766
              ],
              [
                49.257217400546566,
                46.29027559069827
              ],
              [
                49.227162380435416,
                46.33881837681068
              ],
              [
                49.2225265289656,
                46.34630585192629
              ],
              [
                49.204962858410326,
                46.35495379146782
              ],
              [
                49.03146956202708,
                46.43483764839738
              ],
              [
                48.727753836394406,
                46.56065911384939
              ],
              [
                48.72345352253322,
                46.561794284206826
              ],
              [
                48.65077089870566,
                46.56193195578264
              ],
              [
                48.57617185746674,
                46.56103133676339
              ],
              [
                48.4974552380767,
                46.68251175247663
              ],
              [
                48.50044967337334,
                46.69739443409088
              ],
              [
                48.54457472239037,
                46.75415419212876
              ],
              [
                48.547186825929224,
                46.755029382817405
              ],
              [
                48.60146790033133,
                46.77194818838791
              ],
              [
                48.69445944207317,
                46.76637573156401
              ],
              [
                48.72064474421024,
                46.751057879697576
              ],
              [
                48.752209655814696,
                46.710243600358794
              ],
              [
                48.757209779667924,
                46.70332338171042
              ],
              [
                48.80947985242412,
                46.703561569851516
              ],
              [
                48.94137576141643,
                46.704162633292604
              ],
              [
                48.956080018202066,
                46.716485449389985
              ],
              [
                48.901858348442026,
                46.9081268224305
              ],
              [
                48.64677527410567,
                47.23132363399639
              ],
              [
                48.508487469246944,
                47.40247701499596
              ],
              [
                48.271996772041,
                47.63105887467898
              ],
              [
                48.25679046932037,
                47.65198052856462
              ],
              [
                48.22090497346977,
                47.69213911891243
              ],
              [
                48.17370393566877,
                47.727372636741144
              ],
              [
                48.11680728581459,
                47.762107089964694
              ],
              [
                48.07189859006814,
                47.77763768135798
              ],
              [
                48.06471253278088,
                47.779708848314456
              ],
              [
                48.060160393174534,
                47.78019433699119
              ],
              [
                47.967198076950744,
                47.78254805540842
              ],
              [
                47.8463251598817,
                47.780204776062064
              ],
              [
                47.7802786416712,
                47.77712630687428
              ],
              [
                47.71611026089891,
                47.76965216582415
              ],
              [
                47.65281904547976,
                47.7730198887214
              ],
              [
                47.489719632559364,
                47.83129159154488
              ],
              [
                47.476858356162275,
                47.834729492797614
              ],
              [
                47.43442329011096,
                47.84030066875147
              ],
              [
                47.41830171337484,
                47.83344168918484
              ],
              [
                47.41214498456571,
                47.78809672969077
              ],
              [
                47.41304777111663,
                47.7710990699385
              ],
              [
                47.3962020822386,
                47.69686511562055
              ],
              [
                47.12644007487163,
                48.26293178110501
              ],
              [
                47.121238683835266,
                48.27207564518754
              ],
              [
                46.94220297437268,
                48.31495650225177
              ],
              [
                46.70244762215144,
                48.37110557452428
              ],
              [
                46.52928421908904,
                48.41066770777202
              ],
              [
                46.4991607993096,
                48.417495718659865
              ],
              [
                46.509345389085745,
                48.43666901372729
              ],
              [
                46.60146519996737,
                48.60855158846912
              ],
              [
                46.69077529161967,
                48.77393858484141
              ],
              [
                46.77887725806246,
                48.936653117375265
              ],
              [
                46.87531800434647,
                48.976082135102565
              ],
              [
                46.936959428136305,
                49.00246304196493
              ],
              [
                46.979180979914915,
                49.03455655123189
              ],
              [
                47.05556440338079,
                49.12600212712754
              ],
              [
                47.044464571354986,
                49.218326451616285
              ],
              [
                47.03798151694447,
                49.2262500839453
              ],
              [
                46.95841482253754,
                49.27516788227566
              ],
              [
                46.940582678647424,
                49.28533701943472
              ],
              [
                46.884452434365365,
                49.31525510770839
              ],
              [
                46.82326726199122,
                49.33477262677523
              ],
              [
                46.83816868891463,
                49.50608556819512
              ],
              [
                46.90195883178452,
                49.75289933321992
              ],
              [
                46.931381255018266,
                49.86582947053689
              ],
              [
                46.931591433189155,
                49.865980972953956
              ],
              [
                47.02969008244551,
                49.90635088181808
              ],
              [
                47.087078412193684,
                49.92106896389899
              ],
              [
                47.32518235041865,
                50.05521965372128
              ],
              [
                47.35544348506295,
                50.099239697114655
              ],
              [
                47.31669605887953,
                50.14950492703259
              ],
              [
                47.294751820843125,
                50.16815248651404
              ],
              [
                47.44639585702799,
                50.376953112094974
              ],
              [
                47.4460015250784,
                50.37785028603387
              ],
              [
                47.47031122161894,
                50.4024898716548
              ],
              [
                47.57274744781188,
                50.45537589740784
              ],
              [
                47.579976230937774,
                50.45711104386424
              ],
              [
                47.72877126227634,
                50.394980547024765
              ],
              [
                47.87389728350162,
                50.29657702359517
              ],
              [
                47.94666277413575,
                50.245049411541785
              ],
              [
                48.0844094134085,
                50.12326429051049
              ],
              [
                48.11054992271118,
                50.09860228953617
              ],
              [
                48.13332144054788,
                50.051324542888196
              ],
              [
                48.21018627721152,
                49.915277459071426
              ],
              [
                48.24874497922821,
                49.87137984329085
              ],
              [
                48.455967366051205,
                49.82064570214822
              ],
              [
                48.83031303201266,
                49.95753527186285
              ],
              [
                48.83388137332458,
                49.95915984384144
              ],
              [
                48.888720507263756,
                50.08416684563706
              ],
              [
                48.88110351708005,
                50.09922792720127
              ],
              [
                48.87251829616581,
                50.10686901927299
              ],
              [
                48.72629210780955,
                50.34109025627701
              ],
              [
                48.71044267126132,
                50.40517879714923
              ],
              [
                48.69580367963665,
                50.47727303700297
              ],
              [
                48.697486911130405,
                50.59193420508394
              ],
              [
                48.8338761972716,
                50.59989504342539
              ],
              [
                49.02342121748501,
                50.676703770796586
              ],
              [
                49.42925594870012,
                50.85524151066914
              ],
              [
                49.38472701157461,
                50.95374452970493
              ],
              [
                49.383209477393365,
                51.00747574095004
              ],
              [
                49.44711659292579,
                51.1029739344936
              ],
              [
                49.57321213866011,
                51.10873495107919
              ],
              [
                49.65677318637498,
                51.10933917667711
              ],
              [
                49.84253645879166,
                51.14079931918605
              ],
              [
                49.882443868804785,
                51.17103632668393
              ],
              [
                49.95350870432617,
                51.21840472207763
              ],
              [
                49.99736695847245,
                51.23460294627411
              ],
              [
                50.047741789634294,
                51.24585548837754
              ],
              [
                50.326822140348966,
                51.307560912103995
              ],
              [
                50.41025828251342,
                51.36049671797924
              ],
              [
                50.550270081073656,
                51.47165299037773
              ],
              [
                50.55199465098123,
                51.51126447465285
              ],
              [
                50.555269890419474,
                51.56146065529043
              ],
              [
                50.58354074328598,
                51.615170674083856
              ],
              [
                50.77407288342986,
                51.747520216145396
              ],
              [
                50.77330018600577,
                51.76918030241149
              ],
              [
                50.8584275792242,
                51.75335953146528
              ],
              [
                50.8751799614276,
                51.743339299691286
              ],
              [
                50.89013292989552,
                51.73318478904492
              ],
              [
                50.89054102876686,
                51.73263371583393
              ],
              [
                51.185344550191715,
                51.67719360485771
              ],
              [
                51.275268549476,
                51.68387604500977
              ],
              [
                51.28485987301943,
                51.680078964218616
              ],
              [
                51.40228272526772,
                51.61540603002654
              ],
              [
                51.38922878469483,
                51.570754984927476
              ],
              [
                51.257564545810716,
                51.54096602075211
              ],
              [
                51.29593475020411,
                51.486236862768706
              ],
              [
                51.4288036280842,
                51.46984279014977
              ],
              [
                51.661142625909015,
                51.46756360398144
              ],
              [
                51.801971425192605,
                51.50308228372883
              ],
              [
                51.798459453420385,
                51.52933221141858
              ],
              [
                51.79132688723122,
                51.5561345558294
              ],
              [
                51.871379858121216,
                51.671798689985714
              ],
              [
                51.901878152071085,
                51.6835513232633
              ],
              [
                51.94207364261369,
                51.68475824387139
              ],
              [
                52.01234838124807,
                51.66515961003178
              ],
              [
                52.049449596239114,
                51.66280304970129
              ],
              [
                52.10134655397037,
                51.66385275397649
              ],
              [
                52.12893530190626,
                51.67612710239821
              ],
              [
                52.147692630972664,
                51.694032231029574
              ],
              [
                52.19803630399654,
                51.73172491984279
              ],
              [
                52.32440176219097,
                51.77960736862831
              ],
              [
                52.48379397176379,
                51.54632509382174
              ],
              [
                52.525181621021794,
                51.48881127506708
              ],
              [
                52.64247003210739,
                51.45655203402957
              ],
              [
                52.87879642815268,
                51.4677988628376
              ],
              [
                52.8849944926211,
                51.464996346121985
              ],
              [
                52.942332687212165,
                51.468301731721745
              ],
              [
                53.011885238193855,
                51.47945697247263
              ],
              [
                53.10521370107007,
                51.49707919810158
              ],
              [
                53.638114899409885,
                51.38301467658899
              ],
              [
                53.6190221799502,
                51.358199239423065
              ],
              [
                53.61240347855322,
                51.341714064347656
              ],
              [
                53.61193849675899,
                51.301242817089175
              ],
              [
                53.884918221254004,
                51.19269560157042
              ],
              [
                53.88784099164968,
                51.19337781842195
              ],
              [
                53.914989491935856,
                51.199714670750986
              ],
              [
                53.93144079644166,
                51.19803004934145
              ],
              [
                54.135131857359454,
                51.10401913833203
              ],
              [
                54.14005213028494,
                51.093007487637166
              ],
              [
                54.16846084591536,
                50.998741169003615
              ],
              [
                54.184706477831654,
                50.98437830229878
              ],
              [
                54.3931157738533,
                50.891838070673955
              ],
              [
                54.47034810736856,
                50.870211584236756
              ],
              [
                54.50257702077798,
                50.84829494156836
              ],
              [
                54.50408934666219,
                50.830272662554506
              ],
              [
                54.49513624354185,
                50.82164648468056
              ],
              [
                54.44123839563643,
                50.769367198100745
              ],
              [
                54.43634120232976,
                50.75296720498675
              ],
              [
                54.39839555103,
                50.62589262693039
              ],
              [
                54.41605417604109,
                50.59155057029705
              ],
              [
                54.47931117832215,
                50.543324047489556
              ],
              [
                54.51148754373207,
                50.53112546433922
              ],
              [
                54.693801735383516,
                50.59909600091838
              ],
              [
                54.64818102368898,
                50.89273890205616
              ],
              [
                54.62479857274034,
                50.90703099651548
              ],
              [
                54.56283116001044,
                50.92025461503123
              ],
              [
                54.54860685909437,
                50.92221833332927
              ],
              [
                54.71374130231534,
                51.02985001292321
              ],
              [
                55.08679122767491,
                50.81841642915266
              ],
              [
                55.18570134102798,
                50.75586690023369
              ],
              [
                55.557444534691385,
                50.58277274490235
              ],
              [
                56.24001250007741,
                50.87488543014629
              ],
              [
                56.97188706150227,
                51.07392134007816
              ],
              [
                57.179562882253656,
                51.072310429336476
              ],
              [
                57.23041465348336,
                51.04724648122989
              ],
              [
                57.30016652625965,
                50.97343723814865
              ],
              [
                57.35394882532036,
                50.90594423542052
              ],
              [
                57.36498192160879,
                50.898974395726825
              ],
              [
                57.40539524946435,
                50.8811073557612
              ],
              [
                57.44418436669333,
                50.86947915765742
              ],
              [
                57.75582587697788,
                50.940165160661614
              ],
              [
                57.760278485259505,
                50.970141321739916
              ],
              [
                57.792682653237605,
                51.116317731743855
              ],
              [
                57.899666239581904,
                51.093345020115365
              ],
              [
                58.17698972041398,
                51.05740060737871
              ],
              [
                58.21914966535496,
                51.11423859588146
              ],
              [
                58.36610056538801,
                51.14493622286593
              ],
              [
                58.60987512762049,
                51.037319573094436
              ],
              [
                58.62416855038659,
                51.007318224243036
              ],
              [
                58.62582395912022,
                51.00284197027148
              ],
              [
                58.58662132278568,
                50.887245848707806
              ],
              [
                58.944516329477054,
                50.68314717117695
              ],
              [
                59.143152992585236,
                50.66931095342533
              ],
              [
                59.2400264428376,
                50.666224351495636
              ],
              [
                59.248640536528306,
                50.6651890698336
              ],
              [
                59.51248165926501,
                50.61946109110465
              ],
              [
                59.584087356471834,
                50.58644865315894
              ],
              [
                59.57756427046682,
                50.56054685155972
              ],
              [
                59.58172072084174,
                50.55727429368875
              ],
              [
                59.62554932209769,
                50.522766104436414
              ],
              [
                59.814403511072264,
                50.546276093536555
              ],
              [
                59.93971252537236,
                50.71193696548474
              ],
              [
                59.93960697198231,
                50.71313090353768
              ],
              [
                59.9363784840078,
                50.74964905463232
              ],
              [
                59.987907410619016,
                50.84304808878347
              ],
              [
                60.074651022678445,
                50.863549744234916
              ],
              [
                60.14746516379412,
                50.84760038181883
              ],
              [
                60.17306511990072,
                50.78166060142901
              ],
              [
                60.54068291867818,
                50.672963818524146
              ],
              [
                60.740726831833804,
                50.66053561262188
              ],
              [
                61.26219810555537,
                50.75975377457219
              ],
              [
                61.38688796368922,
                50.785190630876755
              ],
              [
                61.415441251241774,
                50.79670146202496
              ],
              [
                61.46166228623672,
                50.87304688677622
              ],
              [
                61.465467225480175,
                50.88846167786947
              ],
              [
                61.55096818692459,
                51.217906956175156
              ],
              [
                61.6076234262943,
                51.24853644091393
              ],
              [
                61.68582147829886,
                51.26583099503402
              ],
              [
                61.67715642404196,
                51.267357658405324
              ],
              [
                61.66148629528634,
                51.2710458852493
              ],
              [
                61.499101024614255,
                51.41371356604144
              ],
              [
                61.490829478374685,
                51.42499541539285
              ],
              [
                61.1930454331257,
                51.46738915586018
              ],
              [
                61.144627813157626,
                51.460453673002974
              ],
              [
                61.08486929173733,
                51.46960303908648
              ],
              [
                61.01564220588734,
                51.48384027528435
              ],
              [
                60.934208705881304,
                51.57910538392371
              ],
              [
                60.94230267520326,
                51.6166648878734
              ],
              [
                60.934359272457094,
                51.61819926374475
              ],
              [
                60.88315825991546,
                51.62152339980954
              ],
              [
                60.707937335093476,
                51.62465317447864
              ],
              [
                60.37707140873524,
                51.69044113059618
              ],
              [
                60.39317708466202,
                51.70559567466734
              ],
              [
                60.46777978337292,
                51.74822724467442
              ],
              [
                60.12759151053725,
                51.863732761220625
              ],
              [
                60.08847385022611,
                51.866762165249035
              ],
              [
                60.087493905049385,
                51.86693572439335
              ],
              [
                60.022472459846,
                51.92697153709601
              ],
              [
                60.02135705224619,
                51.99535253645341
              ],
              [
                60.02555084477133,
                52.00083161875043
              ],
              [
                60.006534579614986,
                52.01041030898207
              ],
              [
                60.07489773759144,
                52.383525815196776
              ],
              [
                59.199209107291125,
                52.37708338301003
              ],
              [
                59.16027828721574,
                52.23109056686037
              ],
              [
                58.73345184654841,
                52.59693907182362
              ],
              [
                58.88871122069804,
                53.04956825795868
              ],
              [
                58.921635813584636,
                53.66505786119248
              ],
              [
                58.96210860122898,
                53.907897944894756
              ],
              [
                59.09885229758121,
                53.92666759631996
              ],
              [
                59.29352962729445,
                54.109746789201864
              ],
              [
                59.32795716315172,
                54.182285313771445
              ],
              [
                59.34275662644772,
                54.181452974927424
              ],
              [
                59.758718650849325,
                54.22566930089423
              ],
              [
                59.75025779595539,
                54.44356217238112
              ],
              [
                59.709049231356694,
                54.51764679517048
              ],
              [
                60.04506890499815,
                54.82365699997385
              ],
              [
                59.82200884340318,
                54.8919320924468
              ],
              [
                58.82148149337094,
                54.48302548272018
              ],
              [
                58.58213424422211,
                54.39754489403322
              ],
              [
                58.202092925122166,
                54.447827221607206
              ],
              [
                57.242263807141995,
                54.77675247405393
              ],
              [
                57.226560943838024,
                55.083726023754025
              ],
              [
                57.22432707911615,
                55.12739559980191
              ],
              [
                57.89232833480858,
                55.25192608829692
              ],
              [
                58.01977668023135,
                55.049200325854095
              ],
              [
                58.101802832567884,
                54.85259247550552
              ],
              [
                58.228206630897056,
                55.08012006773195
              ],
              [
                58.42899244840205,
                55.055022349817115
              ],
              [
                58.43045042728021,
                55.05484010595647
              ],
              [
                58.45819870768002,
                55.0340287641907
              ],
              [
                58.632694224696564,
                54.9031562997027
              ],
              [
                58.8188107379003,
                54.97083314172111
              ],
              [
                58.91078183285768,
                55.00427626367238
              ],
              [
                58.85530783520287,
                55.07361827940878
              ],
              [
                58.92827154055085,
                55.273015568630754
              ],
              [
                58.9360618348769,
                55.28236387744236
              ],
              [
                59.01641672063003,
                55.218081943608084
              ],
              [
                59.20345022856398,
                55.29403198550888
              ],
              [
                59.51891156542393,
                55.49314095205139
              ],
              [
                59.64391707879481,
                55.56045149948389
              ],
              [
                59.49501912196284,
                55.59061407442395
              ],
              [
                59.354403302761376,
                55.66388455471387
              ],
              [
                59.29227806284159,
                55.8546626693853
              ],
              [
                59.324071045097966,
                56.06387307703047
              ],
              [
                59.3405532692722,
                56.09134290097693
              ],
              [
                57.54562756106624,
                56.06606291324504
              ],
              [
                57.469027297929266,
                56.29586845429472
              ],
              [
                57.42093882859588,
                56.44983396006626
              ],
              [
                57.39394375161524,
                56.79920197276815
              ],
              [
                58.15236279887024,
                57.10256578328474
              ],
              [
                58.000678998803345,
                57.330093381207995
              ],
              [
                58.006025702117306,
                57.33971731893339
              ],
              [
                58.3042327692129,
                57.59304824979288
              ],
              [
                58.50629046704575,
                57.633460983045936
              ],
              [
                58.65797423888153,
                57.50705719356633
              ],
              [
                58.9445720422727,
                57.79365499695751
              ],
              [
                58.65797427890311,
                57.987388578889274
              ],
              [
                59.50121248776109,
                58.507088522097426
              ],
              [
                59.465091713734836,
                58.59505369302249
              ],
              [
                59.181223248759835,
                59.03240297889303
              ],
              [
                58.824027376768996,
                59.29065602263273
              ],
              [
                58.542610117427735,
                59.52252625800144
              ],
              [
                58.96347406499327,
                59.89524921060752
              ],
              [
                59.49050041410184,
                60.74948603596382
              ],
              [
                59.45459394461909,
                60.94030491257595
              ],
              [
                59.36583328660625,
                60.995780962907254
              ],
              [
                59.36583327447825,
                61.147464769467625
              ],
              [
                59.38561132251083,
                61.50578001552392
              ],
              [
                59.29607943930804,
                61.77163660233625
              ],
              [
                59.26470949549132,
                61.77947999172258
              ],
              [
                59.27773822432317,
                61.83159498686103
              ],
              [
                59.41639324994203,
                61.88059997416809
              ],
              [
                59.59594057958391,
                62.37744584877067
              ],
              [
                59.41639329052167,
                62.71485900500553
              ],
              [
                59.51751708165406,
                62.91710663027656
              ],
              [
                59.453437139962055,
                62.93312601158111
              ],
              [
                59.31526949441355,
                62.96766662038241
              ],
              [
                59.374932178514776,
                63.12676217693586
              ],
              [
                59.59530515303421,
                63.71444067144936
              ],
              [
                59.6186371089516,
                63.877769462940435
              ],
              [
                59.653070654047866,
                63.894986239255125
              ],
              [
                59.87338037810503,
                64.12247201473971
              ],
              [
                59.770320901683114,
                64.10529329154016
              ],
              [
                59.74248974600609,
                64.18878667636126
              ],
              [
                59.694480884182504,
                64.40866086315101
              ],
              [
                59.90304862029217,
                64.83210838690842
              ],
              [
                59.84616473202389,
                64.88899229695528
              ],
              [
                59.9606160769248,
                64.95061986619386
              ],
              [
                60.81994538324721,
                64.98555136107136
              ],
              [
                61.03435136842138,
                65.11651611923037
              ],
              [
                61.057682678586396,
                65.12273767680736
              ],
              [
                61.413558927829335,
                65.21763610125457
              ],
              [
                61.32507255217361,
                65.32086987221085
              ],
              [
                61.261875150338376,
                65.3945999358251
              ],
              [
                61.28549495414854,
                65.43396546770097
              ],
              [
                62.551185589419234,
                65.74853517050154
              ],
              [
                63.208484665727426,
                66.22886655864262
              ],
              [
                64.28857331707198,
                66.66524860092639
              ],
              [
                64.95284270395514,
                66.96199799675344
              ],
              [
                65.27446956515739,
                67.03661225722718
              ],
              [
                65.35733030277818,
                67.08840177271969
              ],
              [
                65.33455802073132,
                67.15673241062072
              ],
              [
                65.33205413284149,
                67.16424559073997
              ],
              [
                65.6101379302076,
                67.31592559835029
              ],
              [
                65.62072943525665,
                67.35828839120421
              ],
              [
                66.01204963234007,
                67.53390751071238
              ],
              [
                65.78710184765838,
                67.59401703856932
              ],
              [
                65.94218031338825,
                67.63278764453304
              ],
              [
                66.09046935099039,
                67.66986085014254
              ],
              [
                66.07888920804092,
                67.6930211531447
              ],
              [
                66.05990528616098,
                67.89093820753024
              ],
              [
                66.0651931825193,
                67.92266082234414
              ],
              [
                65.98200648560137,
                67.96425103392613
              ],
              [
                65.96406554889013,
                67.97322082001662
              ],
              [
                65.94240101560314,
                67.97466532675729
              ],
              [
                65.50939131928341,
                68.00928753094398
              ],
              [
                65.38353475334493,
                68.0725075178542
              ],
              [
                65.3320541343286,
                68.32715603813583
              ],
              [
                65.54564372034675,
                68.46446300467967
              ],
              [
                65.47352284612722,
                68.71657193304598
              ],
              [
                64.89464709964695,
                68.87891179614309
              ],
              [
                64.87699889822738,
                68.88332367707942
              ],
              [
                64.64541509671568,
                68.89000803488815
              ],
              [
                64.64824015260047,
                68.98259878166071
              ],
              [
                64.65637401901476,
                68.99852349562303
              ],
              [
                64.79679102888934,
                69.14290617833737
              ]
            ]
          ],
          [
            [
              [
                10.519444465396239,
                55.02861022945787
              ],
              [
                10.813748359905878,
                55.19583129862396
              ],
              [
                10.660276412817161,
                55.587635040041825
              ],
              [
                9.87402725213437,
                55.50791168219794
              ],
              [
                10.152776718255263,
                55.08444213886774
              ],
              [
                10.519444465396239,
                55.02861022945787
              ]
            ]
          ],
          [
            [
              [
                12.041110992683887,
                54.96638488765645
              ],
              [
                12.597984314201218,
                55.702564239068785
              ],
              [
                12.617290496785715,
                56.04013442964529
              ],
              [
                12.301666259905208,
                56.12860870369644
              ],
              [
                11.847082138481515,
                55.95555496194031
              ],
              [
                12.059581756669408,
                55.655689239157944
              ],
              [
                11.914164543119993,
                55.92971801746059
              ],
              [
                11.794440269721637,
                55.661659240648106
              ],
              [
                11.606388092241136,
                55.936386108452766
              ],
              [
                10.879720687906667,
                55.73429870626279
              ],
              [
                11.245415687429047,
                55.20207595809398
              ],
              [
                12.041110992683887,
                54.96638488765645
              ]
            ]
          ],
          [
            [
              [
                -6.014306068620533,
                57.02346801773617
              ],
              [
                -5.647639274623655,
                57.25832748417458
              ],
              [
                -6.12722301481948,
                57.30610656748538
              ],
              [
                -6.345556259208002,
                57.684715270815936
              ],
              [
                -6.7852778434488545,
                57.448051452479106
              ],
              [
                -6.014306068620533,
                57.02346801773617
              ]
            ]
          ],
          [
            [
              [
                8.545901298919059,
                56.585170745596834
              ],
              [
                8.676595688296944,
                56.94812011683684
              ],
              [
                9.115549087822309,
                57.05277252191773
              ],
              [
                10.33661556240792,
                56.991664886814426
              ],
              [
                10.458193779130248,
                57.62541198787428
              ],
              [
                9.957706451643393,
                57.58624649067021
              ],
              [
                9.391318320897962,
                57.15214920006305
              ],
              [
                8.618471145117939,
                57.121524810588
              ],
              [
                8.236109733330437,
                56.77221679670318
              ],
              [
                8.545901298919059,
                56.585170745596834
              ]
            ]
          ],
          [
            [
              [
                22.037776947239017,
                57.90832519543855
              ],
              [
                23.281108856097703,
                58.487071990744674
              ],
              [
                21.837356567417523,
                58.506664276013815
              ],
              [
                22.037776947239017,
                57.90832519543855
              ]
            ]
          ],
          [
            [
              [
                22.5652732851087,
                58.68665313699726
              ],
              [
                23.04583168027453,
                58.84777069068444
              ],
              [
                22.57582855236729,
                59.068603515836884
              ],
              [
                22.04430389406629,
                58.94262695311204
              ],
              [
                22.5652732851087,
                58.68665313699726
              ]
            ]
          ],
          [
            [
              [
                -1.2686111926453045,
                59.851104736346336
              ],
              [
                -1.2965278624806411,
                60.63339614866343
              ],
              [
                -1.6921528578681713,
                60.28506469726822
              ],
              [
                -1.2913889885405059,
                60.241386413382926
              ],
              [
                -1.2686111926453045,
                59.851104736346336
              ]
            ]
          ],
          [
            [
              [
                -22.166528704363056,
                64.45374298199332
              ],
              [
                -21.513057711449225,
                64.64408874308768
              ],
              [
                -22.099237440228052,
                64.31234741459194
              ],
              [
                -21.362779618630306,
                64.38498687969842
              ],
              [
                -22.045558926798947,
                64.04666137624713
              ],
              [
                -22.700418473583703,
                64.08193969622441
              ],
              [
                -22.686250686963447,
                63.80457687474997
              ],
              [
                -21.19375228833958,
                63.924720762220964
              ],
              [
                -20.170558929256522,
                63.53638458284209
              ],
              [
                -18.710002901503707,
                63.39110565262912
              ],
              [
                -14.541251184148685,
                64.40470886483898
              ],
              [
                -13.769445419235876,
                64.85401916516267
              ],
              [
                -13.988056180284076,
                65.06388854736667
              ],
              [
                -13.49944496180487,
                65.06915283053128
              ],
              [
                -13.60958385745831,
                65.50610351541228
              ],
              [
                -15.17625046037512,
                66.11367034838365
              ],
              [
                -14.710835455906007,
                66.36721801890705
              ],
              [
                -15.374305723980648,
                66.14527130309817
              ],
              [
                -16.17527961883272,
                66.53471374320125
              ],
              [
                -16.65819740342497,
                66.12734985561727
              ],
              [
                -17.218475339341893,
                66.1952743511623
              ],
              [
                -17.417917251266093,
                65.98610687375721
              ],
              [
                -18.295141219959685,
                66.17527007852948
              ],
              [
                -18.06944656560136,
                65.64332580464637
              ],
              [
                -18.787778853376086,
                66.19193267974487
              ],
              [
                -19.454444885241415,
                66.05471801837425
              ],
              [
                -19.45611190984563,
                65.72569274644044
              ],
              [
                -20.42263984475888,
                66.08444213983121
              ],
              [
                -20.325557708293637,
                65.6286010765595
              ],
              [
                -20.927223204276963,
                65.58888244664958
              ],
              [
                -21.08444595503936,
                65.1591644295155
              ],
              [
                -21.775001527901342,
                65.76470947155147
              ],
              [
                -21.339723584281302,
                65.73290252494257
              ],
              [
                -21.399444581271798,
                66.02722167974704
              ],
              [
                -22.941806792593148,
                66.46569061479546
              ],
              [
                -23.189308168450665,
                66.35152435425594
              ],
              [
                -22.493335721228316,
                66.26499939002146
              ],
              [
                -22.97222519098558,
                66.22137451370958
              ],
              [
                -22.43555831967755,
                65.83888244820672
              ],
              [
                -23.468751909524773,
                66.19971466109494
              ],
              [
                -23.818334578799032,
                66.01442718561636
              ],
              [
                -23.216182708981325,
                65.84013366660878
              ],
              [
                -23.873334883916872,
                65.86873626596018
              ],
              [
                -23.25416946331156,
                65.73805236753758
              ],
              [
                -24.105211257203244,
                65.80568695338137
              ],
              [
                -23.80743217365279,
                65.5309600817665
              ],
              [
                -24.538404464464655,
                65.50027465726318
              ],
              [
                -21.698612213038718,
                65.44915771495693
              ],
              [
                -22.560140611528944,
                65.16838836543512
              ],
              [
                -21.759166716676866,
                65.20359802333243
              ],
              [
                -21.835834502272792,
                65.03027343523466
              ],
              [
                -24.059532167295462,
                64.89088439738732
              ],
              [
                -23.835973738787672,
                64.72596740549514
              ],
              [
                -22.407222746437043,
                64.81248474186617
              ],
              [
                -22.166528704363056,
                64.45374298199332
              ]
            ]
          ],
          [
            [
              [
                18.1688880922654,
                56.909996032738405
              ],
              [
                18.713191986204134,
                57.244300842388945
              ],
              [
                19.005413055460984,
                57.90610885610913
              ],
              [
                18.115274429395498,
                57.52527236943562
              ],
              [
                18.1688880922654,
                56.909996032738405
              ]
            ]
          ],
          [
            [
              [
                -6.964931011063822,
                57.72631454474862
              ],
              [
                -6.35527849220261,
                58.03152465826654
              ],
              [
                -6.248750209717427,
                58.51013565046744
              ],
              [
                -7.094445228667116,
                58.18193817116175
              ],
              [
                -6.964931011063822,
                57.72631454474862
              ]
            ]
          ],
          [
            [
              [
                15.001110076530612,
                68.24638366707403
              ],
              [
                16.501144408793376,
                68.55245971706134
              ],
              [
                16.43638610805337,
                68.84748840329675
              ],
              [
                15.846666335961498,
                68.6230468748152
              ],
              [
                15.632777213864417,
                68.94416046107469
              ],
              [
                15.001110076530612,
                68.24638366707403
              ]
            ]
          ],
          [
            [
              [
                59.91193389867265,
                69.66638183556591
              ],
              [
                60.47748565672615,
                69.91609191928568
              ],
              [
                59.0036087033477,
                70.47303771959827
              ],
              [
                58.57665634105168,
                70.07353210460113
              ],
              [
                59.91193389867265,
                69.66638183556591
              ]
            ]
          ],
          [
            [
              [
                48.78540801995728,
                68.72303771947011
              ],
              [
                50.32943725581013,
                69.12448883012588
              ],
              [
                49.24415588418212,
                69.50555419958533
              ],
              [
                48.289161681731684,
                69.25387573210944
              ],
              [
                48.21887969998943,
                68.89025878920617
              ],
              [
                48.78540801995728,
                68.72303771947011
              ]
            ]
          ],
          [
            [
              [
                17.045555115050565,
                69.00332641614044
              ],
              [
                17.999164581054693,
                69.1881866455434
              ],
              [
                17.84416580227928,
                69.5891571043978
              ],
              [
                16.875415802030464,
                69.35819244415991
              ],
              [
                17.045555115050565,
                69.00332641614044
              ]
            ]
          ],
          [
            [
              [
                56.4927673351481,
                70.53970337048877
              ],
              [
                56.46096038883827,
                70.74387359623226
              ],
              [
                57.31415557927558,
                70.56053161627061
              ],
              [
                56.74436569313549,
                70.69950103658651
              ],
              [
                57.63311767563601,
                70.72811126588894
              ],
              [
                56.07694244349609,
                71.27499389562279
              ],
              [
                55.26665878337816,
                72.58221435484143
              ],
              [
                56.21610259984563,
                72.83166503761576
              ],
              [
                55.62152099474514,
                72.96346282844058
              ],
              [
                56.4601325985423,
                73.04692840486837
              ],
              [
                55.812213897731056,
                73.05775451529131
              ],
              [
                56.58603286840071,
                73.13234710843898
              ],
              [
                54.91443634184539,
                73.42221069291243
              ],
              [
                53.15332412779082,
                73.15353393489654
              ],
              [
                53.37401962162153,
                72.878730773952
              ],
              [
                52.380550383683584,
                72.72178649872298
              ],
              [
                53.21443557655831,
                72.6492996228232
              ],
              [
                51.4187393203777,
                71.73137664861511
              ],
              [
                51.79721832223384,
                71.47499084558046
              ],
              [
                53.24388122662056,
                71.52693176132159
              ],
              [
                53.48054504456059,
                71.29165649288733
              ],
              [
                53.941238402516085,
                71.45852661161807
              ],
              [
                53.45735168410389,
                71.25971222059549
              ],
              [
                54.2360305796414,
                71.12477874688807
              ],
              [
                53.508331298798986,
                71.08610534810191
              ],
              [
                53.46360778894137,
                70.8138732924029
              ],
              [
                56.4927673351481,
                70.53970337048877
              ]
            ]
          ]
        ]
      },
      "properties": {
        "SIGLA": "EUR",
        "NOME": "Europa",
        "PORCENTAGE": 14.2,
        "TONELADAS": 33900
      }
    },
    {
      "type": "Feature",
      "geometry": {
        "type": "MultiPolygon",
        "coordinates": [
          [
            [
              [
                -69.15528869507922,
                -51.60751725821579
              ],
              [
                -69.08084107605364,
                -50.54138946569522
              ],
              [
                -68.37319944870568,
                -50.15521241327711
              ],
              [
                -69.00285339629093,
                -50.00965498270664
              ],
              [
                -67.89723204438698,
                -49.98583984018654
              ],
              [
                -67.58570098979769,
                -49.04042053642964
              ],
              [
                -65.7897949153232,
                -47.965835560185496
              ],
              [
                -65.95680998557592,
                -47.786392195555784
              ],
              [
                -66.24362182456913,
                -47.860282912907614
              ],
              [
                -65.870422355241,
                -47.75555800517959
              ],
              [
                -65.77528383043771,
                -47.1952094954812
              ],
              [
                -66.81855010573196,
                -46.98917008252445
              ],
              [
                -67.53361511751677,
                -46.42236326711051
              ],
              [
                -67.58435057291103,
                -46.00029756215832
              ],
              [
                -66.94653318633347,
                -45.254173267858576
              ],
              [
                -66.18278502383342,
                -44.964447024353774
              ],
              [
                -65.61112212506482,
                -45.02056120645304
              ],
              [
                -65.68904115223502,
                -44.71208954249397
              ],
              [
                -65.24945068351806,
                -44.313056952262976
              ],
              [
                -65.32681274104166,
                -43.661808025824016
              ],
              [
                -64.29653166179817,
                -42.9911842502113
              ],
              [
                -64.95375061088501,
                -42.661113732945275
              ],
              [
                -64.33515166792142,
                -42.54042053807598
              ],
              [
                -64.09841156329313,
                -42.88854597345857
              ],
              [
                -63.57930755996515,
                -42.615005496273014
              ],
              [
                -63.75083541662353,
                -42.09000396335647
              ],
              [
                -64.16139222815553,
                -42.21028136821744
              ],
              [
                -64.13542176808119,
                -42.43638993916602
              ],
              [
                -64.60087584353047,
                -42.407260882066616
              ],
              [
                -65.01362610539334,
                -42.09222412702285
              ],
              [
                -65.13014219784525,
                -40.84416961527725
              ],
              [
                -64.80445100226666,
                -40.721946725092835
              ],
              [
                -63.70195008062471,
                -41.16638947068408
              ],
              [
                -62.390007024460346,
                -40.901947025382725
              ],
              [
                -62.22576905353418,
                -40.66159820742478
              ],
              [
                -62.488750456112925,
                -40.302570332513504
              ],
              [
                -62.024375925687735,
                -39.38750458301232
              ],
              [
                -62.327503189238044,
                -39.260005945011656
              ],
              [
                -62.385143294158496,
                -38.80264281549539
              ],
              [
                -61.09445191989883,
                -38.99583433758643
              ],
              [
                -58.18917082805852,
                -38.44694520307689
              ],
              [
                -57.5519485439042,
                -38.11361695036385
              ],
              [
                -56.66306305272171,
                -36.90055847150389
              ],
              [
                -56.74534988017893,
                -36.31597518881026
              ],
              [
                -57.05333710153714,
                -36.31417084913865
              ],
              [
                -57.376670828264324,
                -35.962783803855785
              ],
              [
                -57.18833922999475,
                -35.320556643747764
              ],
              [
                -58.469726546619796,
                -34.539726254813225
              ],
              [
                -58.53195189701879,
                -33.516944893532724
              ],
              [
                -58.425697327962084,
                -33.097435002248744
              ],
              [
                -58.146530159064085,
                -33.04542158904074
              ],
              [
                -58.20000458100826,
                -32.44833374641684
              ],
              [
                -58.04556275726475,
                -32.93472288617089
              ],
              [
                -58.360557573051494,
                -33.130977639358974
              ],
              [
                -58.429866783432296,
                -33.83500290643009
              ],
              [
                -57.83687590321929,
                -34.49278259765748
              ],
              [
                -57.11125565729446,
                -34.464172377428056
              ],
              [
                -56.158340442054936,
                -34.927223204302095
              ],
              [
                -55.69278335373045,
                -34.77507019681748
              ],
              [
                -54.896118176359295,
                -34.94361115590495
              ],
              [
                -54.235698690990375,
                -34.67528151245063
              ],
              [
                -52.639865881278,
                -33.13375473868554
              ],
              [
                -52.21763993029922,
                -31.745002754177367
              ],
              [
                -51.2897262559459,
                -30.590002073486385
              ],
              [
                -51.27503966512589,
                -30.010557165451104
              ],
              [
                -51.02166748435414,
                -30.32027817064823
              ],
              [
                -50.60500334498923,
                -30.194028839899193
              ],
              [
                -50.568099959556754,
                -30.45755004897642
              ],
              [
                -51.232780459843525,
                -31.453056347006186
              ],
              [
                -52.05167388525471,
                -31.89694596341763
              ],
              [
                -52.03986360015608,
                -32.06195066824833
              ],
              [
                -50.84750367402104,
                -31.186946867218253
              ],
              [
                -49.75250243635567,
                -29.369724264726926
              ],
              [
                -48.84250640892032,
                -28.61777877436475
              ],
              [
                -48.85277938574308,
                -28.32027816854045
              ],
              [
                -48.76180647594318,
                -28.490695960358856
              ],
              [
                -48.5638961756825,
                -27.864444734339298
              ],
              [
                -48.791877738895224,
                -26.067569740676678
              ],
              [
                -48.58666990595514,
                -26.130418776088177
              ],
              [
                -48.36180877300443,
                -25.579444879857107
              ],
              [
                -48.718612677768945,
                -25.42472457129029
              ],
              [
                -48.16903304092172,
                -25.373752604316177
              ],
              [
                -47.98306275197037,
                -25.01028059559176
              ],
              [
                -46.38042069264626,
                -23.868751524765422
              ],
              [
                -45.54972840157758,
                -23.805557255178293
              ],
              [
                -44.574306487461165,
                -23.353683478202996
              ],
              [
                -44.67521284962874,
                -23.05569649255122
              ],
              [
                -43.2272262527593,
                -22.999031050525907
              ],
              [
                -43.07583617269884,
                -22.668334945007196
              ],
              [
                -43.00767135345428,
                -22.93894575777322
              ],
              [
                -42.03444673013554,
                -22.91917037849906
              ],
              [
                -41.7630615365178,
                -22.346111283119996
              ],
              [
                -40.987228376589776,
                -22.008613574936724
              ],
              [
                -40.96055602872304,
                -21.23583603314499
              ],
              [
                -39.78750610564962,
                -19.603614800416878
              ],
              [
                -39.64625550370726,
                -18.23125267075175
              ],
              [
                -39.13222502892548,
                -17.686321256241456
              ],
              [
                -39.209030150788905,
                -17.166114801034247
              ],
              [
                -38.871948232613974,
                -15.874168409802394
              ],
              [
                -39.05709074802902,
                -13.380278598357478
              ],
              [
                -38.69799041404485,
                -12.581111917636349
              ],
              [
                -38.530525193501106,
                -13.01600743267246
              ],
              [
                -38.31792068945966,
                -12.93722345080942
              ],
              [
                -37.6591720450577,
                -12.058334354866567
              ],
              [
                -37.34236143617178,
                -11.187500960926805
              ],
              [
                -37.371879569944014,
                -11.42986201356053
              ],
              [
                -35.18111420117555,
                -8.98666762149304
              ],
              [
                -34.815284723599724,
                -7.935277943223305
              ],
              [
                -34.980278008989295,
                -6.406389228093126
              ],
              [
                -35.47972871230664,
                -5.166111933527304
              ],
              [
                -37.17444609932343,
                -4.918611520628694
              ],
              [
                -38.49653244008628,
                -3.7248613794952092
              ],
              [
                -39.99875257984367,
                -2.8465280636738512
              ],
              [
                -41.22277831035801,
                -2.8802781199782004
              ],
              [
                -41.248069755508645,
                -3.0235543132641
              ],
              [
                -43.347503657620265,
                -2.3658337584282805
              ],
              [
                -44.293334944905126,
                -2.83534741121332
              ],
              [
                -44.06333924377644,
                -2.405833715647532
              ],
              [
                -44.3569488449674,
                -2.5266671045485793
              ],
              [
                -44.42306135953292,
                -2.934444675608809
              ],
              [
                -44.7863922226055,
                -3.297500146623385
              ],
              [
                -44.36055755829705,
                -2.341944695418718
              ],
              [
                -44.538894664567174,
                -1.8322222387901732
              ],
              [
                -45.09167099722967,
                -1.4640278833207674
              ],
              [
                -45.35069654906294,
                -1.736805670987188
              ],
              [
                -45.44694520667907,
                -1.3108334635886933
              ],
              [
                -46.08709715525293,
                -1.2102763799821474
              ],
              [
                -46.19194794872485,
                -0.9575000833215697
              ],
              [
                -46.59806059245727,
                -1.0226389205984958
              ],
              [
                -46.63013838036453,
                -0.8256250464666266
              ],
              [
                -47.28556060274051,
                -0.599166755133389
              ],
              [
                -48.05639265920879,
                -0.7080556125296553
              ],
              [
                -48.4811821047894,
                -1.3048611978363027
              ],
              [
                -48.48000335337047,
                -1.4752779020888838
              ],
              [
                -48.18896101927528,
                -1.4662500521866306
              ],
              [
                -48.69722746317316,
                -1.4691667677755902
              ],
              [
                -49.46945190977152,
                -2.406111248850742
              ],
              [
                -49.28090667279079,
                -1.7177084569759273
              ],
              [
                -49.84166716601714,
                -1.9027779015623096
              ],
              [
                -50.677955628982374,
                -1.810443631244695
              ],
              [
                -50.984310142150264,
                -2.0691669077522974
              ],
              [
                -50.84382246763205,
                -2.507500184365412
              ],
              [
                -51.308231358339924,
                -1.766909730846045
              ],
              [
                -51.44722747031965,
                -2.2791669295549966
              ],
              [
                -51.33659745402875,
                -1.6474305313255897
              ],
              [
                -50.81472777081534,
                -1.8983335638305832
              ],
              [
                -50.66722869538822,
                -1.771666777738048
              ],
              [
                -50.85292053350269,
                -0.9150000841689234
              ],
              [
                -52.01542283539686,
                -1.6168056633837082
              ],
              [
                -52.70695115549847,
                -1.6030557046414913
              ],
              [
                -51.92750550974684,
                -1.3348611572541316
              ],
              [
                -51.297500618265396,
                -0.19138891218170784
              ],
              [
                -49.90319824158449,
                1.1744443219487408
              ],
              [
                -49.932083140156855,
                1.7099304312132801
              ],
              [
                -50.44528196694909,
                1.8258333064737116
              ],
              [
                -50.67972564235773,
                2.164721977356926
              ],
              [
                -51.20111846194461,
                4.073888787886517
              ],
              [
                -51.54813002600685,
                4.385693535212219
              ],
              [
                -51.684066781342764,
                4.03416347502376
              ],
              [
                -51.79444886661268,
                4.6055555359162454
              ],
              [
                -52.040695180172754,
                4.3345828016365076
              ],
              [
                -52.02347564855323,
                4.685693741146302
              ],
              [
                -52.937782277110635,
                5.458333026132912
              ],
              [
                -53.85861205749572,
                5.755416380532303
              ],
              [
                -54.166679384874016,
                5.347402569783668
              ],
              [
                -53.99021149837408,
                5.7469439369007915
              ],
              [
                -54.20472716144272,
                5.8797216533880245
              ],
              [
                -55.76806258675913,
                5.967221727613143
              ],
              [
                -55.89955901476228,
                5.671908386589109
              ],
              [
                -56.96444701623217,
                5.997083192320822
              ],
              [
                -57.24850462876752,
                5.486110680739145
              ],
              [
                -57.1943092186562,
                6.139304650677943
              ],
              [
                -57.98638915054881,
                6.790555004547045
              ],
              [
                -58.41972349883382,
                6.870277419768762
              ],
              [
                -58.63708878827478,
                6.421943669544184
              ],
              [
                -58.468544022706936,
                7.337568767742205
              ],
              [
                -59.12930680502486,
                8.039999017576015
              ],
              [
                -60.20583342612565,
                8.621944443354742
              ],
              [
                -61.32917023966396,
                8.430831905291804
              ],
              [
                -61.59889220527549,
                8.554998411545931
              ],
              [
                -61.21020889140695,
                8.595137611176831
              ],
              [
                -61.084587086137226,
                9.09749887853895
              ],
              [
                -60.78361510615473,
                9.304998382598221
              ],
              [
                -60.95972443579771,
                9.532499309690458
              ],
              [
                -62.17889404897095,
                10.014721882821
              ],
              [
                -62.02743531631798,
                9.86642266482675
              ],
              [
                -62.32869720056491,
                9.72293854255026
              ],
              [
                -62.57750320224643,
                10.225138680238565
              ],
              [
                -62.80528258017554,
                10.00860976290118
              ],
              [
                -63.01679992623214,
                10.098693859533022
              ],
              [
                -62.63063048677479,
                10.107151043256586
              ],
              [
                -62.79008863989956,
                10.401333825622196
              ],
              [
                -62.998409256154446,
                10.271596909186918
              ],
              [
                -62.91229630416247,
                10.528749468756054
              ],
              [
                -61.87958906948861,
                10.728331561603788
              ],
              [
                -64.14681242270467,
                10.617915150037625
              ],
              [
                -63.697502140331196,
                10.485553733355196
              ],
              [
                -65.08139039453751,
                10.060555441150335
              ],
              [
                -65.81445312527396,
                10.228332521193543
              ],
              [
                -66.22987366710781,
                10.640554429985507
              ],
              [
                -68.11424254946493,
                10.484929096722603
              ],
              [
                -68.41833495970943,
                11.179998395195021
              ],
              [
                -68.84368134095021,
                11.447082503891643
              ],
              [
                -69.63181303505809,
                11.467638007724524
              ],
              [
                -70.01431275554046,
                12.197498332925129
              ],
              [
                -70.28666686834633,
                11.92027664935059
              ],
              [
                -70.23597715868947,
                11.628888129459675
              ],
              [
                -69.81653595398443,
                11.690971382586746
              ],
              [
                -69.80139159991265,
                11.427221308876845
              ],
              [
                -71.49285889842959,
                10.96104050155342
              ],
              [
                -71.54570769813465,
                10.568331732726783
              ],
              [
                -71.07340239983019,
                9.851110451767617
              ],
              [
                -71.05597687644668,
                9.338749900319137
              ],
              [
                -71.62389372271416,
                9.043054585786557
              ],
              [
                -72.12535095098671,
                9.818193436896514
              ],
              [
                -71.58168029715561,
                10.67472075210825
              ],
              [
                -71.96916963368373,
                11.546248420879657
              ],
              [
                -71.37861632834222,
                11.75333213493058
              ],
              [
                -71.11083984805413,
                12.07555484519768
              ],
              [
                -71.66153716270209,
                12.46388816679012
              ],
              [
                -73.28445433779558,
                11.295555118646156
              ],
              [
                -74.15501403899896,
                11.331388475255473
              ],
              [
                -74.39500426611352,
                10.742152212124445
              ],
              [
                -74.86080931944542,
                11.125486367483752
              ],
              [
                -75.26413728487697,
                10.798992140491329
              ],
              [
                -75.50403595254389,
                10.550138489832229
              ],
              [
                -75.63431549635149,
                9.448193552230371
              ],
              [
                -76.08973694702469,
                9.335832606960842
              ],
              [
                -76.31751251847342,
                8.938610066122017
              ],
              [
                -76.92834471207827,
                8.56833268223911
              ],
              [
                -76.7579193072991,
                7.919166104485022
              ],
              [
                -77.36666867907601,
                8.674999214524934
              ],
              [
                -77.36919455514295,
                8.661178209497225
              ],
              [
                -77.4522323579499,
                8.556943908094587
              ],
              [
                -77.46036405563221,
                8.544563827312357
              ],
              [
                -77.47303593059782,
                8.502320060467186
              ],
              [
                -77.43877962460004,
                8.472302964532552
              ],
              [
                -77.42910004700674,
                8.472498891957454
              ],
              [
                -77.39850394588183,
                8.438869104036673
              ],
              [
                -77.37060150814908,
                8.374844256355823
              ],
              [
                -77.36417673874156,
                8.300735300535145
              ],
              [
                -77.36250306270281,
                8.284998890941367
              ],
              [
                -77.36014425037644,
                8.282014175483493
              ],
              [
                -77.30369348080276,
                8.223293183381813
              ],
              [
                -77.25353042721763,
                8.162567394700128
              ],
              [
                -77.20518500949687,
                8.034911934602382
              ],
              [
                -77.2155609187017,
                7.937221543006097
              ],
              [
                -77.23663877058785,
                7.9286578985381455
              ],
              [
                -77.32749146122863,
                7.8571608533550075
              ],
              [
                -77.33054280324725,
                7.71359724813601
              ],
              [
                -77.577438331239,
                7.5261802951610175
              ],
              [
                -77.58920132356651,
                7.5329439284356265
              ],
              [
                -77.61945761769036,
                7.589456974372477
              ],
              [
                -77.65646551206972,
                7.665207666437079
              ],
              [
                -77.75812180622222,
                7.694458473672042
              ],
              [
                -77.75889584653679,
                7.693055174353106
              ],
              [
                -77.75934398804007,
                7.67198081956262
              ],
              [
                -77.75942257270749,
                7.664432419077369
              ],
              [
                -77.75459289120158,
                7.612221701977864
              ],
              [
                -77.75276718826268,
                7.609084135710867
              ],
              [
                -77.72343406984355,
                7.545940800240325
              ],
              [
                -77.77059756643372,
                7.477091944480036
              ],
              [
                -77.77570343313135,
                7.475416174423058
              ],
              [
                -77.80750273533039,
                7.47868012652089
              ],
              [
                -77.88972471977426,
                7.228888531909481
              ],
              [
                -77.34042357197819,
                6.567360872096479
              ],
              [
                -77.48889160057988,
                6.185346613807923
              ],
              [
                -77.24084471984213,
                5.758193955668908
              ],
              [
                -77.5322265783924,
                5.518888487185038
              ],
              [
                -77.24230195608436,
                4.260902392325505
              ],
              [
                -77.43444822546114,
                4.031388278937392
              ],
              [
                -77.26541901729244,
                3.8401386735944456
              ],
              [
                -77.03271483544329,
                3.918402425143803
              ],
              [
                -77.7454223783767,
                2.6104164092500355
              ],
              [
                -78.5652923699232,
                2.429166325898464
              ],
              [
                -78.58750151758848,
                1.7671525370073127
              ],
              [
                -78.84494017494167,
                1.8365277150525046
              ],
              [
                -79.0502853470532,
                1.6318054122790997
              ],
              [
                -78.8097228903841,
                1.4377777559895009
              ],
              [
                -78.88928985166613,
                1.2383670907044717
              ],
              [
                -80.10083770159929,
                0.7702777413091155
              ],
              [
                -80.0694503820433,
                0.06041666400984269
              ],
              [
                -80.50118254195387,
                -0.3725694592935298
              ],
              [
                -80.57604979145458,
                -0.8977083993543999
              ],
              [
                -80.91278837869407,
                -1.0365278838473415
              ],
              [
                -80.73097993225218,
                -1.9379167454349684
              ],
              [
                -80.9750061161323,
                -2.2169447059077427
              ],
              [
                -80.25222778165974,
                -2.7331945966544
              ],
              [
                -80.02890015050453,
                -2.426389219480413
              ],
              [
                -79.90583799936982,
                -2.559305668582816
              ],
              [
                -79.76292420340768,
                -2.0140278303717736
              ],
              [
                -79.78111265421533,
                -2.659166812022555
              ],
              [
                -79.9563217172627,
                -3.2077779715052657
              ],
              [
                -81.27639769260352,
                -4.280834204054379
              ],
              [
                -81.3551482997904,
                -4.687500486763085
              ],
              [
                -81.08500670370371,
                -5.0177783892367955
              ],
              [
                -81.20382690630888,
                -5.2044448902464
              ],
              [
                -80.87285615643367,
                -5.644583696056252
              ],
              [
                -81.17472840301178,
                -6.086667069555894
              ],
              [
                -79.9800109740389,
                -6.7686118955794825
              ],
              [
                -78.77195740511908,
                -8.586389530490798
              ],
              [
                -77.6477127120244,
                -11.297847734293931
              ],
              [
                -77.20084381100278,
                -11.662918090925984
              ],
              [
                -77.12305451004329,
                -12.077507018756734
              ],
              [
                -76.19694517536159,
                -13.418334973493458
              ],
              [
                -76.39479827645732,
                -13.884167657794535
              ],
              [
                -75.93389127972353,
                -14.651875511506866
              ],
              [
                -75.05139160119725,
                -15.465972907588615
              ],
              [
                -71.49423980114568,
                -17.302225125078074
              ],
              [
                -71.30168151425451,
                -17.71166993454348
              ],
              [
                -70.31201935312873,
                -18.437501915939286
              ],
              [
                -70.124732973587,
                -19.974445347466023
              ],
              [
                -70.05334471120523,
                -21.425651547005856
              ],
              [
                -70.28611754564692,
                -22.88687704864045
              ],
              [
                -70.5747223048706,
                -23.066947938749486
              ],
              [
                -70.62209320546225,
                -23.499652858314995
              ],
              [
                -70.39111329125106,
                -23.561946861306502
              ],
              [
                -70.58334350711472,
                -24.716112121514
              ],
              [
                -70.43362426802122,
                -25.260280608600144
              ],
              [
                -70.7312545660698,
                -25.815904630408333
              ],
              [
                -70.91389466050121,
                -27.624446860277544
              ],
              [
                -71.5102844218131,
                -28.89500045793929
              ],
              [
                -71.28964997748398,
                -29.909654609763905
              ],
              [
                -71.64556884157439,
                -30.273612964329363
              ],
              [
                -71.7033386387191,
                -30.76166917255642
              ],
              [
                -71.44667052175082,
                -32.66500092055935
              ],
              [
                -71.75625609101667,
                -33.105419162812595
              ],
              [
                -71.66056824351395,
                -33.68250276152966
              ],
              [
                -72.01680756567112,
                -34.144378677451584
              ],
              [
                -72.210838314726,
                -35.08528138832246
              ],
              [
                -72.64778137634069,
                -35.57403183739472
              ],
              [
                -73.18889618251714,
                -37.13472746856961
              ],
              [
                -73.58687590707312,
                -37.15256881594787
              ],
              [
                -73.67709350240962,
                -37.34729383983441
              ],
              [
                -73.22403716753502,
                -39.41687773066591
              ],
              [
                -73.70126342929272,
                -40.00361252443341
              ],
              [
                -73.9943160948235,
                -40.96694563464147
              ],
              [
                -73.74555967934617,
                -41.754375440956956
              ],
              [
                -73.1954193003584,
                -41.7881965628905
              ],
              [
                -72.93583677887852,
                -41.483268732162514
              ],
              [
                -72.57847593845383,
                -41.70889282652382
              ],
              [
                -72.3100128302813,
                -41.43583679193912
              ],
              [
                -72.85945128749024,
                -41.90695191938352
              ],
              [
                -72.48834228960423,
                -42.095283517653094
              ],
              [
                -72.42146300714774,
                -42.44597244763751
              ],
              [
                -72.60438539288285,
                -42.184375754255235
              ],
              [
                -72.8490295520549,
                -42.28882217715996
              ],
              [
                -72.68437956361434,
                -42.47840498592134
              ],
              [
                -73.1161193704721,
                -43.44292068801513
              ],
              [
                -72.84584046920038,
                -43.77667237768371
              ],
              [
                -73.289382948196,
                -44.14687730249373
              ],
              [
                -72.61389160181463,
                -44.47277833030311
              ],
              [
                -73.39678955533614,
                -44.99451448082543
              ],
              [
                -73.45736693763686,
                -45.275558482454365
              ],
              [
                -72.8272247409704,
                -45.42250062222131
              ],
              [
                -73.214935295184,
                -45.301460255949756
              ],
              [
                -73.51466371162186,
                -45.45569612191572
              ],
              [
                -73.57987211912497,
                -45.778266921218744
              ],
              [
                -73.18424225045965,
                -45.668338758733796
              ],
              [
                -73.66514587813953,
                -45.980487822601475
              ],
              [
                -73.42556763455292,
                -46.07444762997228
              ],
              [
                -73.84654237503989,
                -46.59208678409728
              ],
              [
                -73.89229582734914,
                -46.138751998385814
              ],
              [
                -74.48450471374967,
                -46.18401336114703
              ],
              [
                -73.97264862291046,
                -46.08861541790875
              ],
              [
                -74.36861420955047,
                -45.79236602257626
              ],
              [
                -75.71751404383188,
                -46.7252807664029
              ],
              [
                -75.49667357375236,
                -46.95667266414205
              ],
              [
                -75.59806825297402,
                -46.70305632484325
              ],
              [
                -75.12001037721322,
                -46.59584044955916
              ],
              [
                -74.5676422215983,
                -46.89764404354476
              ],
              [
                -74.26576997502019,
                -46.78757096291403
              ],
              [
                -73.93827056531674,
                -47.03444670519361
              ],
              [
                -74.74139404840345,
                -47.711460099942926
              ],
              [
                -73.22660066213685,
                -48.00302504340203
              ],
              [
                -73.65420530583421,
                -47.909099562327484
              ],
              [
                -73.3491668832567,
                -48.19750213626758
              ],
              [
                -74.65688325079947,
                -48.02972794507107
              ],
              [
                -74.02111816890094,
                -48.41361237474991
              ],
              [
                -74.39757537367609,
                -48.611946111966105
              ],
              [
                -74.06465149153024,
                -48.7436828580295
              ],
              [
                -74.4501419160639,
                -48.815696708663964
              ],
              [
                -74.37390137680784,
                -49.42750550239056
              ],
              [
                -74.21598053195895,
                -49.53222276317139
              ],
              [
                -73.83118438225694,
                -49.03222657762144
              ],
              [
                -74.12181092634378,
                -49.41375350446242
              ],
              [
                -73.74986266750747,
                -49.729793538977006
              ],
              [
                -74.3213958740518,
                -49.622642509805054
              ],
              [
                -73.8901443502617,
                -50.07486342419617
              ],
              [
                -74.3708419861776,
                -49.992084507190924
              ],
              [
                -73.88139342180689,
                -50.297225942643635
              ],
              [
                -74.34875488378941,
                -50.088615422124306
              ],
              [
                -74.68875885342312,
                -50.207088487313655
              ],
              [
                -73.89090727768586,
                -50.54684065147313
              ],
              [
                -74.28923798012447,
                -50.480487818847365
              ],
              [
                -74.04347991564562,
                -50.828060159036596
              ],
              [
                -73.65882110511507,
                -50.51331330825727
              ],
              [
                -73.85139465191418,
                -50.91667175951826
              ],
              [
                -74.24736785151494,
                -50.92770766376517
              ],
              [
                -74.12841034372474,
                -51.18666840347272
              ],
              [
                -73.77938080127971,
                -51.221046461066436
              ],
              [
                -73.63139344278494,
                -51.58986664269356
              ],
              [
                -73.90480042126583,
                -51.37729262448157
              ],
              [
                -73.90583802703291,
                -51.62250517274137
              ],
              [
                -73.54528806976728,
                -52.05639649067299
              ],
              [
                -73.31681061052615,
                -52.17042161556882
              ],
              [
                -72.92695619218586,
                -51.86111449713984
              ],
              [
                -73.28389740213541,
                -51.61354448002862
              ],
              [
                -72.56604767806327,
                -51.788963307333916
              ],
              [
                -72.9784774818594,
                -51.53486633191464
              ],
              [
                -72.46890259431832,
                -51.78916929909789
              ],
              [
                -72.58084105425243,
                -52.37416840578629
              ],
              [
                -72.92889403056213,
                -52.451599115902404
              ],
              [
                -72.53445433275687,
                -52.20027923980969
              ],
              [
                -72.80201720832022,
                -51.939861297846335
              ],
              [
                -72.86639403580665,
                -52.26389313987196
              ],
              [
                -73.024452219827,
                -52.067089063984454
              ],
              [
                -73.5836181716261,
                -52.235000594352414
              ],
              [
                -73.69361114623675,
                -52.72208784940491
              ],
              [
                -72.89062500232151,
                -52.51763917139504
              ],
              [
                -73.55645750670527,
                -52.80232621264989
              ],
              [
                -73.23500061270903,
                -52.88972473541638
              ],
              [
                -73.44934845077675,
                -53.002048499529366
              ],
              [
                -72.98042296718285,
                -53.064723966232954
              ],
              [
                -72.7897949057072,
                -52.542850510525604
              ],
              [
                -71.47528077596668,
                -52.63333894373821
              ],
              [
                -72.7194518960397,
                -52.746116630636166
              ],
              [
                -72.95834351174186,
                -52.857505801857286
              ],
              [
                -72.71028137109617,
                -53.29403303947719
              ],
              [
                -73.21250913975365,
                -53.23472596804302
              ],
              [
                -72.40028381830236,
                -53.540283193504074
              ],
              [
                -72.54930878256422,
                -53.37333677584387
              ],
              [
                -72.18952178670916,
                -53.18271255483502
              ],
              [
                -72.51708984900513,
                -53.06236649738155
              ],
              [
                -72.01959227795842,
                -53.12430955647685
              ],
              [
                -71.1665344336647,
                -52.8106956434062
              ],
              [
                -71.79737090516281,
                -53.51278303811461
              ],
              [
                -72.0058441204971,
                -53.56541823309493
              ],
              [
                -71.86660004350995,
                -53.222850802845834
              ],
              [
                -72.45250702975473,
                -53.40430830539152
              ],
              [
                -72.05056761398646,
                -53.70889283917049
              ],
              [
                -71.04695891659613,
                -53.82333756055503
              ],
              [
                -70.81167601422362,
                -52.73250581234631
              ],
              [
                -69.67569733557002,
                -52.52826689859437
              ],
              [
                -69.26848601245233,
                -52.20805740860956
              ],
              [
                -68.38278960412435,
                -52.327362053815584
              ],
              [
                -69.15528869507922,
                -51.60751725821579
              ]
            ]
          ],
          [
            [
              [
                -68.0713958739201,
                -55.719585418199806
              ],
              [
                -68.16306304963912,
                -55.39722442627323
              ],
              [
                -68.74014282218474,
                -55.26882553058777
              ],
              [
                -68.20861053491733,
                -55.268894195165004
              ],
              [
                -69.01010131855372,
                -55.06695175175417
              ],
              [
                -68.58541870139332,
                -55.1463203432147
              ],
              [
                -68.40486144969475,
                -54.95534896855019
              ],
              [
                -70.00944519078863,
                -55.13000488277383
              ],
              [
                -69.42716217081278,
                -55.500003815002884
              ],
              [
                -69.15070343026584,
                -55.501251220608324
              ],
              [
                -69.37251281764149,
                -55.24916839652158
              ],
              [
                -68.86292266892384,
                -55.23458480883661
              ],
              [
                -68.89418029826095,
                -55.490280151861995
              ],
              [
                -68.36056518513182,
                -55.481674194334644
              ],
              [
                -68.0713958739201,
                -55.719585418199806
              ]
            ]
          ],
          [
            [
              [
                -67.28723144500059,
                -55.31195068383391
              ],
              [
                -67.18528747542254,
                -54.96305847185896
              ],
              [
                -68.36111450192269,
                -54.9377136230695
              ],
              [
                -68.11195373554277,
                -55.23278045632828
              ],
              [
                -67.28723144500059,
                -55.31195068383391
              ]
            ]
          ],
          [
            [
              [
                -91.20056152343767,
                -1.0347223281590399
              ],
              [
                -90.81083679208712,
                -0.7325000765064777
              ],
              [
                -91.39181518541561,
                0.12472221997660937
              ],
              [
                -91.60486602792139,
                -0.010277791024420946
              ],
              [
                -91.08367919944179,
                -0.5897570251722705
              ],
              [
                -91.50140380852676,
                -0.8902778028829905
              ],
              [
                -91.20056152343767,
                -1.0347223281590399
              ]
            ]
          ],
          [
            [
              [
                -51.901390075842166,
                -1.4766666888970326
              ],
              [
                -51.27680969230594,
                -1.0200001003688344
              ],
              [
                -51.19833374013974,
                -0.5302778482657482
              ],
              [
                -51.60972595231244,
                -0.7338889836585979
              ],
              [
                -51.901390075842166,
                -1.4766666888970326
              ]
            ]
          ],
          [
            [
              [
                -50.37458801208244,
                -1.8356945509871367
              ],
              [
                -48.8608398433203,
                -1.4780557153583442
              ],
              [
                -48.36958694417209,
                -0.29263892709692185
              ],
              [
                -50.56111526490321,
                -0.1769444644016287
              ],
              [
                -50.814311981144115,
                -1.3295139072723656
              ],
              [
                -50.63125228898275,
                -1.7593055966118936
              ],
              [
                -50.37458801208244,
                -1.8356945509871367
              ]
            ]
          ],
          [
            [
              [
                -49.69472503662481,
                -0.1563889086927749
              ],
              [
                -49.39916992184039,
                0.0074999938108311626
              ],
              [
                -49.70861816417467,
                0.04777776459279712
              ],
              [
                -49.852500915516366,
                -0.06444446734083455
              ],
              [
                -49.69472503662481,
                -0.1563889086927749
              ]
            ]
          ],
          [
            [
              [
                -49.99305725086716,
                -0.07333333800512509
              ],
              [
                -49.675834655839644,
                0.31999999301065307
              ],
              [
                -50.39194488511879,
                0.18972221034359366
              ],
              [
                -49.99305725086716,
                -0.07333333800512509
              ]
            ]
          ],
          [
            [
              [
                -72.82389068621177,
                -54.13639068639
              ],
              [
                -72.14229583743662,
                -53.804519653150436
              ],
              [
                -72.91111755375827,
                -53.42945098864513
              ],
              [
                -73.42166900661199,
                -53.46805953982602
              ],
              [
                -73.08965301484535,
                -53.650196075345875
              ],
              [
                -73.58194732689059,
                -53.581878661979715
              ],
              [
                -73.5769500729999,
                -53.75274658230533
              ],
              [
                -73.2781829837138,
                -53.73239898647228
              ],
              [
                -73.13250732399814,
                -54.01167297368442
              ],
              [
                -72.72798919653896,
                -53.84562683089966
              ],
              [
                -72.82389068621177,
                -54.13639068639
              ]
            ]
          ],
          [
            [
              [
                -74.76278686552779,
                -50.055557250944545
              ],
              [
                -74.41416931172034,
                -49.73903274515214
              ],
              [
                -74.74153900115678,
                -48.68027877810819
              ],
              [
                -75.04903411893477,
                -48.796394348259575
              ],
              [
                -74.91806030286034,
                -49.33611297638455
              ],
              [
                -75.46584320039106,
                -49.31618118252333
              ],
              [
                -74.76278686552779,
                -50.055557250944545
              ]
            ]
          ],
          [
            [
              [
                -73.86646270788546,
                -43.39819717403446
              ],
              [
                -73.78021240247058,
                -43.127429962420464
              ],
              [
                -73.4916076663668,
                -43.11583328234433
              ],
              [
                -73.82097625738393,
                -42.51431274408848
              ],
              [
                -73.36923980718088,
                -42.2490272520595
              ],
              [
                -73.5033416751146,
                -41.84153366087582
              ],
              [
                -74.02868652373532,
                -41.77430725101437
              ],
              [
                -74.40583801293545,
                -43.24604415932525
              ],
              [
                -73.86646270788546,
                -43.39819717403446
              ]
            ]
          ],
          [
            [
              [
                -59.34806060749344,
                -52.34305572534352
              ],
              [
                -59.449794769130314,
                -52.146739960204584
              ],
              [
                -59.05069732624981,
                -52.21750259394702
              ],
              [
                -59.24444961514152,
                -52.01944732699634
              ],
              [
                -58.64694976855784,
                -52.067222595418876
              ],
              [
                -58.93555831875819,
                -51.80125427277022
              ],
              [
                -58.42000198328844,
                -51.90069961596647
              ],
              [
                -57.73319625859109,
                -51.694446563589935
              ],
              [
                -57.89680862402806,
                -51.3841705321516
              ],
              [
                -58.2747955323037,
                -51.41375350998892
              ],
              [
                -58.24139404307892,
                -51.650142669802364
              ],
              [
                -58.412506103403224,
                -51.32340621958633
              ],
              [
                -58.84861755404888,
                -51.29138946541656
              ],
              [
                -59.168266296087474,
                -51.58528137202523
              ],
              [
                -58.98264312766212,
                -51.79534912078711
              ],
              [
                -59.221252440956704,
                -51.71708679215734
              ],
              [
                -59.71612167353781,
                -52.11737442022069
              ],
              [
                -59.34806060749344,
                -52.34305572534352
              ]
            ]
          ],
          [
            [
              [
                -60.6245841980121,
                -52.24319839455053
              ],
              [
                -59.21166992191618,
                -51.4081993107102
              ],
              [
                -60.643615722753474,
                -51.35805892946751
              ],
              [
                -60.248504638884114,
                -51.6628379818287
              ],
              [
                -60.63840866123124,
                -51.67972564694192
              ],
              [
                -60.286712646492305,
                -51.79962921125767
              ],
              [
                -60.98083496089631,
                -52.06195068386795
              ],
              [
                -60.6245841980121,
                -52.24319839455053
              ]
            ]
          ],
          [
            [
              [
                -66.44612121521558,
                -55.05167389009079
              ],
              [
                -65.3505630504035,
                -54.92778015022714
              ],
              [
                -65.1400756837537,
                -54.653266906540864
              ],
              [
                -66.24166870291863,
                -54.53778076337781
              ],
              [
                -67.56361389274322,
                -53.91861724709721
              ],
              [
                -68.16320037844854,
                -53.293754576397724
              ],
              [
                -68.543624877081,
                -53.22944641191272
              ],
              [
                -68.36834716860947,
                -53.00389099255697
              ],
              [
                -68.22417449899935,
                -53.10625457825749
              ],
              [
                -68.6950073244233,
                -52.60527801555862
              ],
              [
                -69.15167236493512,
                -52.68444824281975
              ],
              [
                -69.41722869723121,
                -52.459449766498025
              ],
              [
                -69.91723632648059,
                -52.82583618318529
              ],
              [
                -70.40042114102158,
                -52.749729154926456
              ],
              [
                -70.09986877585867,
                -52.90764236586301
              ],
              [
                -70.44445800762313,
                -53.01277923477288
              ],
              [
                -70.44667053362623,
                -53.3680572513781
              ],
              [
                -69.35195159929671,
                -53.35889434653947
              ],
              [
                -70.16389465289514,
                -53.752502439945715
              ],
              [
                -70.06320190333392,
                -54.0883369431148
              ],
              [
                -68.99487304710385,
                -54.467643737988375
              ],
              [
                -69.85917663462268,
                -54.283058165022446
              ],
              [
                -69.7736206069417,
                -54.55611419788088
              ],
              [
                -70.05528259104891,
                -54.249168396916474
              ],
              [
                -70.13917541445362,
                -54.427780152840796
              ],
              [
                -70.88027953997279,
                -54.13389587554627
              ],
              [
                -70.13445281831004,
                -54.543472289452275
              ],
              [
                -70.57352447576797,
                -54.43600463760764
              ],
              [
                -70.7541809094877,
                -54.59472656213043
              ],
              [
                -70.85501098684166,
                -54.32194519189471
              ],
              [
                -70.96778869476023,
                -54.47264098971745
              ],
              [
                -71.60264587243648,
                -54.40694809071388
              ],
              [
                -71.6752929679664,
                -54.576950074180004
              ],
              [
                -71.98959350631877,
                -54.45402908193806
              ],
              [
                -71.96778106822572,
                -54.64326858539189
              ],
              [
                -71.33570098793102,
                -54.522918700601686
              ],
              [
                -70.89674377323256,
                -54.74221038712287
              ],
              [
                -70.46444702157666,
                -54.62528228630221
              ],
              [
                -70.62806701527653,
                -54.8069458022308
              ],
              [
                -70.24612426850497,
                -54.85861206180581
              ],
              [
                -69.06695556773671,
                -54.950836180873786
              ],
              [
                -68.63583373946013,
                -54.78833770862362
              ],
              [
                -66.44612121521558,
                -55.05167389009079
              ]
            ]
          ],
          [
            [
              [
                -73.12667846650186,
                -53.372779845997044
              ],
              [
                -74.70167541481658,
                -52.71972656216327
              ],
              [
                -74.32611846944195,
                -53.09389114341776
              ],
              [
                -73.12667846650186,
                -53.372779845997044
              ]
            ]
          ]
        ]
      },
      "properties": {
        "SIGLA": "SAM",
        "NOME": "América do Sul",
        "PORCENTAGE": 65.2,
        "TONELADAS": 155600
      }
    }
  ]
}